{
  "type": "FeatureCollection",
  "features": [
    {
      "type": "Feature",
      "geometry": {
        "type": "LineString",
        "coordinates": [
          [
            77.75386,
            12.98721
          ],
          [
            77.75418,
            12.98792
          ],
          [
            77.75427,
            12.98814
          ],
          [
            77.75478,
            12.98936
          ],
          [
            77.75489,
            12.98965
          ],
          [
            77.75502,
            12.9899
          ],
          [
            77.75515,
            12.99011
          ],
          [
            77.75527,
            12.99029
          ],
          [
            77.7554,
            12.99047
          ],
          [
            77.7564,
            12.99179
          ],
          [
            77.75678,
            12.99228
          ],
          [
            77.75686,
            12.99241
          ],
          [
            77.75693,
            12.99253
          ],
          [
            77.75699,
            12.99261
          ],
          [
            77.75705,
            12.99274
          ],
          [
            77.7571,
            12.99285
          ],
          [
            77.75715,
            12.99299
          ],
          [
            77.75746,
            12.99399
          ],
          [
            77.75751,
            12.99416
          ],
          [
            77.75782,
            12.99519
          ],
          [
            77.7581,
            12.99622
          ],
          [
            77.75386,
            12.98721
          ],
          [
            77.75367,
            12.98673
          ],
          [
            77.75331,
            12.98589
          ],
          [
            77.7531,
            12.98536
          ],
          [
            77.75292,
            12.98504
          ],
          [
            77.75278,
            12.98485
          ],
          [
            77.75264,
            12.98469
          ],
          [
            77.75249,
            12.98456
          ],
          [
            77.75234,
            12.98446
          ],
          [
            77.75217,
            12.98437
          ],
          [
            77.75204,
            12.98431
          ],
          [
            77.75187,
            12.98425
          ],
          [
            77.75171,
            12.9842
          ],
          [
            77.75155,
            12.98418
          ],
          [
            77.7514,
            12.98417
          ],
          [
            77.75126,
            12.98418
          ],
          [
            77.75109,
            12.9842
          ],
          [
            77.75092,
            12.98423
          ],
          [
            77.74987,
            12.9846
          ],
          [
            77.74898,
            12.98491
          ],
          [
            77.74814,
            12.9852
          ],
          [
            77.74701,
            12.98562
          ],
          [
            77.74657,
            12.98579
          ],
          [
            77.74583,
            12.98608
          ],
          [
            77.74551,
            12.98619
          ],
          [
            77.74528,
            12.98626
          ],
          [
            77.74393,
            12.98661
          ],
          [
            77.74031,
            12.98753
          ],
          [
            77.74014,
            12.98757
          ],
          [
            77.74006,
            12.98757
          ],
          [
            77.73996,
            12.98758
          ],
          [
            77.73921,
            12.9876
          ],
          [
            77.73882,
            12.98759
          ],
          [
            77.7381,
            12.98759
          ],
          [
            77.73725,
            12.98759
          ],
          [
            77.737,
            12.98759
          ],
          [
            77.73666,
            12.98759
          ],
          [
            77.73584,
            12.98759
          ],
          [
            77.73554,
            12.98761
          ],
          [
            77.73529,
            12.98764
          ],
          [
            77.73497,
            12.98768
          ],
          [
            77.73396,
            12.98784
          ],
          [
            77.73359,
            12.98789
          ],
          [
            77.73344,
            12.98789
          ],
          [
            77.73331,
            12.98788
          ],
          [
            77.73315,
            12.98784
          ],
          [
            77.73297,
            12.98777
          ],
          [
            77.73289,
            12.98772
          ],
          [
            77.7328,
            12.98767
          ],
          [
            77.7327,
            12.9876
          ],
          [
            77.73251,
            12.98741
          ],
          [
            77.73217,
            12.98692
          ],
          [
            77.73208,
            12.98681
          ],
          [
            77.73195,
            12.98668
          ],
          [
            77.73187,
            12.9866
          ],
          [
            77.73171,
            12.98648
          ],
          [
            77.73149,
            12.98635
          ],
          [
            77.73061,
            12.98584
          ],
          [
            77.73043,
            12.98572
          ],
          [
            77.73023,
            12.98558
          ],
          [
            77.72999,
            12.98536
          ],
          [
            77.72973,
            12.98508
          ],
          [
            77.72952,
            12.98485
          ],
          [
            77.72904,
            12.98428
          ],
          [
            77.7287,
            12.98386
          ],
          [
            77.72848,
            12.98357
          ],
          [
            77.72828,
            12.98327
          ],
          [
            77.7281,
            12.98293
          ],
          [
            77.72789,
            12.98243
          ],
          [
            77.72783,
            12.98222
          ],
          [
            77.72778,
            12.982
          ],
          [
            77.72768,
            12.98157
          ],
          [
            77.72755,
            12.98102
          ],
          [
            77.7275,
            12.98073
          ],
          [
            77.72743,
            12.98035
          ],
          [
            77.72739,
            12.98016
          ],
          [
            77.72736,
            12.97999
          ],
          [
            77.72733,
            12.97969
          ],
          [
            77.72733,
            12.97955
          ],
          [
            77.72734,
            12.97934
          ],
          [
            77.72737,
            12.97881
          ],
          [
            77.72738,
            12.97859
          ],
          [
            77.72737,
            12.97836
          ],
          [
            77.72736,
            12.97804
          ],
          [
            77.72734,
            12.97747
          ],
          [
            77.72732,
            12.97735
          ],
          [
            77.72729,
            12.97723
          ],
          [
            77.72726,
            12.97714
          ],
          [
            77.72719,
            12.97702
          ],
          [
            77.72713,
            12.97693
          ],
          [
            77.72707,
            12.97685
          ],
          [
            77.72699,
            12.97677
          ],
          [
            77.72692,
            12.97671
          ],
          [
            77.72686,
            12.97666
          ],
          [
            77.72679,
            12.97662
          ],
          [
            77.72671,
            12.97658
          ],
          [
            77.72659,
            12.97653
          ],
          [
            77.72648,
            12.97649
          ],
          [
            77.72637,
            12.97647
          ],
          [
            77.72625,
            12.97646
          ],
          [
            77.72611,
            12.97646
          ],
          [
            77.72559,
            12.97651
          ],
          [
            77.72435,
            12.97661
          ],
          [
            77.72359,
            12.9767
          ],
          [
            77.72326,
            12.97674
          ],
          [
            77.72317,
            12.97676
          ],
          [
            77.72308,
            12.97677
          ],
          [
            77.72295,
            12.9768
          ],
          [
            77.72281,
            12.97683
          ],
          [
            77.72266,
            12.97685
          ],
          [
            77.72165,
            12.97695
          ],
          [
            77.71984,
            12.97715
          ],
          [
            77.71859,
            12.97726
          ],
          [
            77.71752,
            12.97733
          ],
          [
            77.71667,
            12.9774
          ],
          [
            77.71634,
            12.97744
          ],
          [
            77.7158,
            12.97753
          ],
          [
            77.71506,
            12.97763
          ],
          [
            77.71491,
            12.97766
          ],
          [
            77.71451,
            12.97772
          ],
          [
            77.71317,
            12.9779
          ],
          [
            77.71233,
            12.978
          ],
          [
            77.71203,
            12.97804
          ],
          [
            77.7112,
            12.97815
          ],
          [
            77.71074,
            12.9782
          ],
          [
            77.71045,
            12.97821
          ],
          [
            77.71029,
            12.97823
          ],
          [
            77.7102,
            12.97825
          ],
          [
            77.71004,
            12.97831
          ],
          [
            77.70991,
            12.97835
          ],
          [
            77.70976,
            12.97843
          ],
          [
            77.70961,
            12.97853
          ],
          [
            77.70948,
            12.97868
          ],
          [
            77.70944,
            12.97874
          ],
          [
            77.70934,
            12.97892
          ],
          [
            77.70923,
            12.97919
          ],
          [
            77.70899,
            12.98002
          ],
          [
            77.70892,
            12.98029
          ],
          [
            77.70882,
            12.98065
          ],
          [
            77.70861,
            12.98137
          ],
          [
            77.70842,
            12.98206
          ],
          [
            77.7083,
            12.98263
          ],
          [
            77.70829,
            12.9828
          ],
          [
            77.70827,
            12.98293
          ],
          [
            77.70826,
            12.98305
          ],
          [
            77.70824,
            12.98363
          ],
          [
            77.70822,
            12.98412
          ],
          [
            77.70821,
            12.9843
          ],
          [
            77.70825,
            12.98469
          ],
          [
            77.70827,
            12.98494
          ],
          [
            77.70829,
            12.98523
          ],
          [
            77.70834,
            12.98555
          ],
          [
            77.7084,
            12.98582
          ],
          [
            77.70853,
            12.98619
          ],
          [
            77.70866,
            12.98651
          ],
          [
            77.709,
            12.98712
          ],
          [
            77.70913,
            12.98733
          ],
          [
            77.70926,
            12.98753
          ],
          [
            77.7095,
            12.98775
          ],
          [
            77.70968,
            12.9879
          ],
          [
            77.70991,
            12.98804
          ],
          [
            77.71042,
            12.98831
          ],
          [
            77.71132,
            12.98882
          ],
          [
            77.71184,
            12.98913
          ],
          [
            77.71225,
            12.98937
          ],
          [
            77.71281,
            12.98969
          ],
          [
            77.71327,
            12.98998
          ],
          [
            77.71356,
            12.99016
          ],
          [
            77.71372,
            12.99029
          ],
          [
            77.71383,
            12.99046
          ],
          [
            77.71389,
            12.99061
          ],
          [
            77.7139,
            12.99072
          ],
          [
            77.71391,
            12.99084
          ],
          [
            77.71391,
            12.99099
          ],
          [
            77.7139,
            12.99116
          ],
          [
            77.71389,
            12.99135
          ],
          [
            77.71382,
            12.99147
          ],
          [
            77.71366,
            12.99176
          ],
          [
            77.71354,
            12.99187
          ],
          [
            77.71336,
            12.99198
          ],
          [
            77.71279,
            12.99223
          ],
          [
            77.7121,
            12.99245
          ],
          [
            77.71159,
            12.99261
          ],
          [
            77.71124,
            12.99268
          ],
          [
            77.7108,
            12.99279
          ],
          [
            77.71058,
            12.99281
          ],
          [
            77.71037,
            12.99281
          ],
          [
            77.71004,
            12.99281
          ],
          [
            77.70942,
            12.99282
          ],
          [
            77.70859,
            12.99286
          ],
          [
            77.70752,
            12.9929
          ],
          [
            77.70689,
            12.99293
          ],
          [
            77.70606,
            12.99297
          ],
          [
            77.70561,
            12.99298
          ],
          [
            77.70522,
            12.99302
          ],
          [
            77.70478,
            12.99311
          ],
          [
            77.70447,
            12.99319
          ],
          [
            77.70424,
            12.99326
          ],
          [
            77.70372,
            12.99341
          ],
          [
            77.70363,
            12.99343
          ],
          [
            77.7033,
            12.99352
          ],
          [
            77.703,
            12.99359
          ],
          [
            77.70266,
            12.99368
          ],
          [
            77.70211,
            12.99383
          ],
          [
            77.70159,
            12.99399
          ],
          [
            77.70135,
            12.99405
          ],
          [
            77.70066,
            12.99421
          ],
          [
            77.70022,
            12.99431
          ],
          [
            77.70001,
            12.99436
          ],
          [
            77.69917,
            12.99463
          ],
          [
            77.69885,
            12.99475
          ],
          [
            77.6982,
            12.99499
          ],
          [
            77.69808,
            12.99504
          ],
          [
            77.69792,
            12.99508
          ],
          [
            77.69699,
            12.99523
          ],
          [
            77.69588,
            12.99536
          ],
          [
            77.69555,
            12.99541
          ],
          [
            77.69523,
            12.9955
          ],
          [
            77.69471,
            12.99573
          ],
          [
            77.69452,
            12.99582
          ],
          [
            77.69371,
            12.99617
          ],
          [
            77.69215,
            12.9967
          ],
          [
            77.69148,
            12.99695
          ],
          [
            77.69074,
            12.99728
          ],
          [
            77.69038,
            12.99746
          ],
          [
            77.68949,
            12.9979
          ],
          [
            77.68887,
            12.99822
          ],
          [
            77.68863,
            12.99845
          ],
          [
            77.68816,
            12.99893
          ],
          [
            77.68789,
            12.99924
          ],
          [
            77.68766,
            12.99945
          ],
          [
            77.68724,
            12.99975
          ],
          [
            77.687,
            12.99991
          ],
          [
            77.68682,
            13.00002
          ],
          [
            77.68672,
            13.00008
          ],
          [
            77.68656,
            13.00014
          ],
          [
            77.68636,
            13.00019
          ],
          [
            77.6862,
            13.00021
          ],
          [
            77.68548,
            13.00027
          ],
          [
            77.68455,
            13.00033
          ],
          [
            77.68382,
            13.00036
          ],
          [
            77.68295,
            13.00035
          ],
          [
            77.6826,
            13.00036
          ],
          [
            77.68242,
            13.00037
          ],
          [
            77.68197,
            13.00039
          ],
          [
            77.68187,
            13.00039
          ],
          [
            77.68178,
            13.00038
          ],
          [
            77.68161,
            13.00035
          ],
          [
            77.68138,
            13.00026
          ],
          [
            77.68117,
            13.00019
          ],
          [
            77.68086,
            13.00011
          ],
          [
            77.68063,
            13.00007
          ],
          [
            77.68031,
            13.00003
          ],
          [
            77.67991,
            12.99998
          ],
          [
            77.67915,
            12.99993
          ],
          [
            77.67825,
            12.99989
          ],
          [
            77.67784,
            12.99988
          ],
          [
            77.67738,
            12.99986
          ],
          [
            77.67683,
            12.99985
          ],
          [
            77.67664,
            12.99984
          ],
          [
            77.67652,
            12.99983
          ],
          [
            77.67637,
            12.99981
          ],
          [
            77.67621,
            12.99976
          ],
          [
            77.67602,
            12.99968
          ],
          [
            77.67547,
            12.99943
          ],
          [
            77.67525,
            12.99932
          ],
          [
            77.67495,
            12.99919
          ],
          [
            77.67455,
            12.99898
          ],
          [
            77.67431,
            12.99887
          ],
          [
            77.67394,
            12.99869
          ],
          [
            77.67363,
            12.99854
          ],
          [
            77.67324,
            12.99835
          ],
          [
            77.67273,
            12.9981
          ],
          [
            77.67255,
            12.99801
          ],
          [
            77.67222,
            12.99785
          ],
          [
            77.67207,
            12.99777
          ],
          [
            77.67181,
            12.99765
          ],
          [
            77.67134,
            12.99742
          ],
          [
            77.67089,
            12.9972
          ],
          [
            77.67041,
            12.99698
          ],
          [
            77.67027,
            12.99694
          ],
          [
            77.67016,
            12.99693
          ],
          [
            77.67007,
            12.99693
          ],
          [
            77.66997,
            12.99692
          ],
          [
            77.66988,
            12.99693
          ],
          [
            77.66974,
            12.99692
          ],
          [
            77.66962,
            12.9969
          ],
          [
            77.66949,
            12.99687
          ],
          [
            77.66932,
            12.99682
          ],
          [
            77.6691,
            12.99676
          ],
          [
            77.66894,
            12.99671
          ],
          [
            77.66882,
            12.99665
          ],
          [
            77.66865,
            12.99657
          ],
          [
            77.66848,
            12.9965
          ],
          [
            77.66819,
            12.99636
          ],
          [
            77.66793,
            12.99624
          ],
          [
            77.66743,
            12.99603
          ],
          [
            77.66663,
            12.99573
          ],
          [
            77.66625,
            12.99561
          ],
          [
            77.6659,
            12.9955
          ],
          [
            77.66549,
            12.99539
          ],
          [
            77.66535,
            12.99536
          ],
          [
            77.66519,
            12.99533
          ],
          [
            77.66503,
            12.9953
          ],
          [
            77.66485,
            12.99528
          ],
          [
            77.66464,
            12.99527
          ],
          [
            77.66444,
            12.99527
          ],
          [
            77.66424,
            12.99527
          ],
          [
            77.66404,
            12.99529
          ],
          [
            77.66396,
            12.9953
          ],
          [
            77.66346,
            12.99539
          ],
          [
            77.66338,
            12.99541
          ],
          [
            77.66335,
            12.99541
          ],
          [
            77.66306,
            12.99549
          ],
          [
            77.66286,
            12.99554
          ],
          [
            77.66274,
            12.99556
          ],
          [
            77.66263,
            12.99557
          ],
          [
            77.66251,
            12.99558
          ],
          [
            77.66232,
            12.99559
          ],
          [
            77.66214,
            12.99558
          ],
          [
            77.662,
            12.99557
          ],
          [
            77.66187,
            12.99556
          ],
          [
            77.66176,
            12.99554
          ],
          [
            77.66158,
            12.9955
          ],
          [
            77.66142,
            12.99545
          ],
          [
            77.66132,
            12.99542
          ],
          [
            77.66114,
            12.99535
          ],
          [
            77.66094,
            12.99526
          ],
          [
            77.66035,
            12.99496
          ],
          [
            77.65976,
            12.99465
          ],
          [
            77.65908,
            12.99431
          ],
          [
            77.65801,
            12.9937
          ],
          [
            77.65715,
            12.99321
          ],
          [
            77.65691,
            12.99308
          ],
          [
            77.6566,
            12.9929
          ],
          [
            77.65637,
            12.99275
          ],
          [
            77.65612,
            12.99259
          ],
          [
            77.656,
            12.99252
          ],
          [
            77.65587,
            12.99241
          ],
          [
            77.65573,
            12.9923
          ],
          [
            77.65554,
            12.99215
          ],
          [
            77.65539,
            12.99199
          ],
          [
            77.65514,
            12.99175
          ],
          [
            77.65488,
            12.99152
          ],
          [
            77.65479,
            12.99144
          ],
          [
            77.65469,
            12.99138
          ],
          [
            77.65459,
            12.99132
          ],
          [
            77.65446,
            12.99126
          ],
          [
            77.65431,
            12.99121
          ],
          [
            77.65412,
            12.99115
          ],
          [
            77.6538,
            12.99106
          ],
          [
            77.65362,
            12.99101
          ],
          [
            77.65316,
            12.99088
          ],
          [
            77.65305,
            12.99085
          ],
          [
            77.65239,
            12.99067
          ],
          [
            77.65118,
            12.99034
          ],
          [
            77.65063,
            12.99019
          ],
          [
            77.6504,
            12.99012
          ],
          [
            77.64998,
            12.99001
          ],
          [
            77.64974,
            12.98994
          ],
          [
            77.6496,
            12.9899
          ],
          [
            77.64948,
            12.98986
          ],
          [
            77.64937,
            12.98981
          ],
          [
            77.64927,
            12.98976
          ],
          [
            77.64918,
            12.9897
          ],
          [
            77.64911,
            12.98965
          ],
          [
            77.64904,
            12.98959
          ],
          [
            77.64897,
            12.98952
          ],
          [
            77.6489,
            12.98944
          ],
          [
            77.64884,
            12.98936
          ],
          [
            77.64879,
            12.98928
          ],
          [
            77.64875,
            12.9892
          ],
          [
            77.64871,
            12.98913
          ],
          [
            77.64867,
            12.98904
          ],
          [
            77.64864,
            12.98896
          ],
          [
            77.64862,
            12.98889
          ],
          [
            77.64837,
            12.98805
          ],
          [
            77.64833,
            12.98794
          ],
          [
            77.6483,
            12.98785
          ],
          [
            77.64826,
            12.98777
          ],
          [
            77.64822,
            12.9877
          ],
          [
            77.64818,
            12.98762
          ],
          [
            77.64813,
            12.98755
          ],
          [
            77.64808,
            12.98747
          ],
          [
            77.64803,
            12.98741
          ],
          [
            77.64786,
            12.98718
          ],
          [
            77.6476,
            12.98701
          ],
          [
            77.64734,
            12.98687
          ],
          [
            77.64625,
            12.98646
          ],
          [
            77.64552,
            12.98615
          ],
          [
            77.64491,
            12.98591
          ],
          [
            77.64339,
            12.98531
          ],
          [
            77.64266,
            12.98502
          ],
          [
            77.64129,
            12.98447
          ],
          [
            77.64106,
            12.98435
          ],
          [
            77.64091,
            12.98419
          ],
          [
            77.64077,
            12.98405
          ],
          [
            77.64067,
            12.98384
          ],
          [
            77.64063,
            12.98368
          ],
          [
            77.6406,
            12.9835
          ],
          [
            77.64062,
            12.98293
          ],
          [
            77.64078,
            12.98
          ],
          [
            77.64081,
            12.9795
          ],
          [
            77.6408,
            12.9793
          ],
          [
            77.64077,
            12.9791
          ],
          [
            77.64064,
            12.97883
          ],
          [
            77.64051,
            12.97867
          ],
          [
            77.64038,
            12.97856
          ],
          [
            77.64019,
            12.97843
          ],
          [
            77.63998,
            12.97836
          ],
          [
            77.6397,
            12.97833
          ],
          [
            77.63866,
            12.97831
          ],
          [
            77.63775,
            12.97828
          ],
          [
            77.63294,
            12.97813
          ],
          [
            77.63265,
            12.97813
          ],
          [
            77.62944,
            12.97843
          ],
          [
            77.62917,
            12.97845
          ],
          [
            77.62898,
            12.97843
          ],
          [
            77.62881,
            12.97836
          ],
          [
            77.62861,
            12.97825
          ],
          [
            77.62838,
            12.97812
          ],
          [
            77.62808,
            12.97794
          ],
          [
            77.62776,
            12.97775
          ],
          [
            77.62749,
            12.97754
          ],
          [
            77.62726,
            12.97732
          ],
          [
            77.62671,
            12.97649
          ],
          [
            77.62641,
            12.97608
          ],
          [
            77.62621,
            12.97583
          ],
          [
            77.62605,
            12.9756
          ],
          [
            77.62588,
            12.97542
          ],
          [
            77.62529,
            12.97501
          ],
          [
            77.62495,
            12.97478
          ],
          [
            77.6225,
            12.9733
          ],
          [
            77.62205,
            12.97309
          ],
          [
            77.62171,
            12.97296
          ],
          [
            77.62133,
            12.97283
          ],
          [
            77.62085,
            12.97272
          ],
          [
            77.62059,
            12.97269
          ],
          [
            77.62026,
            12.97266
          ],
          [
            77.61999,
            12.97264
          ],
          [
            77.61959,
            12.97262
          ],
          [
            77.61912,
            12.9726
          ],
          [
            77.61883,
            12.97262
          ],
          [
            77.61861,
            12.97264
          ],
          [
            77.61841,
            12.97268
          ],
          [
            77.61701,
            12.97299
          ],
          [
            77.61274,
            12.97397
          ],
          [
            77.61237,
            12.97408
          ],
          [
            77.61191,
            12.9742
          ],
          [
            77.61157,
            12.97428
          ],
          [
            77.61129,
            12.97435
          ],
          [
            77.60925,
            12.97483
          ],
          [
            77.60886,
            12.97493
          ],
          [
            77.6085,
            12.97505
          ],
          [
            77.60824,
            12.97514
          ],
          [
            77.60798,
            12.97521
          ],
          [
            77.6063,
            12.97563
          ],
          [
            77.60565,
            12.97578
          ],
          [
            77.6053,
            12.97587
          ],
          [
            77.60502,
            12.97593
          ],
          [
            77.60302,
            12.9764
          ],
          [
            77.6026,
            12.9765
          ],
          [
            77.60236,
            12.97656
          ],
          [
            77.60215,
            12.97665
          ],
          [
            77.6019,
            12.9768
          ],
          [
            77.60173,
            12.97694
          ],
          [
            77.60155,
            12.97722
          ],
          [
            77.60139,
            12.97757
          ],
          [
            77.60094,
            12.97882
          ],
          [
            77.6008,
            12.9791
          ],
          [
            77.60068,
            12.97927
          ],
          [
            77.60056,
            12.97944
          ],
          [
            77.60043,
            12.97961
          ],
          [
            77.60033,
            12.97974
          ],
          [
            77.60022,
            12.97985
          ],
          [
            77.60007,
            12.97998
          ],
          [
            77.59992,
            12.98007
          ],
          [
            77.59975,
            12.98014
          ],
          [
            77.59863,
            12.98057
          ],
          [
            77.59841,
            12.98066
          ],
          [
            77.59756,
            12.9809
          ],
          [
            77.59667,
            12.98122
          ],
          [
            77.59632,
            12.98135
          ],
          [
            77.59598,
            12.98144
          ],
          [
            77.59571,
            12.98151
          ],
          [
            77.59553,
            12.98154
          ],
          [
            77.59545,
            12.98156
          ],
          [
            77.59517,
            12.98159
          ],
          [
            77.59487,
            12.98158
          ],
          [
            77.5947,
            12.98153
          ],
          [
            77.59455,
            12.98148
          ],
          [
            77.59411,
            12.98123
          ],
          [
            77.59376,
            12.98098
          ],
          [
            77.59324,
            12.98058
          ],
          [
            77.592,
            12.97896
          ],
          [
            77.59111,
            12.97797
          ],
          [
            77.59083,
            12.97776
          ],
          [
            77.59063,
            12.97763
          ],
          [
            77.59031,
            12.97747
          ],
          [
            77.58789,
            12.97619
          ],
          [
            77.58723,
            12.97591
          ],
          [
            77.58655,
            12.97564
          ],
          [
            77.58646,
            12.9756
          ],
          [
            77.58518,
            12.97504
          ],
          [
            77.58499,
            12.97495
          ],
          [
            77.58423,
            12.9745
          ],
          [
            77.58289,
            12.97373
          ],
          [
            77.58236,
            12.97343
          ],
          [
            77.58198,
            12.97321
          ],
          [
            77.58175,
            12.97311
          ],
          [
            77.58155,
            12.97301
          ],
          [
            77.58137,
            12.97298
          ],
          [
            77.58115,
            12.97298
          ],
          [
            77.58088,
            12.97306
          ],
          [
            77.58039,
            12.97331
          ],
          [
            77.57811,
            12.97432
          ],
          [
            77.57612,
            12.97513
          ],
          [
            77.57571,
            12.97524
          ],
          [
            77.5746,
            12.97546
          ],
          [
            77.57412,
            12.97557
          ],
          [
            77.57281,
            12.97567
          ],
          [
            77.57129,
            12.97579
          ],
          [
            77.57029,
            12.9759
          ],
          [
            77.56912,
            12.97598
          ],
          [
            77.56691,
            12.97598
          ],
          [
            77.56672,
            12.97597
          ],
          [
            77.56594,
            12.9759
          ],
          [
            77.56538,
            12.97586
          ],
          [
            77.56516,
            12.97583
          ],
          [
            77.56341,
            12.97564
          ],
          [
            77.56297,
            12.97561
          ],
          [
            77.56267,
            12.97559
          ],
          [
            77.56232,
            12.9756
          ],
          [
            77.56173,
            12.97567
          ],
          [
            77.56113,
            12.9757
          ],
          [
            77.56063,
            12.97572
          ],
          [
            77.56038,
            12.97575
          ],
          [
            77.56006,
            12.97577
          ],
          [
            77.55967,
            12.97577
          ],
          [
            77.55919,
            12.97578
          ],
          [
            77.55893,
            12.97578
          ],
          [
            77.55854,
            12.97576
          ],
          [
            77.55818,
            12.97574
          ],
          [
            77.55776,
            12.97571
          ],
          [
            77.55755,
            12.9757
          ],
          [
            77.55721,
            12.97568
          ],
          [
            77.55688,
            12.97565
          ],
          [
            77.5565,
            12.97564
          ],
          [
            77.55621,
            12.97563
          ],
          [
            77.55591,
            12.97562
          ],
          [
            77.55564,
            12.97562
          ],
          [
            77.55536,
            12.97561
          ],
          [
            77.55494,
            12.97559
          ],
          [
            77.55465,
            12.97558
          ],
          [
            77.55424,
            12.97557
          ],
          [
            77.55382,
            12.97556
          ],
          [
            77.55354,
            12.97553
          ],
          [
            77.55338,
            12.97551
          ],
          [
            77.55316,
            12.97546
          ],
          [
            77.55298,
            12.97539
          ],
          [
            77.55276,
            12.97529
          ],
          [
            77.55258,
            12.97517
          ],
          [
            77.55241,
            12.97507
          ],
          [
            77.55221,
            12.97492
          ],
          [
            77.55142,
            12.9743
          ],
          [
            77.55095,
            12.97394
          ],
          [
            77.55074,
            12.97382
          ],
          [
            77.55055,
            12.97377
          ],
          [
            77.55039,
            12.97375
          ],
          [
            77.55021,
            12.97376
          ],
          [
            77.55004,
            12.97379
          ],
          [
            77.5499,
            12.97383
          ],
          [
            77.54977,
            12.97389
          ],
          [
            77.54958,
            12.97402
          ],
          [
            77.54928,
            12.97421
          ],
          [
            77.54905,
            12.97433
          ],
          [
            77.54889,
            12.97442
          ],
          [
            77.54873,
            12.97445
          ],
          [
            77.54854,
            12.97449
          ],
          [
            77.54838,
            12.9745
          ],
          [
            77.54826,
            12.97449
          ],
          [
            77.54808,
            12.97446
          ],
          [
            77.54788,
            12.97441
          ],
          [
            77.54774,
            12.97437
          ],
          [
            77.54756,
            12.97432
          ],
          [
            77.54736,
            12.97427
          ],
          [
            77.54711,
            12.97421
          ],
          [
            77.54682,
            12.97418
          ],
          [
            77.54664,
            12.97417
          ],
          [
            77.54562,
            12.97417
          ],
          [
            77.54456,
            12.97418
          ],
          [
            77.54407,
            12.97414
          ],
          [
            77.54339,
            12.97406
          ],
          [
            77.54182,
            12.97374
          ],
          [
            77.53941,
            12.97324
          ],
          [
            77.5389,
            12.9731
          ],
          [
            77.5386,
            12.97293
          ],
          [
            77.53838,
            12.97276
          ],
          [
            77.53821,
            12.97259
          ],
          [
            77.53803,
            12.97236
          ],
          [
            77.53791,
            12.97218
          ],
          [
            77.53782,
            12.972
          ],
          [
            77.53773,
            12.97177
          ],
          [
            77.53743,
            12.97094
          ],
          [
            77.53699,
            12.96966
          ],
          [
            77.53688,
            12.96935
          ],
          [
            77.53672,
            12.96886
          ],
          [
            77.53646,
            12.96817
          ],
          [
            77.53622,
            12.96758
          ],
          [
            77.53595,
            12.967
          ],
          [
            77.53537,
            12.96584
          ],
          [
            77.53359,
            12.96186
          ],
          [
            77.53336,
            12.96122
          ],
          [
            77.53319,
            12.96081
          ],
          [
            77.53314,
            12.96058
          ],
          [
            77.5331,
            12.96036
          ],
          [
            77.53309,
            12.96016
          ],
          [
            77.53313,
            12.95995
          ],
          [
            77.53323,
            12.95965
          ],
          [
            77.5334,
            12.95921
          ],
          [
            77.53377,
            12.95834
          ],
          [
            77.53391,
            12.95806
          ],
          [
            77.53413,
            12.95758
          ],
          [
            77.53435,
            12.95702
          ],
          [
            77.53442,
            12.95672
          ],
          [
            77.53453,
            12.95623
          ],
          [
            77.53466,
            12.95572
          ],
          [
            77.53475,
            12.95541
          ],
          [
            77.53485,
            12.9552
          ],
          [
            77.53497,
            12.95501
          ],
          [
            77.53641,
            12.95355
          ],
          [
            77.53659,
            12.95334
          ],
          [
            77.53664,
            12.95326
          ],
          [
            77.5367,
            12.95315
          ],
          [
            77.53704,
            12.95205
          ],
          [
            77.5372,
            12.95156
          ],
          [
            77.53734,
            12.95119
          ],
          [
            77.53737,
            12.95106
          ],
          [
            77.53737,
            12.95104
          ],
          [
            77.53739,
            12.95086
          ],
          [
            77.53738,
            12.95064
          ],
          [
            77.53734,
            12.95045
          ],
          [
            77.53729,
            12.95028
          ],
          [
            77.53716,
            12.95002
          ],
          [
            77.53695,
            12.94976
          ],
          [
            77.53634,
            12.94919
          ],
          [
            77.53603,
            12.94893
          ],
          [
            77.53499,
            12.94829
          ],
          [
            77.53477,
            12.94817
          ],
          [
            77.53444,
            12.94805
          ],
          [
            77.53413,
            12.94796
          ],
          [
            77.53267,
            12.94757
          ],
          [
            77.5309,
            12.94702
          ],
          [
            77.53009,
            12.94666
          ],
          [
            77.52927,
            12.94629
          ],
          [
            77.52899,
            12.94612
          ],
          [
            77.52876,
            12.94598
          ],
          [
            77.52834,
            12.94568
          ],
          [
            77.52797,
            12.94536
          ],
          [
            77.52776,
            12.94518
          ],
          [
            77.52754,
            12.94497
          ],
          [
            77.52732,
            12.94478
          ],
          [
            77.527,
            12.9444
          ],
          [
            77.52669,
            12.94402
          ],
          [
            77.52635,
            12.94341
          ],
          [
            77.52574,
            12.94259
          ],
          [
            77.52538,
            12.94203
          ],
          [
            77.52513,
            12.94166
          ],
          [
            77.52486,
            12.94118
          ],
          [
            77.52471,
            12.94093
          ],
          [
            77.5241,
            12.94008
          ],
          [
            77.52349,
            12.93943
          ],
          [
            77.52298,
            12.93895
          ],
          [
            77.52285,
            12.93887
          ],
          [
            77.52219,
            12.93842
          ],
          [
            77.52176,
            12.93815
          ],
          [
            77.52146,
            12.93788
          ],
          [
            77.52117,
            12.93754
          ],
          [
            77.52091,
            12.93721
          ],
          [
            77.52058,
            12.93695
          ],
          [
            77.51967,
            12.93664
          ],
          [
            77.51902,
            12.93639
          ],
          [
            77.51884,
            12.93634
          ],
          [
            77.51869,
            12.93631
          ],
          [
            77.51853,
            12.93628
          ],
          [
            77.51836,
            12.93627
          ],
          [
            77.51808,
            12.93629
          ],
          [
            77.51789,
            12.93629
          ],
          [
            77.51766,
            12.93629
          ],
          [
            77.51745,
            12.93629
          ],
          [
            77.51725,
            12.93629
          ],
          [
            77.51721,
            12.93629
          ],
          [
            77.51702,
            12.93628
          ],
          [
            77.51678,
            12.93626
          ],
          [
            77.51655,
            12.93623
          ],
          [
            77.51551,
            12.93609
          ],
          [
            77.5151,
            12.93606
          ],
          [
            77.51424,
            12.93601
          ],
          [
            77.51384,
            12.93593
          ],
          [
            77.51351,
            12.9358
          ],
          [
            77.51283,
            12.93554
          ],
          [
            77.51242,
            12.9354
          ],
          [
            77.51155,
            12.93513
          ],
          [
            77.51105,
            12.93492
          ],
          [
            77.51076,
            12.9347
          ],
          [
            77.51054,
            12.93446
          ],
          [
            77.50875,
            12.93283
          ],
          [
            77.50858,
            12.93267
          ],
          [
            77.50845,
            12.93254
          ],
          [
            77.50684,
            12.93145
          ],
          [
            77.50657,
            12.93124
          ],
          [
            77.50643,
            12.9311
          ],
          [
            77.50618,
            12.93063
          ],
          [
            77.50601,
            12.9303
          ],
          [
            77.50579,
            12.92997
          ],
          [
            77.50554,
            12.92973
          ],
          [
            77.5053,
            12.92958
          ],
          [
            77.50507,
            12.92946
          ],
          [
            77.5043,
            12.92921
          ],
          [
            77.50402,
            12.92912
          ],
          [
            77.50392,
            12.92906
          ],
          [
            77.50343,
            12.92865
          ],
          [
            77.50302,
            12.92818
          ],
          [
            77.50253,
            12.92773
          ],
          [
            77.50094,
            12.92653
          ],
          [
            77.50029,
            12.92604
          ],
          [
            77.49921,
            12.92506
          ],
          [
            77.49837,
            12.92424
          ],
          [
            77.49809,
            12.92397
          ],
          [
            77.49759,
            12.92346
          ],
          [
            77.49729,
            12.92325
          ],
          [
            77.49684,
            12.92304
          ],
          [
            77.49608,
            12.92273
          ],
          [
            77.49444,
            12.92189
          ],
          [
            77.49392,
            12.92156
          ],
          [
            77.4937,
            12.92136
          ],
          [
            77.49353,
            12.92112
          ],
          [
            77.4934,
            12.92092
          ],
          [
            77.49284,
            12.92022
          ],
          [
            77.49258,
            12.91996
          ],
          [
            77.49205,
            12.91956
          ],
          [
            77.49152,
            12.91899
          ],
          [
            77.49126,
            12.91859
          ],
          [
            77.49069,
            12.91742
          ],
          [
            77.49045,
            12.91692
          ],
          [
            77.49013,
            12.91655
          ],
          [
            77.4897,
            12.9162
          ],
          [
            77.48927,
            12.91582
          ],
          [
            77.4891,
            12.91565
          ],
          [
            77.48882,
            12.91539
          ],
          [
            77.48832,
            12.91502
          ],
          [
            77.48786,
            12.91466
          ],
          [
            77.4873,
            12.91423
          ],
          [
            77.48631,
            12.91351
          ],
          [
            77.48594,
            12.91323
          ],
          [
            77.48554,
            12.91293
          ],
          [
            77.48538,
            12.91277
          ],
          [
            77.48525,
            12.91259
          ],
          [
            77.48507,
            12.91223
          ],
          [
            77.48494,
            12.91177
          ],
          [
            77.48478,
            12.91122
          ],
          [
            77.48476,
            12.91115
          ],
          [
            77.48472,
            12.91105
          ],
          [
            77.48467,
            12.91096
          ],
          [
            77.48462,
            12.91087
          ],
          [
            77.48456,
            12.91078
          ],
          [
            77.48449,
            12.9107
          ],
          [
            77.48441,
            12.91063
          ],
          [
            77.48433,
            12.91056
          ],
          [
            77.48424,
            12.9105
          ],
          [
            77.48415,
            12.91044
          ],
          [
            77.48406,
            12.9104
          ],
          [
            77.48396,
            12.91036
          ],
          [
            77.48386,
            12.91034
          ],
          [
            77.48376,
            12.91032
          ],
          [
            77.48365,
            12.9103
          ],
          [
            77.48355,
            12.9103
          ],
          [
            77.48344,
            12.9103
          ],
          [
            77.48334,
            12.91032
          ],
          [
            77.48266,
            12.91034
          ],
          [
            77.48251,
            12.91033
          ],
          [
            77.48247,
            12.91033
          ],
          [
            77.48236,
            12.91032
          ],
          [
            77.4822,
            12.9103
          ],
          [
            77.48205,
            12.91027
          ],
          [
            77.4819,
            12.91023
          ],
          [
            77.48176,
            12.91019
          ],
          [
            77.48161,
            12.91014
          ],
          [
            77.48146,
            12.91008
          ],
          [
            77.48132,
            12.91002
          ],
          [
            77.48118,
            12.90994
          ],
          [
            77.48104,
            12.90986
          ],
          [
            77.48091,
            12.90977
          ],
          [
            77.48078,
            12.90968
          ],
          [
            77.48065,
            12.90958
          ],
          [
            77.48054,
            12.90949
          ],
          [
            77.48042,
            12.90941
          ],
          [
            77.48022,
            12.90929
          ],
          [
            77.48009,
            12.90923
          ],
          [
            77.47999,
            12.90919
          ],
          [
            77.47899,
            12.90881
          ],
          [
            77.47881,
            12.90875
          ],
          [
            77.4787,
            12.90873
          ],
          [
            77.47822,
            12.90865
          ],
          [
            77.47805,
            12.90862
          ],
          [
            77.47789,
            12.90858
          ],
          [
            77.47773,
            12.90853
          ],
          [
            77.47759,
            12.90848
          ],
          [
            77.47746,
            12.90843
          ],
          [
            77.47732,
            12.90836
          ],
          [
            77.47659,
            12.9079
          ],
          [
            77.47598,
            12.90757
          ],
          [
            77.47582,
            12.90747
          ],
          [
            77.47572,
            12.90742
          ],
          [
            77.47565,
            12.90738
          ],
          [
            77.47549,
            12.90731
          ],
          [
            77.47535,
            12.90725
          ],
          [
            77.47489,
            12.90715
          ],
          [
            77.47395,
            12.90695
          ],
          [
            77.47382,
            12.90691
          ],
          [
            77.47369,
            12.90685
          ],
          [
            77.47357,
            12.90679
          ],
          [
            77.47346,
            12.90673
          ],
          [
            77.47335,
            12.90666
          ],
          [
            77.47325,
            12.90659
          ],
          [
            77.472,
            12.9056
          ],
          [
            77.47124,
            12.90506
          ],
          [
            77.47099,
            12.90485
          ],
          [
            77.47081,
            12.90463
          ],
          [
            77.47065,
            12.90437
          ],
          [
            77.46998,
            12.90328
          ],
          [
            77.4696,
            12.90266
          ],
          [
            77.46914,
            12.90217
          ],
          [
            77.46887,
            12.90198
          ],
          [
            77.46633,
            12.90061
          ],
          [
            77.46555,
            12.90014
          ],
          [
            77.46473,
            12.89958
          ],
          [
            77.46301,
            12.89849
          ],
          [
            77.46215,
            12.89794
          ],
          [
            77.46174,
            12.89768
          ],
          [
            77.46125,
            12.89729
          ],
          [
            77.461,
            12.89709
          ],
          [
            77.46066,
            12.89678
          ]
        ]
      },
      "properties": {
        "segment_id": "blr-purple-seg-01",
        "line_id": "blr-purple",
        "line_name": "Purple Line",
        "city_id": "bengaluru",
        "city": "Bengaluru",
        "operator": "BMRCL",
        "status": "operational",
        "phase": "1",
        "length_km": 44.6,
        "gauge": "standard",
        "inaugurated_on": "2011-10-20",
        "expected_completion": null,
        "stations_count": 37,
        "color": "#800080",
        "source": "osm",
        "references": [],
        "completion_unconfirmed": false,
        "last_verified": null,
        "retrieved_at": "2026-10-06",
        "geometry_quality": "exact"
      }
    },
    {
      "type": "Feature",
      "geometry": {
        "type": "LineString",
        "coordinates": [
          [
            77.53497,
            12.86708
          ],
          [
            77.5342,
            12.86607
          ],
          [
            77.53299,
            12.86452
          ],
          [
            77.53283,
            12.86434
          ],
          [
            77.53246,
            12.864
          ],
          [
            77.53205,
            12.86366
          ],
          [
            77.5314,
            12.86322
          ],
          [
            77.53078,
            12.86281
          ],
          [
            77.53046,
            12.86257
          ],
          [
            77.53023,
            12.86223
          ],
          [
            77.52991,
            12.86169
          ],
          [
            77.52978,
            12.86145
          ],
          [
            77.52944,
            12.86088
          ],
          [
            77.52928,
            12.86061
          ],
          [
            77.52921,
            12.86051
          ],
          [
            77.52917,
            12.86044
          ],
          [
            77.52908,
            12.86028
          ],
          [
            77.52854,
            12.85936
          ],
          [
            77.52796,
            12.85844
          ],
          [
            77.52765,
            12.85802
          ],
          [
            77.53497,
            12.86708
          ],
          [
            77.53655,
            12.86915
          ],
          [
            77.53669,
            12.86933
          ],
          [
            77.53781,
            12.87074
          ],
          [
            77.53836,
            12.87142
          ],
          [
            77.53885,
            12.87202
          ],
          [
            77.53978,
            12.87317
          ],
          [
            77.54004,
            12.87345
          ],
          [
            77.5403,
            12.8737
          ],
          [
            77.54066,
            12.87399
          ],
          [
            77.54095,
            12.87419
          ],
          [
            77.54125,
            12.87436
          ],
          [
            77.54233,
            12.87486
          ],
          [
            77.54289,
            12.87509
          ],
          [
            77.54338,
            12.87537
          ],
          [
            77.54362,
            12.87559
          ],
          [
            77.54388,
            12.87586
          ],
          [
            77.54413,
            12.87618
          ],
          [
            77.54437,
            12.87665
          ],
          [
            77.54475,
            12.87754
          ],
          [
            77.54555,
            12.87943
          ],
          [
            77.54647,
            12.88171
          ],
          [
            77.54677,
            12.88242
          ],
          [
            77.54696,
            12.88278
          ],
          [
            77.54706,
            12.88291
          ],
          [
            77.54719,
            12.88302
          ],
          [
            77.54743,
            12.88315
          ],
          [
            77.54773,
            12.88329
          ],
          [
            77.54807,
            12.88339
          ],
          [
            77.54959,
            12.88376
          ],
          [
            77.55034,
            12.88396
          ],
          [
            77.5511,
            12.88419
          ],
          [
            77.55275,
            12.88469
          ],
          [
            77.55289,
            12.88473
          ],
          [
            77.55406,
            12.88506
          ],
          [
            77.55491,
            12.88532
          ],
          [
            77.55597,
            12.8857
          ],
          [
            77.55622,
            12.88577
          ],
          [
            77.55685,
            12.88595
          ],
          [
            77.55772,
            12.88626
          ],
          [
            77.55796,
            12.88632
          ],
          [
            77.55905,
            12.88665
          ],
          [
            77.55927,
            12.88673
          ],
          [
            77.55992,
            12.88697
          ],
          [
            77.56038,
            12.88719
          ],
          [
            77.56119,
            12.88779
          ],
          [
            77.56149,
            12.88799
          ],
          [
            77.56177,
            12.88822
          ],
          [
            77.56266,
            12.88899
          ],
          [
            77.56345,
            12.88968
          ],
          [
            77.56358,
            12.88977
          ],
          [
            77.56399,
            12.89013
          ],
          [
            77.56442,
            12.89053
          ],
          [
            77.5645,
            12.89061
          ],
          [
            77.56554,
            12.89153
          ],
          [
            77.5661,
            12.89203
          ],
          [
            77.56669,
            12.89255
          ],
          [
            77.56745,
            12.89326
          ],
          [
            77.56818,
            12.89399
          ],
          [
            77.56848,
            12.89429
          ],
          [
            77.56874,
            12.89455
          ],
          [
            77.56891,
            12.89473
          ],
          [
            77.56918,
            12.89503
          ],
          [
            77.5695,
            12.8954
          ],
          [
            77.5701,
            12.89607
          ],
          [
            77.57078,
            12.89682
          ],
          [
            77.5712,
            12.89728
          ],
          [
            77.57134,
            12.89745
          ],
          [
            77.57161,
            12.89778
          ],
          [
            77.57251,
            12.89902
          ],
          [
            77.57271,
            12.89937
          ],
          [
            77.57283,
            12.89962
          ],
          [
            77.57288,
            12.8997
          ],
          [
            77.573,
            12.9001
          ],
          [
            77.57306,
            12.90029
          ],
          [
            77.57331,
            12.90118
          ],
          [
            77.57339,
            12.9015
          ],
          [
            77.57342,
            12.90178
          ],
          [
            77.57343,
            12.90207
          ],
          [
            77.5734,
            12.90237
          ],
          [
            77.57322,
            12.90348
          ],
          [
            77.5732,
            12.90362
          ],
          [
            77.57319,
            12.90385
          ],
          [
            77.57321,
            12.90407
          ],
          [
            77.57324,
            12.90433
          ],
          [
            77.5733,
            12.90491
          ],
          [
            77.57333,
            12.90531
          ],
          [
            77.57332,
            12.90555
          ],
          [
            77.5733,
            12.90577
          ],
          [
            77.57328,
            12.90596
          ],
          [
            77.57326,
            12.90621
          ],
          [
            77.57319,
            12.90664
          ],
          [
            77.57311,
            12.90748
          ],
          [
            77.573,
            12.90815
          ],
          [
            77.57296,
            12.90845
          ],
          [
            77.57292,
            12.90895
          ],
          [
            77.57286,
            12.911
          ],
          [
            77.57284,
            12.91144
          ],
          [
            77.57285,
            12.91168
          ],
          [
            77.57289,
            12.91203
          ],
          [
            77.57295,
            12.91241
          ],
          [
            77.573,
            12.91269
          ],
          [
            77.57315,
            12.91315
          ],
          [
            77.57336,
            12.91396
          ],
          [
            77.57343,
            12.9143
          ],
          [
            77.57349,
            12.91472
          ],
          [
            77.57358,
            12.91522
          ],
          [
            77.57379,
            12.91673
          ],
          [
            77.57384,
            12.91691
          ],
          [
            77.57394,
            12.91711
          ],
          [
            77.57409,
            12.9173
          ],
          [
            77.57424,
            12.91742
          ],
          [
            77.57448,
            12.91756
          ],
          [
            77.57461,
            12.9176
          ],
          [
            77.57478,
            12.91765
          ],
          [
            77.57492,
            12.91767
          ],
          [
            77.5751,
            12.91767
          ],
          [
            77.57545,
            12.91766
          ],
          [
            77.57689,
            12.91763
          ],
          [
            77.57709,
            12.91763
          ],
          [
            77.57727,
            12.9176
          ],
          [
            77.57744,
            12.91755
          ],
          [
            77.57765,
            12.91747
          ],
          [
            77.57782,
            12.9174
          ],
          [
            77.57803,
            12.91732
          ],
          [
            77.57818,
            12.91727
          ],
          [
            77.57835,
            12.91723
          ],
          [
            77.57851,
            12.9172
          ],
          [
            77.57868,
            12.91718
          ],
          [
            77.57886,
            12.91717
          ],
          [
            77.57901,
            12.91718
          ],
          [
            77.57914,
            12.91718
          ],
          [
            77.57929,
            12.9172
          ],
          [
            77.57941,
            12.91722
          ],
          [
            77.57954,
            12.91726
          ],
          [
            77.57962,
            12.91729
          ],
          [
            77.57971,
            12.91734
          ],
          [
            77.57982,
            12.9174
          ],
          [
            77.5799,
            12.91747
          ],
          [
            77.57997,
            12.91754
          ],
          [
            77.58004,
            12.91761
          ],
          [
            77.5801,
            12.9177
          ],
          [
            77.58015,
            12.91778
          ],
          [
            77.58018,
            12.91785
          ],
          [
            77.58022,
            12.91798
          ],
          [
            77.58025,
            12.91808
          ],
          [
            77.58026,
            12.91817
          ],
          [
            77.58028,
            12.91831
          ],
          [
            77.58028,
            12.91844
          ],
          [
            77.58026,
            12.91993
          ],
          [
            77.58026,
            12.92037
          ],
          [
            77.58025,
            12.92085
          ],
          [
            77.58024,
            12.92199
          ],
          [
            77.58024,
            12.92213
          ],
          [
            77.58022,
            12.92344
          ],
          [
            77.58021,
            12.92436
          ],
          [
            77.5802,
            12.92491
          ],
          [
            77.58019,
            12.92637
          ],
          [
            77.58019,
            12.92715
          ],
          [
            77.58012,
            12.92951
          ],
          [
            77.58011,
            12.9303
          ],
          [
            77.58007,
            12.93312
          ],
          [
            77.58005,
            12.93597
          ],
          [
            77.58003,
            12.93826
          ],
          [
            77.58003,
            12.93962
          ],
          [
            77.58001,
            12.94016
          ],
          [
            77.58002,
            12.94241
          ],
          [
            77.58,
            12.9436
          ],
          [
            77.57999,
            12.94653
          ],
          [
            77.57998,
            12.94706
          ],
          [
            77.57997,
            12.94731
          ],
          [
            77.57994,
            12.94746
          ],
          [
            77.57991,
            12.94758
          ],
          [
            77.57984,
            12.94771
          ],
          [
            77.57974,
            12.94787
          ],
          [
            77.57958,
            12.94801
          ],
          [
            77.57937,
            12.94815
          ],
          [
            77.57916,
            12.94823
          ],
          [
            77.57897,
            12.94826
          ],
          [
            77.57636,
            12.94825
          ],
          [
            77.57602,
            12.94826
          ],
          [
            77.57573,
            12.94829
          ],
          [
            77.57545,
            12.94831
          ],
          [
            77.57518,
            12.94834
          ],
          [
            77.57482,
            12.94839
          ],
          [
            77.57455,
            12.94844
          ],
          [
            77.57434,
            12.94851
          ],
          [
            77.57422,
            12.94857
          ],
          [
            77.57411,
            12.94865
          ],
          [
            77.57399,
            12.94875
          ],
          [
            77.57391,
            12.94886
          ],
          [
            77.57381,
            12.94904
          ],
          [
            77.57374,
            12.94919
          ],
          [
            77.5737,
            12.94935
          ],
          [
            77.57368,
            12.94948
          ],
          [
            77.57367,
            12.95053
          ],
          [
            77.57365,
            12.95207
          ],
          [
            77.57365,
            12.95281
          ],
          [
            77.57365,
            12.95352
          ],
          [
            77.57363,
            12.95594
          ],
          [
            77.57358,
            12.95675
          ],
          [
            77.57357,
            12.95698
          ],
          [
            77.57359,
            12.95721
          ],
          [
            77.57365,
            12.95743
          ],
          [
            77.57369,
            12.95755
          ],
          [
            77.57409,
            12.95865
          ],
          [
            77.57419,
            12.95898
          ],
          [
            77.57444,
            12.95968
          ],
          [
            77.57464,
            12.9609
          ],
          [
            77.57485,
            12.96231
          ],
          [
            77.57489,
            12.96337
          ],
          [
            77.57488,
            12.96363
          ],
          [
            77.57485,
            12.96389
          ],
          [
            77.57481,
            12.96412
          ],
          [
            77.5747,
            12.96452
          ],
          [
            77.57456,
            12.96503
          ],
          [
            77.5745,
            12.96568
          ],
          [
            77.57453,
            12.96692
          ],
          [
            77.57455,
            12.96747
          ],
          [
            77.57465,
            12.96901
          ],
          [
            77.57466,
            12.96929
          ],
          [
            77.57457,
            12.96969
          ],
          [
            77.57297,
            12.9733
          ],
          [
            77.57286,
            12.97362
          ],
          [
            77.57284,
            12.97399
          ],
          [
            77.57287,
            12.97596
          ],
          [
            77.57287,
            12.97683
          ],
          [
            77.57277,
            12.97796
          ],
          [
            77.57277,
            12.97849
          ],
          [
            77.57269,
            12.9788
          ],
          [
            77.5726,
            12.97899
          ],
          [
            77.57221,
            12.97976
          ],
          [
            77.57207,
            12.98
          ],
          [
            77.572,
            12.98013
          ],
          [
            77.57194,
            12.98031
          ],
          [
            77.57191,
            12.98042
          ],
          [
            77.57188,
            12.98149
          ],
          [
            77.57187,
            12.98179
          ],
          [
            77.57192,
            12.9835
          ],
          [
            77.57198,
            12.98572
          ],
          [
            77.57193,
            12.98704
          ],
          [
            77.57191,
            12.98753
          ],
          [
            77.57189,
            12.98777
          ],
          [
            77.57186,
            12.98832
          ],
          [
            77.5718,
            12.98861
          ],
          [
            77.57173,
            12.98884
          ],
          [
            77.57157,
            12.98921
          ],
          [
            77.57133,
            12.98958
          ],
          [
            77.57103,
            12.98997
          ],
          [
            77.57069,
            12.99043
          ],
          [
            77.56982,
            12.99164
          ],
          [
            77.56957,
            12.99199
          ],
          [
            77.56902,
            12.99275
          ],
          [
            77.56847,
            12.9936
          ],
          [
            77.5677,
            12.99469
          ],
          [
            77.56683,
            12.99592
          ],
          [
            77.56661,
            12.99615
          ],
          [
            77.56646,
            12.99625
          ],
          [
            77.56627,
            12.99633
          ],
          [
            77.56612,
            12.99637
          ],
          [
            77.56596,
            12.9964
          ],
          [
            77.56584,
            12.99639
          ],
          [
            77.56572,
            12.99638
          ],
          [
            77.56561,
            12.99637
          ],
          [
            77.5655,
            12.99635
          ],
          [
            77.56492,
            12.99624
          ],
          [
            77.56486,
            12.99623
          ],
          [
            77.5648,
            12.99623
          ],
          [
            77.56474,
            12.99623
          ],
          [
            77.56468,
            12.99624
          ],
          [
            77.56456,
            12.99625
          ],
          [
            77.56443,
            12.99626
          ],
          [
            77.56432,
            12.99629
          ],
          [
            77.5642,
            12.99631
          ],
          [
            77.5639,
            12.99637
          ],
          [
            77.5633,
            12.99649
          ],
          [
            77.56227,
            12.99662
          ],
          [
            77.56195,
            12.99666
          ],
          [
            77.5618,
            12.99668
          ],
          [
            77.56158,
            12.99674
          ],
          [
            77.56151,
            12.99677
          ],
          [
            77.56138,
            12.99683
          ],
          [
            77.56125,
            12.99688
          ],
          [
            77.56083,
            12.99708
          ],
          [
            77.56058,
            12.9972
          ],
          [
            77.56053,
            12.99722
          ],
          [
            77.56049,
            12.99724
          ],
          [
            77.56036,
            12.99731
          ],
          [
            77.5601,
            12.99743
          ],
          [
            77.56005,
            12.99745
          ],
          [
            77.55977,
            12.99755
          ],
          [
            77.55883,
            12.9979
          ],
          [
            77.55862,
            12.99798
          ],
          [
            77.55829,
            12.99808
          ],
          [
            77.55801,
            12.99818
          ],
          [
            77.55787,
            12.99823
          ],
          [
            77.55739,
            12.99836
          ],
          [
            77.55688,
            12.99847
          ],
          [
            77.55628,
            12.9986
          ],
          [
            77.5559,
            12.99865
          ],
          [
            77.55542,
            12.99866
          ],
          [
            77.55307,
            12.99822
          ],
          [
            77.55218,
            12.99798
          ],
          [
            77.55152,
            12.99781
          ],
          [
            77.55122,
            12.99776
          ],
          [
            77.55097,
            12.99776
          ],
          [
            77.55072,
            12.99783
          ],
          [
            77.55048,
            12.99793
          ],
          [
            77.55029,
            12.99808
          ],
          [
            77.5501,
            12.99827
          ],
          [
            77.54999,
            12.99851
          ],
          [
            77.54991,
            12.99887
          ],
          [
            77.54962,
            13.00052
          ],
          [
            77.54943,
            13.00179
          ],
          [
            77.54932,
            13.00254
          ],
          [
            77.54888,
            13.00503
          ],
          [
            77.54879,
            13.00566
          ],
          [
            77.54867,
            13.00619
          ],
          [
            77.54864,
            13.00668
          ],
          [
            77.54864,
            13.00703
          ],
          [
            77.54868,
            13.00738
          ],
          [
            77.54875,
            13.00783
          ],
          [
            77.54877,
            13.00802
          ],
          [
            77.54878,
            13.00808
          ],
          [
            77.54891,
            13.00894
          ],
          [
            77.54898,
            13.00928
          ],
          [
            77.54906,
            13.00953
          ],
          [
            77.54911,
            13.00966
          ],
          [
            77.54919,
            13.00984
          ],
          [
            77.54927,
            13.01001
          ],
          [
            77.54936,
            13.01014
          ],
          [
            77.54944,
            13.01026
          ],
          [
            77.54954,
            13.01041
          ],
          [
            77.54964,
            13.01051
          ],
          [
            77.54974,
            13.01062
          ],
          [
            77.54984,
            13.01073
          ],
          [
            77.54993,
            13.01081
          ],
          [
            77.55002,
            13.01088
          ],
          [
            77.55012,
            13.01096
          ],
          [
            77.55032,
            13.01108
          ],
          [
            77.55042,
            13.01114
          ],
          [
            77.5506,
            13.01124
          ],
          [
            77.55236,
            13.01221
          ],
          [
            77.55311,
            13.01262
          ],
          [
            77.5534,
            13.01278
          ],
          [
            77.55357,
            13.0129
          ],
          [
            77.55373,
            13.01308
          ],
          [
            77.55389,
            13.01325
          ],
          [
            77.55397,
            13.01339
          ],
          [
            77.55401,
            13.01348
          ],
          [
            77.55402,
            13.01357
          ],
          [
            77.55404,
            13.01367
          ],
          [
            77.55405,
            13.01376
          ],
          [
            77.55405,
            13.01386
          ],
          [
            77.55399,
            13.01472
          ],
          [
            77.55394,
            13.01557
          ],
          [
            77.55387,
            13.016
          ],
          [
            77.55382,
            13.01642
          ],
          [
            77.55379,
            13.01664
          ],
          [
            77.55376,
            13.01682
          ],
          [
            77.55365,
            13.01723
          ],
          [
            77.55336,
            13.01829
          ],
          [
            77.55316,
            13.01911
          ],
          [
            77.55309,
            13.01932
          ],
          [
            77.55303,
            13.01946
          ],
          [
            77.55268,
            13.02013
          ],
          [
            77.55224,
            13.02098
          ],
          [
            77.55196,
            13.02149
          ],
          [
            77.55174,
            13.02184
          ],
          [
            77.55165,
            13.02199
          ],
          [
            77.55155,
            13.02209
          ],
          [
            77.55143,
            13.02222
          ],
          [
            77.55126,
            13.02237
          ],
          [
            77.55113,
            13.02246
          ],
          [
            77.55097,
            13.02256
          ],
          [
            77.54971,
            13.0233
          ],
          [
            77.54842,
            13.02403
          ],
          [
            77.54804,
            13.02425
          ],
          [
            77.5473,
            13.02468
          ],
          [
            77.54645,
            13.02515
          ],
          [
            77.54382,
            13.02667
          ],
          [
            77.54364,
            13.02677
          ],
          [
            77.54353,
            13.02683
          ],
          [
            77.54335,
            13.02696
          ],
          [
            77.54318,
            13.02707
          ],
          [
            77.54245,
            13.02748
          ],
          [
            77.54162,
            13.02795
          ],
          [
            77.54044,
            13.02861
          ],
          [
            77.54019,
            13.02875
          ],
          [
            77.53871,
            13.02956
          ],
          [
            77.53782,
            13.03008
          ],
          [
            77.53658,
            13.03088
          ],
          [
            77.5354,
            13.03168
          ],
          [
            77.53318,
            13.03298
          ],
          [
            77.53096,
            13.03427
          ],
          [
            77.53059,
            13.03445
          ],
          [
            77.53006,
            13.03469
          ],
          [
            77.52979,
            13.03478
          ],
          [
            77.52835,
            13.03516
          ],
          [
            77.52723,
            13.03546
          ],
          [
            77.52696,
            13.03554
          ],
          [
            77.52658,
            13.03569
          ],
          [
            77.52623,
            13.03587
          ],
          [
            77.52549,
            13.03627
          ],
          [
            77.52496,
            13.0366
          ],
          [
            77.52456,
            13.03681
          ],
          [
            77.52322,
            13.03755
          ],
          [
            77.5206,
            13.03896
          ],
          [
            77.51972,
            13.03937
          ],
          [
            77.51849,
            13.04004
          ],
          [
            77.51837,
            13.04013
          ],
          [
            77.51648,
            13.04184
          ],
          [
            77.51619,
            13.04198
          ],
          [
            77.51253,
            13.04322
          ],
          [
            77.51135,
            13.04364
          ],
          [
            77.51091,
            13.04384
          ],
          [
            77.50882,
            13.04491
          ],
          [
            77.50822,
            13.04523
          ],
          [
            77.50513,
            13.04612
          ],
          [
            77.50287,
            13.04693
          ],
          [
            77.50176,
            13.04733
          ],
          [
            77.50125,
            13.04753
          ],
          [
            77.50013,
            13.04794
          ],
          [
            77.49954,
            13.04816
          ],
          [
            77.4993,
            13.04825
          ],
          [
            77.49833,
            13.04862
          ],
          [
            77.49792,
            13.04877
          ],
          [
            77.49541,
            13.0497
          ],
          [
            77.49444,
            13.05007
          ],
          [
            77.49413,
            13.05019
          ],
          [
            77.49325,
            13.05049
          ],
          [
            77.4924,
            13.05071
          ],
          [
            77.4915,
            13.05103
          ],
          [
            77.48975,
            13.05166
          ],
          [
            77.48918,
            13.05188
          ],
          [
            77.48791,
            13.05234
          ],
          [
            77.48493,
            13.05341
          ],
          [
            77.48372,
            13.05386
          ],
          [
            77.48213,
            13.05443
          ],
          [
            77.48127,
            13.05475
          ],
          [
            77.47929,
            13.05554
          ],
          [
            77.47741,
            13.05631
          ],
          [
            77.47546,
            13.05677
          ],
          [
            77.47461,
            13.05698
          ],
          [
            77.47397,
            13.05713
          ],
          [
            77.4728,
            13.0574
          ],
          [
            77.47217,
            13.05755
          ],
          [
            77.4714,
            13.05774
          ],
          [
            77.47071,
            13.05791
          ],
          [
            77.46956,
            13.05823
          ]
        ]
      },
      "properties": {
        "segment_id": "blr-green-seg-01",
        "line_id": "blr-green",
        "line_name": "Green Line",
        "city_id": "bengaluru",
        "city": "Bengaluru",
        "operator": "BMRCL",
        "status": "operational",
        "phase": "1",
        "length_km": 35.2,
        "gauge": "standard",
        "inaugurated_on": "2014-03-01",
        "expected_completion": null,
        "stations_count": 31,
        "color": "#009933",
        "source": "osm",
        "references": [],
        "completion_unconfirmed": false,
        "last_verified": null,
        "retrieved_at": "2026-10-06",
        "geometry_quality": "exact"
      }
    },
    {
      "type": "Feature",
      "geometry": {
        "type": "LineString",
        "coordinates": [
          [
            77.688,
            12.81976
          ],
          [
            77.68773,
            12.82004
          ],
          [
            77.68686,
            12.82105
          ],
          [
            77.68593,
            12.82202
          ],
          [
            77.68491,
            12.82311
          ],
          [
            77.68441,
            12.82364
          ],
          [
            77.68403,
            12.82405
          ],
          [
            77.68356,
            12.82455
          ],
          [
            77.68315,
            12.82511
          ],
          [
            77.68284,
            12.82571
          ],
          [
            77.68268,
            12.82602
          ],
          [
            77.68209,
            12.82715
          ],
          [
            77.68188,
            12.82758
          ],
          [
            77.68171,
            12.828
          ],
          [
            77.68123,
            12.82944
          ],
          [
            77.68121,
            12.82949
          ],
          [
            77.68071,
            12.83102
          ],
          [
            77.68053,
            12.83155
          ],
          [
            77.68028,
            12.83239
          ],
          [
            77.68008,
            12.83325
          ],
          [
            77.67948,
            12.8349
          ],
          [
            77.67915,
            12.83579
          ],
          [
            77.6788,
            12.83666
          ],
          [
            77.67834,
            12.83774
          ],
          [
            77.6782,
            12.83799
          ],
          [
            77.67784,
            12.83851
          ],
          [
            77.67714,
            12.83943
          ],
          [
            77.67653,
            12.84023
          ],
          [
            77.67526,
            12.84189
          ],
          [
            77.67462,
            12.84274
          ],
          [
            77.67429,
            12.84315
          ],
          [
            77.67394,
            12.84355
          ],
          [
            77.67308,
            12.84447
          ],
          [
            77.67283,
            12.84471
          ],
          [
            77.67254,
            12.84494
          ],
          [
            77.67204,
            12.8453
          ],
          [
            77.67182,
            12.84549
          ],
          [
            77.67167,
            12.84569
          ],
          [
            77.67092,
            12.8468
          ],
          [
            77.67082,
            12.84695
          ],
          [
            77.67047,
            12.84753
          ],
          [
            77.67018,
            12.84806
          ],
          [
            77.66984,
            12.84855
          ],
          [
            77.66841,
            12.85042
          ],
          [
            77.66745,
            12.85163
          ],
          [
            77.66656,
            12.85286
          ],
          [
            77.66505,
            12.85478
          ],
          [
            77.66489,
            12.855
          ],
          [
            77.66454,
            12.85538
          ],
          [
            77.66411,
            12.85578
          ],
          [
            77.66324,
            12.8568
          ],
          [
            77.66281,
            12.85731
          ],
          [
            77.66237,
            12.85794
          ],
          [
            77.66205,
            12.85842
          ],
          [
            77.66155,
            12.85915
          ],
          [
            77.66056,
            12.86051
          ],
          [
            77.65969,
            12.86162
          ],
          [
            77.65871,
            12.86283
          ],
          [
            77.65785,
            12.86391
          ],
          [
            77.65758,
            12.86423
          ],
          [
            77.65728,
            12.8646
          ],
          [
            77.65321,
            12.86972
          ],
          [
            77.65297,
            12.87005
          ],
          [
            77.65247,
            12.87069
          ],
          [
            77.65215,
            12.87109
          ],
          [
            77.65208,
            12.87116
          ],
          [
            77.65197,
            12.87129
          ],
          [
            77.65171,
            12.87162
          ],
          [
            77.65057,
            12.87309
          ],
          [
            77.64949,
            12.8743
          ],
          [
            77.64743,
            12.87662
          ],
          [
            77.6472,
            12.87692
          ],
          [
            77.64692,
            12.87734
          ],
          [
            77.64638,
            12.87827
          ],
          [
            77.64554,
            12.87964
          ],
          [
            77.64477,
            12.88092
          ],
          [
            77.64461,
            12.88118
          ],
          [
            77.64291,
            12.88395
          ],
          [
            77.64014,
            12.88844
          ],
          [
            77.63943,
            12.88953
          ],
          [
            77.63895,
            12.89032
          ],
          [
            77.63881,
            12.89053
          ],
          [
            77.6377,
            12.89241
          ],
          [
            77.63656,
            12.89427
          ],
          [
            77.6355,
            12.89593
          ],
          [
            77.63463,
            12.89738
          ],
          [
            77.63331,
            12.89956
          ],
          [
            77.63284,
            12.90032
          ],
          [
            77.6317,
            12.90212
          ],
          [
            77.63067,
            12.90381
          ],
          [
            77.63062,
            12.9039
          ],
          [
            77.6302,
            12.90455
          ],
          [
            77.63015,
            12.90462
          ],
          [
            77.62969,
            12.90536
          ],
          [
            77.62899,
            12.90655
          ],
          [
            77.62691,
            12.90991
          ],
          [
            77.62647,
            12.91061
          ],
          [
            77.62613,
            12.91119
          ],
          [
            77.6257,
            12.9119
          ],
          [
            77.62533,
            12.91255
          ],
          [
            77.62492,
            12.91319
          ],
          [
            77.62449,
            12.91389
          ],
          [
            77.6241,
            12.91461
          ],
          [
            77.62311,
            12.9164
          ],
          [
            77.62305,
            12.91647
          ],
          [
            77.62299,
            12.91655
          ],
          [
            77.62292,
            12.91661
          ],
          [
            77.62285,
            12.91668
          ],
          [
            77.62277,
            12.91673
          ],
          [
            77.62269,
            12.91678
          ],
          [
            77.6226,
            12.91683
          ],
          [
            77.62251,
            12.91687
          ],
          [
            77.62242,
            12.9169
          ],
          [
            77.62232,
            12.91692
          ],
          [
            77.62222,
            12.91694
          ],
          [
            77.62212,
            12.91695
          ],
          [
            77.62202,
            12.91695
          ],
          [
            77.62192,
            12.91694
          ],
          [
            77.62182,
            12.91693
          ],
          [
            77.62172,
            12.91691
          ],
          [
            77.62162,
            12.91688
          ],
          [
            77.62012,
            12.9164
          ],
          [
            77.61954,
            12.91624
          ],
          [
            77.61932,
            12.9162
          ],
          [
            77.61921,
            12.91619
          ],
          [
            77.61908,
            12.9162
          ],
          [
            77.61895,
            12.91621
          ],
          [
            77.61874,
            12.91623
          ],
          [
            77.61839,
            12.91625
          ],
          [
            77.61757,
            12.91624
          ],
          [
            77.61711,
            12.91621
          ],
          [
            77.61667,
            12.9162
          ],
          [
            77.61554,
            12.91633
          ],
          [
            77.61547,
            12.91634
          ],
          [
            77.61504,
            12.91638
          ],
          [
            77.61419,
            12.91644
          ],
          [
            77.61395,
            12.91644
          ],
          [
            77.61183,
            12.9165
          ],
          [
            77.61069,
            12.9165
          ],
          [
            77.60876,
            12.91654
          ],
          [
            77.60763,
            12.91657
          ],
          [
            77.60689,
            12.91659
          ],
          [
            77.60462,
            12.91666
          ],
          [
            77.60189,
            12.91669
          ],
          [
            77.59973,
            12.91673
          ],
          [
            77.59867,
            12.91675
          ],
          [
            77.59764,
            12.91677
          ],
          [
            77.59648,
            12.91679
          ],
          [
            77.59506,
            12.91683
          ],
          [
            77.59403,
            12.91685
          ],
          [
            77.59095,
            12.9169
          ],
          [
            77.59034,
            12.91691
          ],
          [
            77.59003,
            12.91693
          ],
          [
            77.58967,
            12.917
          ],
          [
            77.58938,
            12.91704
          ],
          [
            77.58905,
            12.91705
          ],
          [
            77.58778,
            12.91708
          ],
          [
            77.58768,
            12.91708
          ],
          [
            77.58746,
            12.91708
          ],
          [
            77.58731,
            12.91707
          ],
          [
            77.58718,
            12.91706
          ],
          [
            77.58699,
            12.91703
          ],
          [
            77.58674,
            12.91699
          ],
          [
            77.58517,
            12.91702
          ],
          [
            77.58361,
            12.91705
          ],
          [
            77.58153,
            12.9171
          ],
          [
            77.58137,
            12.91711
          ],
          [
            77.58122,
            12.91712
          ],
          [
            77.58111,
            12.91714
          ],
          [
            77.58101,
            12.91717
          ],
          [
            77.5809,
            12.91721
          ],
          [
            77.58078,
            12.91726
          ],
          [
            77.5807,
            12.91732
          ],
          [
            77.58061,
            12.91738
          ],
          [
            77.58052,
            12.91747
          ],
          [
            77.58045,
            12.91754
          ],
          [
            77.58038,
            12.91763
          ],
          [
            77.58033,
            12.91772
          ],
          [
            77.58028,
            12.91781
          ],
          [
            77.58025,
            12.9179
          ],
          [
            77.58022,
            12.918
          ],
          [
            77.58019,
            12.9181
          ],
          [
            77.58018,
            12.91818
          ],
          [
            77.58017,
            12.91827
          ],
          [
            77.58015,
            12.91912
          ],
          [
            77.58015,
            12.9193
          ],
          [
            77.58014,
            12.91944
          ],
          [
            77.58013,
            12.91959
          ],
          [
            77.5801,
            12.91984
          ],
          [
            77.58008,
            12.91999
          ],
          [
            77.58007,
            12.92015
          ],
          [
            77.58006,
            12.92033
          ],
          [
            77.58006,
            12.92051
          ],
          [
            77.58006,
            12.9208
          ],
          [
            77.58005,
            12.92199
          ]
        ]
      },
      "properties": {
        "segment_id": "blr-yellow-seg-01",
        "line_id": "blr-yellow",
        "line_name": "Yellow Line (RV Road - Bommasandra)",
        "city_id": "bengaluru",
        "city": "Bengaluru",
        "operator": "BMRCL",
        "status": "operational",
        "phase": "2",
        "length_km": 18.1,
        "gauge": "standard",
        "inaugurated_on": "2025-08-10",
        "expected_completion": null,
        "stations_count": 17,
        "color": "#FFCC00",
        "source": "osm",
        "references": [
          "https://english.bmrc.co.in/"
        ],
        "completion_unconfirmed": false,
        "last_verified": null,
        "retrieved_at": "2026-10-06",
        "geometry_quality": "exact"
      }
    },
    {
      "type": "Feature",
      "geometry": {
        "type": "LineString",
        "coordinates": [
          [
            77.6245,
            12.9174
          ],
          [
            77.6534,
            12.9256
          ],
          [
            77.6892,
            12.9367
          ],
          [
            77.6985,
            12.9912
          ],
          [
            77.6654,
            13.0456
          ],
          [
            77.6321,
            13.1124
          ],
          [
            77.7065,
            13.1985
          ]
        ]
      },
      "properties": {
        "segment_id": "blr-blue-seg-01",
        "line_id": "blr-blue",
        "line_name": "Blue Line (ORR & Airport)",
        "city_id": "bengaluru",
        "city": "Bengaluru",
        "operator": "BMRCL",
        "status": "construction",
        "phase": "2A",
        "length_km": 41.3,
        "gauge": "standard",
        "inaugurated_on": null,
        "expected_completion": null,
        "stations_count": 0,
        "color": "#1E90FF",
        "source": "manual",
        "references": [
          "https://english.bmrc.co.in/"
        ],
        "completion_unconfirmed": true,
        "last_verified": "2026-10-06",
        "geometry_quality": "exact"
      }
    },
    {
      "type": "Feature",
      "geometry": {
        "type": "LineString",
        "coordinates": [
          [
            77.5852,
            12.8712
          ],
          [
            77.5954,
            12.9234
          ],
          [
            77.6045,
            12.9712
          ],
          [
            77.6189,
            13.0234
          ]
        ]
      },
      "properties": {
        "segment_id": "blr-pink-seg-01",
        "line_id": "blr-pink",
        "line_name": "Pink Line (Kalena Agrahara - Nagawara)",
        "city_id": "bengaluru",
        "city": "Bengaluru",
        "operator": "BMRCL",
        "status": "construction",
        "phase": "2",
        "length_km": 17.3,
        "gauge": "standard",
        "inaugurated_on": null,
        "expected_completion": null,
        "stations_count": 1,
        "color": "#FF69B4",
        "source": "manual",
        "references": [
          "https://english.bmrc.co.in/"
        ],
        "completion_unconfirmed": true,
        "last_verified": "2026-10-06",
        "geometry_quality": "exact"
      }
    },
    {
      "type": "Feature",
      "geometry": {
        "type": "LineString",
        "coordinates": [
          [
            77.5342,
            12.9785
          ],
          [
            77.4912,
            12.9845
          ],
          [
            77.4521,
            12.9912
          ]
        ]
      },
      "properties": {
        "segment_id": "blr-planned-seg-01",
        "line_id": "blr-purple",
        "line_name": "Phase 3 Magadi Road - Hosahalli",
        "city_id": "bengaluru",
        "city": "Bengaluru",
        "operator": "BMRCL",
        "status": "planned",
        "phase": "3",
        "length_km": 9,
        "gauge": "standard",
        "inaugurated_on": null,
        "expected_completion": null,
        "stations_count": 0,
        "color": "#800080",
        "source": "manual",
        "references": [
          "https://english.bmrc.co.in/"
        ],
        "completion_unconfirmed": true,
        "last_verified": "2026-10-06",
        "geometry_quality": "exact"
      }
    },
    {
      "type": "Feature",
      "geometry": {
        "type": "LineString",
        "coordinates": [
          [
            72.81836,
            19.13011
          ],
          [
            72.81917,
            19.13049
          ],
          [
            72.81925,
            19.13053
          ],
          [
            72.81936,
            19.13056
          ],
          [
            72.81946,
            19.13059
          ],
          [
            72.81956,
            19.1306
          ],
          [
            72.81965,
            19.1306
          ],
          [
            72.81979,
            19.1306
          ],
          [
            72.81994,
            19.13059
          ],
          [
            72.82006,
            19.13057
          ],
          [
            72.8204,
            19.1305
          ],
          [
            72.82139,
            19.13028
          ],
          [
            72.82239,
            19.13005
          ],
          [
            72.82308,
            19.1299
          ],
          [
            72.82365,
            19.12976
          ],
          [
            72.82716,
            19.12898
          ],
          [
            72.83081,
            19.12818
          ],
          [
            72.83422,
            19.12742
          ],
          [
            72.8346,
            19.12732
          ],
          [
            72.83478,
            19.12728
          ],
          [
            72.83495,
            19.12724
          ],
          [
            72.83502,
            19.12722
          ],
          [
            72.83509,
            19.12721
          ],
          [
            72.83525,
            19.1272
          ],
          [
            72.83618,
            19.12719
          ],
          [
            72.83637,
            19.12717
          ],
          [
            72.83653,
            19.12716
          ],
          [
            72.83675,
            19.12712
          ],
          [
            72.83827,
            19.12681
          ],
          [
            72.83866,
            19.12672
          ],
          [
            72.83903,
            19.12663
          ],
          [
            72.84025,
            19.12628
          ],
          [
            72.8405,
            19.1262
          ],
          [
            72.84067,
            19.12612
          ],
          [
            72.84083,
            19.12603
          ],
          [
            72.84098,
            19.12592
          ],
          [
            72.84114,
            19.12579
          ],
          [
            72.8413,
            19.12564
          ],
          [
            72.84147,
            19.12544
          ],
          [
            72.84156,
            19.12533
          ],
          [
            72.84163,
            19.1252
          ],
          [
            72.84171,
            19.12505
          ],
          [
            72.84195,
            19.12447
          ],
          [
            72.84203,
            19.12435
          ],
          [
            72.84209,
            19.12428
          ],
          [
            72.84214,
            19.12422
          ],
          [
            72.84221,
            19.12416
          ],
          [
            72.84228,
            19.1241
          ],
          [
            72.84237,
            19.12403
          ],
          [
            72.84247,
            19.12396
          ],
          [
            72.84259,
            19.12389
          ],
          [
            72.84424,
            19.12315
          ],
          [
            72.84461,
            19.12297
          ],
          [
            72.84583,
            19.12232
          ],
          [
            72.84623,
            19.1221
          ],
          [
            72.84659,
            19.12189
          ],
          [
            72.84802,
            19.12098
          ],
          [
            72.84948,
            19.12004
          ],
          [
            72.85217,
            19.11837
          ],
          [
            72.85304,
            19.11784
          ],
          [
            72.85386,
            19.11737
          ],
          [
            72.85487,
            19.1168
          ],
          [
            72.85587,
            19.11622
          ],
          [
            72.85698,
            19.11556
          ],
          [
            72.857,
            19.11555
          ],
          [
            72.85704,
            19.11553
          ],
          [
            72.85721,
            19.11543
          ],
          [
            72.85737,
            19.11536
          ],
          [
            72.85751,
            19.1153
          ],
          [
            72.85767,
            19.11524
          ],
          [
            72.85772,
            19.11522
          ],
          [
            72.85784,
            19.11519
          ],
          [
            72.85832,
            19.11508
          ],
          [
            72.85871,
            19.11501
          ],
          [
            72.85881,
            19.11499
          ],
          [
            72.85893,
            19.11497
          ],
          [
            72.85913,
            19.11495
          ],
          [
            72.85948,
            19.11492
          ],
          [
            72.86027,
            19.11486
          ],
          [
            72.8605,
            19.11482
          ],
          [
            72.86068,
            19.11478
          ],
          [
            72.86087,
            19.11473
          ],
          [
            72.861,
            19.11469
          ],
          [
            72.86114,
            19.11463
          ],
          [
            72.86128,
            19.11457
          ],
          [
            72.86149,
            19.11448
          ],
          [
            72.86169,
            19.1144
          ],
          [
            72.8619,
            19.1143
          ],
          [
            72.86212,
            19.11419
          ],
          [
            72.86229,
            19.1141
          ],
          [
            72.86395,
            19.1132
          ],
          [
            72.86419,
            19.11307
          ],
          [
            72.86438,
            19.11297
          ],
          [
            72.8646,
            19.11289
          ],
          [
            72.86481,
            19.11282
          ],
          [
            72.86503,
            19.11275
          ],
          [
            72.86693,
            19.11225
          ],
          [
            72.86824,
            19.11191
          ],
          [
            72.86911,
            19.11168
          ],
          [
            72.87021,
            19.11137
          ],
          [
            72.87181,
            19.11094
          ],
          [
            72.87213,
            19.11085
          ],
          [
            72.87241,
            19.11077
          ],
          [
            72.87269,
            19.11068
          ],
          [
            72.87297,
            19.11058
          ],
          [
            72.87354,
            19.11037
          ],
          [
            72.8748,
            19.10992
          ],
          [
            72.87481,
            19.10991
          ],
          [
            72.87628,
            19.10937
          ],
          [
            72.87672,
            19.10922
          ],
          [
            72.87712,
            19.10908
          ],
          [
            72.87887,
            19.10841
          ],
          [
            72.88011,
            19.10795
          ],
          [
            72.88012,
            19.10794
          ],
          [
            72.88063,
            19.10775
          ],
          [
            72.88084,
            19.10767
          ],
          [
            72.88099,
            19.10762
          ],
          [
            72.88116,
            19.10758
          ],
          [
            72.88132,
            19.10755
          ],
          [
            72.88149,
            19.10754
          ],
          [
            72.88296,
            19.10744
          ],
          [
            72.88314,
            19.10742
          ],
          [
            72.8833,
            19.1074
          ],
          [
            72.88345,
            19.10735
          ],
          [
            72.8836,
            19.10731
          ],
          [
            72.88376,
            19.10724
          ],
          [
            72.88389,
            19.10718
          ],
          [
            72.884,
            19.10713
          ],
          [
            72.88413,
            19.10706
          ],
          [
            72.88425,
            19.10698
          ],
          [
            72.8844,
            19.10688
          ],
          [
            72.88454,
            19.10675
          ],
          [
            72.88467,
            19.10662
          ],
          [
            72.88616,
            19.10486
          ],
          [
            72.88627,
            19.10473
          ],
          [
            72.88638,
            19.10462
          ],
          [
            72.8865,
            19.10452
          ],
          [
            72.88665,
            19.1044
          ],
          [
            72.88681,
            19.10428
          ],
          [
            72.88701,
            19.10416
          ],
          [
            72.88851,
            19.10322
          ],
          [
            72.88862,
            19.10315
          ],
          [
            72.88893,
            19.10293
          ],
          [
            72.88915,
            19.10276
          ],
          [
            72.88939,
            19.10256
          ],
          [
            72.89057,
            19.10158
          ],
          [
            72.89072,
            19.10143
          ],
          [
            72.89086,
            19.10128
          ],
          [
            72.89101,
            19.1011
          ],
          [
            72.89115,
            19.10093
          ],
          [
            72.89129,
            19.10074
          ],
          [
            72.89142,
            19.10055
          ],
          [
            72.89285,
            19.09814
          ],
          [
            72.89293,
            19.09803
          ],
          [
            72.893,
            19.09792
          ],
          [
            72.89314,
            19.09776
          ],
          [
            72.89329,
            19.09762
          ],
          [
            72.8935,
            19.09742
          ],
          [
            72.89367,
            19.09727
          ],
          [
            72.89388,
            19.09709
          ],
          [
            72.89432,
            19.09679
          ],
          [
            72.89541,
            19.0961
          ],
          [
            72.89643,
            19.09545
          ],
          [
            72.89677,
            19.09525
          ],
          [
            72.8971,
            19.09506
          ],
          [
            72.89734,
            19.09491
          ],
          [
            72.89798,
            19.09451
          ],
          [
            72.89905,
            19.09382
          ],
          [
            72.89919,
            19.09373
          ],
          [
            72.89933,
            19.09365
          ],
          [
            72.89952,
            19.09357
          ],
          [
            72.89968,
            19.09351
          ],
          [
            72.89995,
            19.09343
          ],
          [
            72.90067,
            19.09322
          ],
          [
            72.90082,
            19.09316
          ],
          [
            72.90101,
            19.09308
          ],
          [
            72.90121,
            19.09297
          ],
          [
            72.9026,
            19.09217
          ],
          [
            72.90266,
            19.09214
          ],
          [
            72.90293,
            19.09199
          ],
          [
            72.90311,
            19.0919
          ],
          [
            72.90394,
            19.09154
          ],
          [
            72.9041,
            19.09147
          ],
          [
            72.90421,
            19.09143
          ],
          [
            72.90438,
            19.09137
          ],
          [
            72.90488,
            19.09119
          ],
          [
            72.90499,
            19.09116
          ],
          [
            72.90511,
            19.09114
          ],
          [
            72.90523,
            19.09113
          ],
          [
            72.90535,
            19.09111
          ],
          [
            72.90547,
            19.09111
          ],
          [
            72.90562,
            19.09111
          ],
          [
            72.90576,
            19.09112
          ],
          [
            72.90591,
            19.09114
          ],
          [
            72.90664,
            19.09124
          ],
          [
            72.9068,
            19.09125
          ],
          [
            72.9069,
            19.09125
          ],
          [
            72.907,
            19.09124
          ],
          [
            72.90713,
            19.09121
          ],
          [
            72.90722,
            19.09118
          ],
          [
            72.90729,
            19.09115
          ],
          [
            72.90738,
            19.09109
          ],
          [
            72.90749,
            19.09101
          ],
          [
            72.90755,
            19.09096
          ],
          [
            72.9076,
            19.0909
          ],
          [
            72.90765,
            19.09083
          ],
          [
            72.9077,
            19.09075
          ],
          [
            72.90775,
            19.09064
          ],
          [
            72.90779,
            19.09056
          ],
          [
            72.90781,
            19.09044
          ],
          [
            72.90782,
            19.09036
          ],
          [
            72.90783,
            19.09018
          ],
          [
            72.90782,
            19.09004
          ],
          [
            72.9078,
            19.08969
          ],
          [
            72.9078,
            19.08961
          ],
          [
            72.90781,
            19.08951
          ],
          [
            72.90784,
            19.08941
          ],
          [
            72.90795,
            19.08912
          ],
          [
            72.90798,
            19.08902
          ],
          [
            72.908,
            19.08894
          ],
          [
            72.90801,
            19.08884
          ],
          [
            72.90802,
            19.08876
          ],
          [
            72.90802,
            19.08844
          ],
          [
            72.90804,
            19.0882
          ],
          [
            72.90805,
            19.08795
          ],
          [
            72.90807,
            19.08782
          ],
          [
            72.90811,
            19.08766
          ],
          [
            72.90812,
            19.08629
          ],
          [
            72.90812,
            19.08619
          ]
        ]
      },
      "properties": {
        "segment_id": "mum-line-1-seg-01",
        "line_id": "mum-line-1",
        "line_name": "Line 1 (Versova - Ghatkopar)",
        "city_id": "mumbai",
        "city": "Mumbai",
        "operator": "MMRDA",
        "status": "operational",
        "phase": "1",
        "length_km": 11.2,
        "gauge": "standard",
        "inaugurated_on": "2014-06-08",
        "expected_completion": null,
        "stations_count": 3,
        "color": "#0072CE",
        "source": "osm",
        "references": [],
        "completion_unconfirmed": false,
        "last_verified": null,
        "retrieved_at": "2026-10-05",
        "geometry_quality": "exact"
      }
    },
    {
      "type": "Feature",
      "geometry": {
        "type": "LineString",
        "coordinates": [
          [
            72.83142,
            19.12918
          ],
          [
            72.83161,
            19.12995
          ],
          [
            72.83164,
            19.13005
          ],
          [
            72.83165,
            19.13016
          ],
          [
            72.83167,
            19.13027
          ],
          [
            72.83167,
            19.13039
          ],
          [
            72.83167,
            19.1305
          ],
          [
            72.83165,
            19.13061
          ],
          [
            72.83159,
            19.13083
          ],
          [
            72.83156,
            19.13094
          ],
          [
            72.83153,
            19.13106
          ],
          [
            72.83151,
            19.13117
          ],
          [
            72.83149,
            19.13129
          ],
          [
            72.83149,
            19.13142
          ],
          [
            72.83149,
            19.13155
          ],
          [
            72.83151,
            19.13169
          ],
          [
            72.83167,
            19.1326
          ],
          [
            72.8321,
            19.13482
          ],
          [
            72.83212,
            19.13505
          ],
          [
            72.83213,
            19.13528
          ],
          [
            72.83212,
            19.1356
          ],
          [
            72.83184,
            19.13891
          ],
          [
            72.83176,
            19.13981
          ],
          [
            72.83169,
            19.14072
          ],
          [
            72.83132,
            19.14458
          ],
          [
            72.83132,
            19.14469
          ],
          [
            72.83132,
            19.14487
          ],
          [
            72.83133,
            19.14498
          ],
          [
            72.83136,
            19.14508
          ],
          [
            72.83139,
            19.14518
          ],
          [
            72.83143,
            19.14527
          ],
          [
            72.83148,
            19.14536
          ],
          [
            72.83154,
            19.14545
          ],
          [
            72.8316,
            19.14553
          ],
          [
            72.83167,
            19.14561
          ],
          [
            72.83175,
            19.14568
          ],
          [
            72.83183,
            19.14574
          ],
          [
            72.83192,
            19.1458
          ],
          [
            72.83202,
            19.14585
          ],
          [
            72.83211,
            19.14589
          ],
          [
            72.83221,
            19.14592
          ],
          [
            72.83232,
            19.14594
          ],
          [
            72.83242,
            19.14596
          ],
          [
            72.83253,
            19.14597
          ],
          [
            72.83395,
            19.14606
          ],
          [
            72.83442,
            19.14608
          ],
          [
            72.83563,
            19.14621
          ],
          [
            72.83572,
            19.14624
          ],
          [
            72.83582,
            19.14627
          ],
          [
            72.83591,
            19.14631
          ],
          [
            72.83599,
            19.14635
          ],
          [
            72.83607,
            19.1464
          ],
          [
            72.83615,
            19.14646
          ],
          [
            72.83622,
            19.14653
          ],
          [
            72.83629,
            19.1466
          ],
          [
            72.83635,
            19.14667
          ],
          [
            72.8364,
            19.14675
          ],
          [
            72.83644,
            19.14683
          ],
          [
            72.83647,
            19.14692
          ],
          [
            72.8365,
            19.147
          ],
          [
            72.83652,
            19.14709
          ],
          [
            72.83653,
            19.14718
          ],
          [
            72.83654,
            19.14727
          ],
          [
            72.83653,
            19.14736
          ],
          [
            72.8365,
            19.14763
          ],
          [
            72.83569,
            19.15302
          ],
          [
            72.83553,
            19.15403
          ],
          [
            72.83526,
            19.15582
          ],
          [
            72.83524,
            19.15607
          ],
          [
            72.83523,
            19.15635
          ],
          [
            72.83524,
            19.15698
          ],
          [
            72.8353,
            19.15876
          ],
          [
            72.83528,
            19.15902
          ],
          [
            72.83523,
            19.1593
          ],
          [
            72.83516,
            19.1596
          ],
          [
            72.83498,
            19.16027
          ],
          [
            72.83495,
            19.1604
          ],
          [
            72.83491,
            19.16065
          ],
          [
            72.83488,
            19.16091
          ],
          [
            72.83485,
            19.16122
          ],
          [
            72.83485,
            19.16148
          ],
          [
            72.83484,
            19.16287
          ],
          [
            72.83487,
            19.16336
          ],
          [
            72.83495,
            19.1645
          ],
          [
            72.83516,
            19.16726
          ],
          [
            72.83536,
            19.16976
          ],
          [
            72.8354,
            19.17009
          ],
          [
            72.83545,
            19.17034
          ],
          [
            72.83555,
            19.17067
          ],
          [
            72.83577,
            19.17134
          ],
          [
            72.83609,
            19.17219
          ],
          [
            72.83645,
            19.17311
          ],
          [
            72.83671,
            19.1738
          ],
          [
            72.8369,
            19.17426
          ],
          [
            72.83708,
            19.1748
          ],
          [
            72.83718,
            19.17525
          ],
          [
            72.83721,
            19.17567
          ],
          [
            72.8372,
            19.17597
          ],
          [
            72.83716,
            19.17636
          ],
          [
            72.83704,
            19.17707
          ],
          [
            72.83663,
            19.17949
          ],
          [
            72.83655,
            19.17991
          ],
          [
            72.83645,
            19.18024
          ],
          [
            72.83629,
            19.1807
          ],
          [
            72.83621,
            19.18095
          ],
          [
            72.83612,
            19.18124
          ],
          [
            72.83606,
            19.18153
          ],
          [
            72.83601,
            19.18194
          ],
          [
            72.83594,
            19.18239
          ],
          [
            72.83589,
            19.18288
          ],
          [
            72.83588,
            19.1832
          ],
          [
            72.83587,
            19.18446
          ],
          [
            72.83583,
            19.18529
          ],
          [
            72.83582,
            19.18617
          ],
          [
            72.83579,
            19.1875
          ],
          [
            72.83576,
            19.18775
          ],
          [
            72.83571,
            19.18818
          ],
          [
            72.83562,
            19.18877
          ],
          [
            72.83552,
            19.1893
          ],
          [
            72.8354,
            19.18978
          ],
          [
            72.83487,
            19.19189
          ],
          [
            72.83471,
            19.19242
          ],
          [
            72.83442,
            19.19322
          ],
          [
            72.83404,
            19.19413
          ],
          [
            72.8339,
            19.19451
          ],
          [
            72.83383,
            19.19475
          ],
          [
            72.83378,
            19.195
          ],
          [
            72.83374,
            19.19526
          ],
          [
            72.83372,
            19.19548
          ],
          [
            72.83372,
            19.19574
          ],
          [
            72.83373,
            19.19606
          ],
          [
            72.83379,
            19.19683
          ],
          [
            72.83386,
            19.19775
          ],
          [
            72.83391,
            19.19853
          ],
          [
            72.83394,
            19.19931
          ],
          [
            72.83395,
            19.19995
          ],
          [
            72.83399,
            19.20164
          ],
          [
            72.83399,
            19.20185
          ],
          [
            72.834,
            19.20215
          ],
          [
            72.83402,
            19.20244
          ],
          [
            72.83406,
            19.20273
          ],
          [
            72.83409,
            19.20295
          ],
          [
            72.83413,
            19.20316
          ],
          [
            72.83419,
            19.20363
          ],
          [
            72.83427,
            19.20401
          ],
          [
            72.83431,
            19.20426
          ],
          [
            72.83452,
            19.20505
          ],
          [
            72.83458,
            19.20531
          ],
          [
            72.83478,
            19.20621
          ],
          [
            72.8349,
            19.20699
          ],
          [
            72.83505,
            19.2083
          ],
          [
            72.83507,
            19.20843
          ],
          [
            72.83527,
            19.20993
          ],
          [
            72.83537,
            19.21034
          ],
          [
            72.83549,
            19.21075
          ],
          [
            72.8362,
            19.21233
          ],
          [
            72.83644,
            19.21279
          ],
          [
            72.83704,
            19.21369
          ],
          [
            72.83729,
            19.21401
          ],
          [
            72.83797,
            19.21478
          ],
          [
            72.83923,
            19.21607
          ],
          [
            72.83989,
            19.21709
          ],
          [
            72.84036,
            19.21808
          ],
          [
            72.84053,
            19.21864
          ],
          [
            72.84088,
            19.22049
          ],
          [
            72.84091,
            19.22085
          ],
          [
            72.84093,
            19.22144
          ],
          [
            72.84092,
            19.22283
          ],
          [
            72.84089,
            19.22376
          ],
          [
            72.84084,
            19.2249
          ],
          [
            72.84085,
            19.22597
          ],
          [
            72.84092,
            19.22817
          ],
          [
            72.841,
            19.2296
          ],
          [
            72.841,
            19.22992
          ],
          [
            72.84084,
            19.23139
          ],
          [
            72.84061,
            19.23313
          ],
          [
            72.84058,
            19.2337
          ],
          [
            72.84057,
            19.23439
          ],
          [
            72.84055,
            19.23479
          ],
          [
            72.84057,
            19.23518
          ],
          [
            72.84065,
            19.23575
          ],
          [
            72.84073,
            19.23619
          ],
          [
            72.84082,
            19.23651
          ],
          [
            72.84091,
            19.23677
          ],
          [
            72.8411,
            19.23724
          ],
          [
            72.84165,
            19.23823
          ],
          [
            72.84173,
            19.23836
          ],
          [
            72.8418,
            19.23849
          ],
          [
            72.84189,
            19.23862
          ],
          [
            72.84199,
            19.23877
          ],
          [
            72.8421,
            19.23891
          ],
          [
            72.84222,
            19.23905
          ],
          [
            72.84239,
            19.23926
          ],
          [
            72.84285,
            19.23975
          ],
          [
            72.84305,
            19.23996
          ],
          [
            72.84348,
            19.24044
          ],
          [
            72.84406,
            19.24104
          ],
          [
            72.84445,
            19.2415
          ],
          [
            72.84491,
            19.24229
          ],
          [
            72.84512,
            19.24289
          ],
          [
            72.84537,
            19.24383
          ],
          [
            72.84541,
            19.24413
          ],
          [
            72.84543,
            19.24457
          ],
          [
            72.84541,
            19.24554
          ],
          [
            72.84536,
            19.24618
          ],
          [
            72.84532,
            19.24687
          ],
          [
            72.84535,
            19.24752
          ],
          [
            72.84555,
            19.24877
          ],
          [
            72.84571,
            19.24958
          ],
          [
            72.84579,
            19.24989
          ],
          [
            72.84597,
            19.25045
          ],
          [
            72.84623,
            19.25121
          ],
          [
            72.84656,
            19.25189
          ],
          [
            72.84674,
            19.25224
          ],
          [
            72.84732,
            19.25322
          ],
          [
            72.84758,
            19.25361
          ],
          [
            72.84847,
            19.25473
          ],
          [
            72.84877,
            19.25506
          ],
          [
            72.84916,
            19.25541
          ],
          [
            72.85,
            19.25614
          ],
          [
            72.85062,
            19.25664
          ],
          [
            72.85091,
            19.25686
          ],
          [
            72.852,
            19.25758
          ],
          [
            72.85224,
            19.25773
          ],
          [
            72.85254,
            19.25787
          ],
          [
            72.85368,
            19.25834
          ],
          [
            72.85424,
            19.25852
          ],
          [
            72.85467,
            19.25864
          ],
          [
            72.85516,
            19.25871
          ],
          [
            72.85563,
            19.25875
          ],
          [
            72.85633,
            19.25875
          ],
          [
            72.85702,
            19.25871
          ],
          [
            72.85739,
            19.25868
          ],
          [
            72.85781,
            19.25861
          ],
          [
            72.8582,
            19.25854
          ],
          [
            72.85904,
            19.25847
          ],
          [
            72.86213,
            19.2582
          ],
          [
            72.8625,
            19.25815
          ],
          [
            72.86285,
            19.25808
          ],
          [
            72.86315,
            19.25801
          ],
          [
            72.86416,
            19.25775
          ],
          [
            72.86515,
            19.25753
          ],
          [
            72.86558,
            19.25742
          ],
          [
            72.866,
            19.25729
          ],
          [
            72.86643,
            19.25716
          ],
          [
            72.86688,
            19.25699
          ],
          [
            72.86729,
            19.2568
          ],
          [
            72.86812,
            19.25641
          ],
          [
            72.86844,
            19.2562
          ],
          [
            72.8687,
            19.25597
          ],
          [
            72.86895,
            19.25568
          ],
          [
            72.86907,
            19.25543
          ],
          [
            72.86915,
            19.2551
          ],
          [
            72.86916,
            19.25476
          ],
          [
            72.86913,
            19.25439
          ],
          [
            72.86902,
            19.25406
          ],
          [
            72.86886,
            19.25376
          ],
          [
            72.86864,
            19.25343
          ],
          [
            72.86792,
            19.25238
          ],
          [
            72.86736,
            19.25156
          ]
        ]
      },
      "properties": {
        "segment_id": "mum-line-2a-seg-01",
        "line_id": "mum-line-2a",
        "line_name": "Line 2A (Dahisar E - Andheri W)",
        "city_id": "mumbai",
        "city": "Mumbai",
        "operator": "MMRDA",
        "status": "operational",
        "phase": "2A",
        "length_km": 17.8,
        "gauge": "standard",
        "inaugurated_on": "2022-04-02",
        "expected_completion": null,
        "stations_count": 19,
        "color": "#FFD700",
        "source": "osm",
        "references": [],
        "completion_unconfirmed": false,
        "last_verified": null,
        "retrieved_at": "2026-10-05",
        "geometry_quality": "exact"
      }
    },
    {
      "type": "Feature",
      "geometry": {
        "type": "LineString",
        "coordinates": [
          [
            72.8551,
            19.11368
          ],
          [
            72.85525,
            19.1145
          ],
          [
            72.85537,
            19.11534
          ],
          [
            72.85533,
            19.11534
          ],
          [
            72.85507,
            19.11368
          ],
          [
            72.8551,
            19.11368
          ],
          [
            72.859,
            19.17024
          ],
          [
            72.85881,
            19.16853
          ],
          [
            72.85875,
            19.16854
          ],
          [
            72.85894,
            19.17024
          ],
          [
            72.859,
            19.17024
          ],
          [
            72.85849,
            19.16655
          ],
          [
            72.85764,
            19.16066
          ],
          [
            72.85743,
            19.15893
          ],
          [
            72.85722,
            19.15736
          ],
          [
            72.85696,
            19.15547
          ],
          [
            72.85676,
            19.15429
          ],
          [
            72.85662,
            19.15241
          ],
          [
            72.85654,
            19.15145
          ],
          [
            72.85618,
            19.14864
          ],
          [
            72.85592,
            19.14573
          ],
          [
            72.85582,
            19.14495
          ],
          [
            72.85567,
            19.14442
          ],
          [
            72.85521,
            19.14293
          ],
          [
            72.85484,
            19.14176
          ],
          [
            72.85475,
            19.1414
          ],
          [
            72.85471,
            19.14102
          ],
          [
            72.85472,
            19.14058
          ],
          [
            72.85483,
            19.13853
          ],
          [
            72.85492,
            19.13807
          ],
          [
            72.85508,
            19.13712
          ],
          [
            72.85514,
            19.13638
          ],
          [
            72.85543,
            19.12948
          ],
          [
            72.85546,
            19.12845
          ],
          [
            72.85547,
            19.12767
          ],
          [
            72.85551,
            19.12721
          ],
          [
            72.85561,
            19.1267
          ],
          [
            72.85568,
            19.1265
          ],
          [
            72.85575,
            19.12635
          ],
          [
            72.85619,
            19.12558
          ],
          [
            72.85641,
            19.12522
          ],
          [
            72.85642,
            19.1252
          ],
          [
            72.85657,
            19.12485
          ],
          [
            72.85664,
            19.12449
          ],
          [
            72.85667,
            19.12407
          ],
          [
            72.85667,
            19.12381
          ],
          [
            72.85665,
            19.12355
          ],
          [
            72.85657,
            19.12313
          ],
          [
            72.85618,
            19.12152
          ],
          [
            72.8561,
            19.12109
          ],
          [
            72.85604,
            19.12061
          ],
          [
            72.85598,
            19.11987
          ],
          [
            72.85592,
            19.11941
          ],
          [
            72.8557,
            19.11821
          ],
          [
            72.85552,
            19.11697
          ],
          [
            72.85543,
            19.11624
          ],
          [
            72.85518,
            19.11451
          ],
          [
            72.85849,
            19.16655
          ],
          [
            72.85861,
            19.16755
          ],
          [
            72.85884,
            19.16953
          ],
          [
            72.85901,
            19.17105
          ],
          [
            72.85903,
            19.17128
          ],
          [
            72.8593,
            19.17403
          ],
          [
            72.8593,
            19.17434
          ],
          [
            72.8593,
            19.17455
          ],
          [
            72.85927,
            19.17496
          ],
          [
            72.85921,
            19.17542
          ],
          [
            72.85909,
            19.17584
          ],
          [
            72.8585,
            19.17762
          ],
          [
            72.8584,
            19.17805
          ],
          [
            72.85835,
            19.17839
          ],
          [
            72.85834,
            19.17873
          ],
          [
            72.85832,
            19.17976
          ],
          [
            72.85829,
            19.18086
          ],
          [
            72.85837,
            19.18194
          ],
          [
            72.85839,
            19.18411
          ],
          [
            72.85843,
            19.18449
          ],
          [
            72.85851,
            19.18511
          ],
          [
            72.85854,
            19.18541
          ],
          [
            72.85854,
            19.1871
          ],
          [
            72.85853,
            19.18834
          ],
          [
            72.85853,
            19.18876
          ],
          [
            72.85849,
            19.18914
          ],
          [
            72.85835,
            19.18986
          ],
          [
            72.85832,
            19.19022
          ],
          [
            72.85831,
            19.19105
          ],
          [
            72.85833,
            19.19139
          ],
          [
            72.85843,
            19.19174
          ],
          [
            72.85861,
            19.19205
          ],
          [
            72.8592,
            19.1931
          ],
          [
            72.8594,
            19.19344
          ],
          [
            72.85958,
            19.1938
          ],
          [
            72.85985,
            19.19449
          ],
          [
            72.86065,
            19.19831
          ],
          [
            72.86081,
            19.19908
          ],
          [
            72.86103,
            19.19989
          ],
          [
            72.8614,
            19.20093
          ],
          [
            72.86163,
            19.20148
          ],
          [
            72.86188,
            19.20195
          ],
          [
            72.86223,
            19.2025
          ],
          [
            72.86257,
            19.20297
          ],
          [
            72.86334,
            19.20376
          ],
          [
            72.86669,
            19.20722
          ],
          [
            72.86719,
            19.20784
          ],
          [
            72.86766,
            19.20854
          ],
          [
            72.86805,
            19.20931
          ],
          [
            72.86826,
            19.21004
          ],
          [
            72.86838,
            19.21089
          ],
          [
            72.86836,
            19.21184
          ],
          [
            72.86829,
            19.21245
          ],
          [
            72.86815,
            19.21306
          ],
          [
            72.8668,
            19.21713
          ],
          [
            72.86644,
            19.21816
          ],
          [
            72.86529,
            19.22111
          ],
          [
            72.86423,
            19.22434
          ],
          [
            72.86352,
            19.22636
          ],
          [
            72.86336,
            19.22691
          ],
          [
            72.86324,
            19.22752
          ],
          [
            72.86322,
            19.22783
          ],
          [
            72.86318,
            19.23377
          ],
          [
            72.86316,
            19.23462
          ],
          [
            72.86315,
            19.23557
          ],
          [
            72.86317,
            19.23605
          ],
          [
            72.86321,
            19.23652
          ],
          [
            72.8638,
            19.24024
          ],
          [
            72.86397,
            19.24133
          ],
          [
            72.86402,
            19.2419
          ],
          [
            72.86413,
            19.24247
          ],
          [
            72.8642,
            19.24294
          ],
          [
            72.86451,
            19.24536
          ],
          [
            72.86462,
            19.24605
          ],
          [
            72.86464,
            19.24621
          ],
          [
            72.86475,
            19.24689
          ],
          [
            72.86479,
            19.24713
          ],
          [
            72.86484,
            19.24739
          ],
          [
            72.86491,
            19.24764
          ],
          [
            72.86498,
            19.24787
          ],
          [
            72.86507,
            19.24812
          ],
          [
            72.86521,
            19.24844
          ],
          [
            72.86541,
            19.24883
          ],
          [
            72.8656,
            19.24911
          ],
          [
            72.86666,
            19.25062
          ]
        ]
      },
      "properties": {
        "segment_id": "mum-line-7-seg-01",
        "line_id": "mum-line-7",
        "line_name": "Line 7 (Dahisar E - Gundavali)",
        "city_id": "mumbai",
        "city": "Mumbai",
        "operator": "MMRDA",
        "status": "operational",
        "phase": "1",
        "length_km": 29,
        "gauge": "standard",
        "inaugurated_on": "2022-04-02",
        "expected_completion": null,
        "stations_count": 16,
        "color": "#ED1C24",
        "source": "osm",
        "references": [],
        "completion_unconfirmed": false,
        "last_verified": null,
        "retrieved_at": "2026-10-05",
        "geometry_quality": "exact"
      }
    },
    {
      "type": "Feature",
      "geometry": {
        "type": "LineString",
        "coordinates": [
          [
            72.8842,
            19.13105
          ],
          [
            72.87907,
            19.13165
          ],
          [
            72.87878,
            19.13165
          ],
          [
            72.87856,
            19.13163
          ],
          [
            72.87835,
            19.13159
          ],
          [
            72.87816,
            19.13153
          ],
          [
            72.87788,
            19.13143
          ],
          [
            72.87769,
            19.13133
          ],
          [
            72.87743,
            19.13115
          ],
          [
            72.87719,
            19.13094
          ],
          [
            72.87704,
            19.13078
          ],
          [
            72.87445,
            19.12693
          ],
          [
            72.87327,
            19.12529
          ],
          [
            72.87291,
            19.12479
          ],
          [
            72.8725,
            19.12431
          ],
          [
            72.87152,
            19.12303
          ],
          [
            72.87077,
            19.1221
          ],
          [
            72.87068,
            19.1217
          ],
          [
            72.87061,
            19.121
          ],
          [
            72.87038,
            19.11964
          ],
          [
            72.87037,
            19.11944
          ],
          [
            72.87044,
            19.11913
          ],
          [
            72.8705,
            19.11899
          ],
          [
            72.8706,
            19.11882
          ],
          [
            72.87069,
            19.1187
          ],
          [
            72.87113,
            19.11832
          ],
          [
            72.87174,
            19.118
          ],
          [
            72.87232,
            19.11777
          ],
          [
            72.87276,
            19.11765
          ],
          [
            72.87327,
            19.11751
          ],
          [
            72.87421,
            19.11729
          ],
          [
            72.87462,
            19.11719
          ],
          [
            72.87507,
            19.11709
          ],
          [
            72.87586,
            19.11687
          ],
          [
            72.87645,
            19.11662
          ],
          [
            72.87677,
            19.11636
          ],
          [
            72.87709,
            19.11594
          ],
          [
            72.87735,
            19.11536
          ],
          [
            72.87744,
            19.11487
          ],
          [
            72.87752,
            19.11346
          ],
          [
            72.87756,
            19.11304
          ],
          [
            72.87767,
            19.11258
          ],
          [
            72.8778,
            19.1122
          ],
          [
            72.87813,
            19.1114
          ],
          [
            72.87833,
            19.11097
          ],
          [
            72.87842,
            19.11053
          ],
          [
            72.87852,
            19.10988
          ],
          [
            72.87854,
            19.10975
          ],
          [
            72.87861,
            19.10907
          ],
          [
            72.87869,
            19.10828
          ],
          [
            72.87872,
            19.10743
          ],
          [
            72.87871,
            19.10695
          ],
          [
            72.87864,
            19.10648
          ],
          [
            72.87855,
            19.10605
          ],
          [
            72.87829,
            19.10506
          ],
          [
            72.87813,
            19.10453
          ],
          [
            72.87765,
            19.10364
          ],
          [
            72.87743,
            19.10333
          ],
          [
            72.87733,
            19.10315
          ],
          [
            72.87698,
            19.10269
          ],
          [
            72.87691,
            19.10262
          ],
          [
            72.87683,
            19.10255
          ],
          [
            72.87676,
            19.10249
          ],
          [
            72.87667,
            19.10244
          ],
          [
            72.87658,
            19.10239
          ],
          [
            72.87649,
            19.10234
          ],
          [
            72.87639,
            19.1023
          ],
          [
            72.87629,
            19.10226
          ],
          [
            72.87619,
            19.10223
          ],
          [
            72.87608,
            19.10221
          ],
          [
            72.87597,
            19.1022
          ],
          [
            72.87367,
            19.10216
          ],
          [
            72.87179,
            19.10213
          ],
          [
            72.87162,
            19.10213
          ],
          [
            72.87136,
            19.10213
          ],
          [
            72.87127,
            19.10213
          ],
          [
            72.87124,
            19.10213
          ],
          [
            72.86683,
            19.10209
          ],
          [
            72.86544,
            19.10206
          ],
          [
            72.86471,
            19.10206
          ],
          [
            72.86401,
            19.10204
          ],
          [
            72.86333,
            19.10207
          ],
          [
            72.86287,
            19.10207
          ],
          [
            72.86198,
            19.1019
          ],
          [
            72.85938,
            19.10092
          ],
          [
            72.85786,
            19.10011
          ],
          [
            72.85732,
            19.10001
          ],
          [
            72.85683,
            19.0997
          ],
          [
            72.85658,
            19.09944
          ],
          [
            72.85639,
            19.09902
          ],
          [
            72.85639,
            19.09879
          ],
          [
            72.85659,
            19.09795
          ],
          [
            72.85713,
            19.09666
          ],
          [
            72.85718,
            19.09616
          ],
          [
            72.85714,
            19.09587
          ],
          [
            72.857,
            19.09554
          ],
          [
            72.85625,
            19.09501
          ],
          [
            72.85308,
            19.09362
          ],
          [
            72.85255,
            19.09339
          ],
          [
            72.85146,
            19.09296
          ],
          [
            72.85023,
            19.09239
          ],
          [
            72.84899,
            19.09139
          ],
          [
            72.84788,
            19.08941
          ],
          [
            72.84786,
            19.08937
          ],
          [
            72.84708,
            19.08737
          ],
          [
            72.84697,
            19.08676
          ],
          [
            72.84707,
            19.08471
          ],
          [
            72.84709,
            19.08416
          ],
          [
            72.84716,
            19.08276
          ],
          [
            72.84717,
            19.07997
          ],
          [
            72.84714,
            19.07874
          ],
          [
            72.84712,
            19.07776
          ],
          [
            72.84705,
            19.07486
          ],
          [
            72.84744,
            19.07341
          ],
          [
            72.84984,
            19.06931
          ],
          [
            72.8506,
            19.06793
          ],
          [
            72.85214,
            19.06503
          ],
          [
            72.85382,
            19.06216
          ],
          [
            72.85496,
            19.06023
          ],
          [
            72.85609,
            19.05833
          ],
          [
            72.85658,
            19.05665
          ],
          [
            72.85653,
            19.05443
          ],
          [
            72.85601,
            19.0521
          ],
          [
            72.85505,
            19.05043
          ],
          [
            72.85456,
            19.0494
          ],
          [
            72.85391,
            19.0486
          ],
          [
            72.85224,
            19.04714
          ],
          [
            72.85148,
            19.04668
          ],
          [
            72.85111,
            19.04654
          ],
          [
            72.85007,
            19.04632
          ],
          [
            72.84942,
            19.04615
          ],
          [
            72.84658,
            19.0455
          ],
          [
            72.8452,
            19.04527
          ],
          [
            72.84389,
            19.0451
          ],
          [
            72.84304,
            19.04472
          ],
          [
            72.84231,
            19.04383
          ],
          [
            72.8417,
            19.0425
          ],
          [
            72.84149,
            19.04086
          ],
          [
            72.84154,
            19.03986
          ],
          [
            72.84181,
            19.03903
          ],
          [
            72.84204,
            19.03832
          ],
          [
            72.84225,
            19.03733
          ],
          [
            72.84237,
            19.03611
          ],
          [
            72.84233,
            19.03468
          ],
          [
            72.84218,
            19.03227
          ],
          [
            72.84195,
            19.03109
          ],
          [
            72.84152,
            19.02914
          ],
          [
            72.84077,
            19.02562
          ],
          [
            72.8405,
            19.02509
          ],
          [
            72.83905,
            19.02335
          ],
          [
            72.83841,
            19.02263
          ],
          [
            72.83756,
            19.02155
          ],
          [
            72.83659,
            19.02004
          ],
          [
            72.83608,
            19.01898
          ],
          [
            72.83523,
            19.01719
          ],
          [
            72.83444,
            19.01609
          ],
          [
            72.83372,
            19.01566
          ],
          [
            72.83259,
            19.01549
          ],
          [
            72.83133,
            19.01576
          ],
          [
            72.83056,
            19.01596
          ],
          [
            72.8293,
            19.0163
          ],
          [
            72.82859,
            19.0163
          ],
          [
            72.82805,
            19.01599
          ],
          [
            72.82723,
            19.01539
          ],
          [
            72.82564,
            19.01434
          ],
          [
            72.82399,
            19.01324
          ],
          [
            72.82348,
            19.01292
          ],
          [
            72.82213,
            19.01223
          ],
          [
            72.82141,
            19.01173
          ],
          [
            72.82083,
            19.01119
          ],
          [
            72.82036,
            19.01048
          ],
          [
            72.81977,
            19.00943
          ],
          [
            72.81929,
            19.0086
          ],
          [
            72.81853,
            19.00727
          ],
          [
            72.81676,
            19.00443
          ],
          [
            72.8166,
            19.00417
          ],
          [
            72.81629,
            19.00369
          ],
          [
            72.81606,
            19.0031
          ],
          [
            72.81606,
            19.00305
          ],
          [
            72.81605,
            19.00258
          ],
          [
            72.81657,
            19.00041
          ],
          [
            72.81774,
            18.99783
          ],
          [
            72.8179,
            18.99753
          ],
          [
            72.81941,
            18.99477
          ],
          [
            72.82138,
            18.9909
          ],
          [
            72.8239,
            18.98625
          ],
          [
            72.8247,
            18.98465
          ],
          [
            72.82561,
            18.98307
          ],
          [
            72.82624,
            18.98209
          ],
          [
            72.82658,
            18.98148
          ],
          [
            72.8266,
            18.98137
          ],
          [
            72.82663,
            18.98114
          ],
          [
            72.82653,
            18.98086
          ],
          [
            72.82598,
            18.98013
          ],
          [
            72.82542,
            18.97945
          ],
          [
            72.82429,
            18.97824
          ],
          [
            72.82417,
            18.97757
          ],
          [
            72.82388,
            18.9765
          ],
          [
            72.82344,
            18.97537
          ],
          [
            72.82272,
            18.97383
          ],
          [
            72.82196,
            18.97219
          ],
          [
            72.82155,
            18.97081
          ],
          [
            72.82148,
            18.97057
          ],
          [
            72.8212,
            18.96998
          ],
          [
            72.82047,
            18.96824
          ],
          [
            72.81954,
            18.96653
          ],
          [
            72.81948,
            18.96641
          ],
          [
            72.81903,
            18.96569
          ],
          [
            72.81872,
            18.96496
          ],
          [
            72.81832,
            18.96394
          ],
          [
            72.81807,
            18.96321
          ],
          [
            72.81771,
            18.96232
          ],
          [
            72.81757,
            18.96192
          ],
          [
            72.81748,
            18.9616
          ],
          [
            72.81737,
            18.96096
          ],
          [
            72.81731,
            18.96015
          ],
          [
            72.8173,
            18.96003
          ],
          [
            72.81731,
            18.95992
          ],
          [
            72.81734,
            18.95965
          ],
          [
            72.81734,
            18.95948
          ],
          [
            72.81736,
            18.95932
          ],
          [
            72.81737,
            18.95923
          ],
          [
            72.81736,
            18.95901
          ],
          [
            72.81745,
            18.95784
          ],
          [
            72.8178,
            18.95657
          ],
          [
            72.81861,
            18.95532
          ],
          [
            72.82113,
            18.95327
          ],
          [
            72.82195,
            18.95242
          ],
          [
            72.82224,
            18.95213
          ],
          [
            72.82251,
            18.95183
          ],
          [
            72.82347,
            18.95093
          ],
          [
            72.8246,
            18.94973
          ],
          [
            72.82538,
            18.94886
          ],
          [
            72.82625,
            18.94791
          ],
          [
            72.82652,
            18.9476
          ],
          [
            72.82673,
            18.94726
          ],
          [
            72.8272,
            18.94635
          ],
          [
            72.82765,
            18.94559
          ],
          [
            72.82868,
            18.94392
          ],
          [
            72.82905,
            18.94352
          ],
          [
            72.83022,
            18.94218
          ],
          [
            72.83086,
            18.94162
          ],
          [
            72.8319,
            18.94087
          ],
          [
            72.83376,
            18.93956
          ],
          [
            72.83424,
            18.93909
          ],
          [
            72.83444,
            18.93867
          ],
          [
            72.83448,
            18.93832
          ],
          [
            72.83429,
            18.93754
          ],
          [
            72.83385,
            18.93622
          ],
          [
            72.83381,
            18.93614
          ],
          [
            72.8333,
            18.93524
          ],
          [
            72.83252,
            18.93417
          ],
          [
            72.83182,
            18.9332
          ],
          [
            72.83148,
            18.93284
          ],
          [
            72.83119,
            18.93267
          ],
          [
            72.8308,
            18.93259
          ],
          [
            72.83,
            18.93268
          ],
          [
            72.82882,
            18.93285
          ],
          [
            72.82838,
            18.93277
          ],
          [
            72.82806,
            18.93254
          ],
          [
            72.82769,
            18.93227
          ],
          [
            72.82696,
            18.93148
          ],
          [
            72.82554,
            18.92973
          ],
          [
            72.8255,
            18.92967
          ],
          [
            72.82548,
            18.92965
          ],
          [
            72.82513,
            18.92923
          ],
          [
            72.82476,
            18.92824
          ],
          [
            72.82487,
            18.92733
          ],
          [
            72.82526,
            18.9255
          ],
          [
            72.82555,
            18.92481
          ],
          [
            72.82641,
            18.92293
          ],
          [
            72.82649,
            18.9218
          ],
          [
            72.82589,
            18.91951
          ],
          [
            72.82554,
            18.91887
          ],
          [
            72.82452,
            18.91763
          ],
          [
            72.82315,
            18.91636
          ],
          [
            72.82075,
            18.91354
          ],
          [
            72.81894,
            18.91145
          ]
        ]
      },
      "properties": {
        "segment_id": "mum-line-3-seg-01",
        "line_id": "mum-line-3",
        "line_name": "Line 3 Aqua (Aarey JVLR - BKC)",
        "city_id": "mumbai",
        "city": "Mumbai",
        "operator": "MMRDA",
        "status": "operational",
        "phase": "3",
        "length_km": 33,
        "gauge": "standard",
        "inaugurated_on": "2024-10-07",
        "expected_completion": null,
        "stations_count": 27,
        "color": "#00A3E0",
        "source": "osm",
        "references": [],
        "completion_unconfirmed": false,
        "last_verified": null,
        "retrieved_at": "2026-10-05",
        "geometry_quality": "exact"
      }
    },
    {
      "type": "Feature",
      "geometry": {
        "type": "LineString",
        "coordinates": [
          [
            72.94339,
            19.28485
          ],
          [
            72.94188,
            19.28505
          ],
          [
            72.94134,
            19.28519
          ],
          [
            72.94076,
            19.28548
          ],
          [
            72.94023,
            19.28586
          ],
          [
            72.93927,
            19.28665
          ],
          [
            72.9391,
            19.28677
          ],
          [
            72.939,
            19.28682
          ],
          [
            72.93878,
            19.28683
          ],
          [
            72.93813,
            19.2867
          ],
          [
            72.93791,
            19.28662
          ],
          [
            72.93777,
            19.28652
          ],
          [
            72.93767,
            19.28637
          ],
          [
            72.93743,
            19.28588
          ],
          [
            72.9373,
            19.28567
          ],
          [
            72.93711,
            19.28552
          ],
          [
            72.93684,
            19.28536
          ],
          [
            72.93636,
            19.28517
          ],
          [
            72.93597,
            19.2851
          ],
          [
            72.93559,
            19.28512
          ],
          [
            72.93517,
            19.2853
          ],
          [
            72.93486,
            19.2855
          ],
          [
            72.93469,
            19.28557
          ],
          [
            72.93453,
            19.28559
          ],
          [
            72.9337,
            19.28546
          ],
          [
            72.93248,
            19.28521
          ],
          [
            72.93195,
            19.28507
          ],
          [
            72.93174,
            19.28494
          ],
          [
            72.93161,
            19.28473
          ],
          [
            72.93164,
            19.2839
          ],
          [
            72.93161,
            19.28365
          ],
          [
            72.93121,
            19.28157
          ],
          [
            72.9312,
            19.2807
          ],
          [
            72.93112,
            19.28051
          ],
          [
            72.9309,
            19.28031
          ],
          [
            72.9305,
            19.28016
          ],
          [
            72.93022,
            19.28013
          ],
          [
            72.93,
            19.28017
          ],
          [
            72.92981,
            19.28026
          ],
          [
            72.92847,
            19.28103
          ],
          [
            72.9283,
            19.28109
          ],
          [
            72.92811,
            19.28111
          ],
          [
            72.9279,
            19.28108
          ],
          [
            72.92772,
            19.28103
          ],
          [
            72.92515,
            19.28024
          ],
          [
            72.92472,
            19.2801
          ],
          [
            72.92445,
            19.27996
          ],
          [
            72.92368,
            19.27947
          ],
          [
            72.92332,
            19.27928
          ],
          [
            72.92275,
            19.27898
          ],
          [
            72.92256,
            19.27879
          ],
          [
            72.92229,
            19.27849
          ],
          [
            72.9221,
            19.27845
          ],
          [
            72.92175,
            19.2785
          ],
          [
            72.92032,
            19.27902
          ],
          [
            72.91998,
            19.27907
          ],
          [
            72.91968,
            19.27904
          ],
          [
            72.91942,
            19.27896
          ],
          [
            72.91913,
            19.2788
          ],
          [
            72.91892,
            19.27864
          ],
          [
            72.91494,
            19.27407
          ],
          [
            72.9147,
            19.27384
          ],
          [
            72.91445,
            19.27368
          ],
          [
            72.91409,
            19.27356
          ],
          [
            72.91376,
            19.27362
          ],
          [
            72.9135,
            19.2738
          ],
          [
            72.9133,
            19.27404
          ],
          [
            72.91202,
            19.2763
          ],
          [
            72.91182,
            19.27681
          ],
          [
            72.91176,
            19.27702
          ],
          [
            72.91166,
            19.27763
          ],
          [
            72.91149,
            19.27801
          ],
          [
            72.91052,
            19.27962
          ],
          [
            72.91033,
            19.27989
          ],
          [
            72.91011,
            19.28008
          ],
          [
            72.90908,
            19.28079
          ],
          [
            72.90831,
            19.28154
          ],
          [
            72.90785,
            19.28191
          ],
          [
            72.90707,
            19.28246
          ],
          [
            72.90649,
            19.28297
          ],
          [
            72.90586,
            19.28353
          ],
          [
            72.90504,
            19.2845
          ],
          [
            72.90462,
            19.28499
          ],
          [
            72.90451,
            19.28507
          ],
          [
            72.90433,
            19.28511
          ],
          [
            72.90409,
            19.28505
          ],
          [
            72.90367,
            19.28479
          ],
          [
            72.90326,
            19.28463
          ],
          [
            72.90272,
            19.28454
          ],
          [
            72.90223,
            19.28452
          ],
          [
            72.90175,
            19.28464
          ],
          [
            72.8977,
            19.28588
          ],
          [
            72.8974,
            19.28593
          ],
          [
            72.89702,
            19.28595
          ],
          [
            72.89589,
            19.28594
          ],
          [
            72.89543,
            19.28604
          ],
          [
            72.89419,
            19.28672
          ],
          [
            72.89387,
            19.28682
          ],
          [
            72.8935,
            19.28687
          ],
          [
            72.89307,
            19.28691
          ],
          [
            72.89283,
            19.28689
          ],
          [
            72.89258,
            19.28681
          ],
          [
            72.89245,
            19.28672
          ],
          [
            72.89232,
            19.28658
          ],
          [
            72.89221,
            19.28637
          ],
          [
            72.89218,
            19.28615
          ],
          [
            72.89225,
            19.28525
          ],
          [
            72.89223,
            19.28484
          ],
          [
            72.89217,
            19.28441
          ],
          [
            72.89112,
            19.27924
          ],
          [
            72.8909,
            19.27859
          ],
          [
            72.89064,
            19.27807
          ],
          [
            72.89026,
            19.2775
          ],
          [
            72.88976,
            19.2769
          ],
          [
            72.88902,
            19.27625
          ],
          [
            72.88796,
            19.27579
          ],
          [
            72.88516,
            19.27399
          ],
          [
            72.88201,
            19.27191
          ],
          [
            72.9434,
            19.28492
          ],
          [
            72.94415,
            19.28482
          ],
          [
            72.94492,
            19.28472
          ],
          [
            72.94507,
            19.2847
          ],
          [
            72.94829,
            19.2843
          ],
          [
            72.94852,
            19.28427
          ],
          [
            72.94931,
            19.28417
          ],
          [
            72.9498,
            19.28411
          ],
          [
            72.94995,
            19.28409
          ],
          [
            72.95072,
            19.28399
          ],
          [
            72.9509,
            19.28397
          ],
          [
            72.95149,
            19.28389
          ],
          [
            72.95169,
            19.28385
          ],
          [
            72.95189,
            19.2838
          ],
          [
            72.95205,
            19.28373
          ],
          [
            72.95224,
            19.28364
          ],
          [
            72.9524,
            19.28354
          ],
          [
            72.95273,
            19.2833
          ],
          [
            72.9529,
            19.28319
          ],
          [
            72.95311,
            19.28307
          ],
          [
            72.954,
            19.28264
          ],
          [
            72.9542,
            19.28254
          ],
          [
            72.95438,
            19.2824
          ],
          [
            72.95456,
            19.28224
          ],
          [
            72.95475,
            19.28203
          ],
          [
            72.95487,
            19.28186
          ],
          [
            72.955,
            19.2816
          ],
          [
            72.95539,
            19.28078
          ],
          [
            72.95552,
            19.2805
          ],
          [
            72.95567,
            19.28023
          ],
          [
            72.95589,
            19.27987
          ],
          [
            72.95616,
            19.27945
          ],
          [
            72.95645,
            19.279
          ],
          [
            72.95678,
            19.27857
          ],
          [
            72.95757,
            19.27761
          ],
          [
            72.95854,
            19.27646
          ],
          [
            72.95866,
            19.2763
          ],
          [
            72.95923,
            19.27563
          ],
          [
            72.95967,
            19.27511
          ],
          [
            72.95983,
            19.27494
          ],
          [
            72.95995,
            19.27482
          ],
          [
            72.96014,
            19.27463
          ],
          [
            72.96037,
            19.27442
          ],
          [
            72.97671,
            19.23057
          ],
          [
            72.97703,
            19.22783
          ],
          [
            72.97718,
            19.22652
          ],
          [
            72.97722,
            19.22534
          ],
          [
            72.97755,
            19.22259
          ],
          [
            72.97763,
            19.22071
          ],
          [
            72.97783,
            19.21908
          ],
          [
            72.97793,
            19.21795
          ],
          [
            72.978,
            19.21735
          ],
          [
            72.97799,
            19.21698
          ],
          [
            72.97795,
            19.21672
          ],
          [
            72.97771,
            19.21583
          ],
          [
            72.97761,
            19.21546
          ],
          [
            72.9775,
            19.21444
          ],
          [
            72.97734,
            19.21376
          ],
          [
            72.97728,
            19.21353
          ],
          [
            72.97721,
            19.21331
          ],
          [
            72.97714,
            19.21311
          ],
          [
            72.97704,
            19.2129
          ],
          [
            72.97693,
            19.21272
          ],
          [
            72.97675,
            19.21253
          ],
          [
            72.97643,
            19.2122
          ],
          [
            72.97577,
            19.21156
          ],
          [
            72.97511,
            19.21091
          ],
          [
            72.97371,
            19.20956
          ],
          [
            72.97303,
            19.20888
          ],
          [
            72.97095,
            19.20686
          ],
          [
            72.9697,
            19.20566
          ],
          [
            72.96937,
            19.20535
          ],
          [
            72.96848,
            19.20449
          ],
          [
            72.96709,
            19.20317
          ],
          [
            72.96631,
            19.20245
          ],
          [
            72.96558,
            19.20175
          ],
          [
            72.96506,
            19.20125
          ],
          [
            72.96433,
            19.20056
          ],
          [
            72.96418,
            19.20043
          ],
          [
            72.9638,
            19.20006
          ],
          [
            72.96355,
            19.19979
          ],
          [
            72.9634,
            19.19962
          ],
          [
            72.96311,
            19.19922
          ],
          [
            72.96297,
            19.19899
          ],
          [
            72.96273,
            19.19852
          ],
          [
            72.96262,
            19.19825
          ],
          [
            72.96247,
            19.19783
          ],
          [
            72.96239,
            19.1975
          ],
          [
            72.96233,
            19.1972
          ],
          [
            72.9623,
            19.19685
          ],
          [
            72.96229,
            19.19648
          ],
          [
            72.9623,
            19.1961
          ],
          [
            72.96233,
            19.19583
          ],
          [
            72.96259,
            19.19418
          ],
          [
            72.96275,
            19.19252
          ],
          [
            72.96279,
            19.1929
          ],
          [
            72.96287,
            19.19245
          ],
          [
            72.96296,
            19.19194
          ],
          [
            72.96313,
            19.19113
          ],
          [
            72.9634,
            19.18942
          ],
          [
            72.96344,
            19.18916
          ],
          [
            72.96345,
            19.18906
          ],
          [
            72.96346,
            19.18896
          ],
          [
            72.96345,
            19.18886
          ],
          [
            72.96344,
            19.18875
          ],
          [
            72.96343,
            19.18865
          ],
          [
            72.9634,
            19.18856
          ],
          [
            72.96336,
            19.18846
          ],
          [
            72.96332,
            19.18837
          ],
          [
            72.96327,
            19.18828
          ],
          [
            72.96321,
            19.1882
          ],
          [
            72.96314,
            19.18812
          ],
          [
            72.96292,
            19.18792
          ],
          [
            72.96243,
            19.18762
          ],
          [
            72.96159,
            19.18705
          ],
          [
            72.96082,
            19.1866
          ],
          [
            72.96035,
            19.18636
          ],
          [
            72.95966,
            19.18614
          ],
          [
            72.95805,
            19.18578
          ],
          [
            72.95775,
            19.18573
          ],
          [
            72.95687,
            19.18568
          ],
          [
            72.95649,
            19.18565
          ],
          [
            72.95636,
            19.18564
          ],
          [
            72.95624,
            19.18561
          ],
          [
            72.95612,
            19.18557
          ],
          [
            72.956,
            19.18553
          ],
          [
            72.95589,
            19.18548
          ],
          [
            72.95578,
            19.18541
          ],
          [
            72.95569,
            19.18534
          ],
          [
            72.95542,
            19.1851
          ],
          [
            72.95521,
            19.1849
          ],
          [
            72.95488,
            19.18465
          ],
          [
            72.95456,
            19.18448
          ],
          [
            72.95378,
            19.18415
          ],
          [
            72.95333,
            19.18395
          ],
          [
            72.95297,
            19.1838
          ],
          [
            72.9526,
            19.1837
          ],
          [
            72.95221,
            19.18362
          ],
          [
            72.95188,
            19.18356
          ],
          [
            72.95084,
            19.18342
          ],
          [
            72.95016,
            19.18336
          ],
          [
            72.94918,
            19.18332
          ],
          [
            72.94877,
            19.18327
          ],
          [
            72.94852,
            19.18322
          ],
          [
            72.9483,
            19.18315
          ],
          [
            72.94803,
            19.18303
          ],
          [
            72.94781,
            19.18287
          ],
          [
            72.94758,
            19.18265
          ],
          [
            72.94727,
            19.1823
          ],
          [
            72.94701,
            19.18198
          ],
          [
            72.94674,
            19.18158
          ],
          [
            72.94648,
            19.18115
          ],
          [
            72.94552,
            19.17938
          ],
          [
            72.94535,
            19.17908
          ],
          [
            72.94521,
            19.17885
          ],
          [
            72.94489,
            19.1785
          ],
          [
            72.94457,
            19.17822
          ],
          [
            72.94421,
            19.1779
          ],
          [
            72.94394,
            19.17766
          ],
          [
            72.9437,
            19.17739
          ],
          [
            72.94357,
            19.1772
          ],
          [
            72.94327,
            19.17674
          ],
          [
            72.94256,
            19.17568
          ],
          [
            72.942,
            19.17486
          ],
          [
            72.94176,
            19.17452
          ],
          [
            72.94157,
            19.17415
          ],
          [
            72.94145,
            19.1738
          ],
          [
            72.94093,
            19.1721
          ],
          [
            72.9405,
            19.17109
          ],
          [
            72.93986,
            19.16963
          ],
          [
            72.93906,
            19.16771
          ],
          [
            72.93843,
            19.1662
          ],
          [
            72.93794,
            19.16513
          ],
          [
            72.93779,
            19.16472
          ],
          [
            72.93775,
            19.16431
          ],
          [
            72.93765,
            19.15991
          ],
          [
            72.93764,
            19.1587
          ],
          [
            72.93765,
            19.15772
          ],
          [
            72.93759,
            19.15629
          ],
          [
            72.93756,
            19.15552
          ],
          [
            72.93756,
            19.15459
          ],
          [
            72.93764,
            19.15215
          ],
          [
            72.93765,
            19.15158
          ],
          [
            72.93768,
            19.15121
          ],
          [
            72.93791,
            19.14988
          ],
          [
            72.93802,
            19.1489
          ],
          [
            72.93798,
            19.14871
          ],
          [
            72.9379,
            19.1485
          ],
          [
            72.93771,
            19.14816
          ],
          [
            72.93647,
            19.14668
          ],
          [
            72.93512,
            19.14515
          ],
          [
            72.93428,
            19.14417
          ],
          [
            72.93368,
            19.14346
          ],
          [
            72.93318,
            19.14283
          ],
          [
            72.9326,
            19.14212
          ],
          [
            72.93219,
            19.14164
          ],
          [
            72.93188,
            19.14123
          ],
          [
            72.93172,
            19.14094
          ],
          [
            72.93156,
            19.14058
          ],
          [
            72.93121,
            19.13979
          ],
          [
            72.93077,
            19.13874
          ],
          [
            72.93042,
            19.13801
          ],
          [
            72.93013,
            19.1375
          ],
          [
            72.92984,
            19.13697
          ],
          [
            72.92956,
            19.1364
          ],
          [
            72.92891,
            19.1351
          ],
          [
            72.92835,
            19.13405
          ],
          [
            72.92772,
            19.13289
          ],
          [
            72.92698,
            19.13151
          ],
          [
            72.92632,
            19.13028
          ],
          [
            72.92561,
            19.12893
          ],
          [
            72.92548,
            19.12867
          ],
          [
            72.9254,
            19.12846
          ],
          [
            72.92534,
            19.12819
          ],
          [
            72.92532,
            19.12794
          ],
          [
            72.92537,
            19.12453
          ],
          [
            72.92539,
            19.1237
          ],
          [
            72.92544,
            19.12278
          ],
          [
            72.9255,
            19.1223
          ],
          [
            72.92554,
            19.12196
          ],
          [
            72.92598,
            19.11944
          ],
          [
            72.92608,
            19.11866
          ],
          [
            72.92614,
            19.11811
          ],
          [
            72.92618,
            19.117
          ],
          [
            72.92625,
            19.11567
          ],
          [
            72.92627,
            19.11445
          ],
          [
            72.92625,
            19.11339
          ],
          [
            72.92622,
            19.11296
          ],
          [
            72.92619,
            19.11261
          ],
          [
            72.9261,
            19.11222
          ],
          [
            72.92598,
            19.11177
          ],
          [
            72.92569,
            19.111
          ],
          [
            72.92546,
            19.11044
          ],
          [
            72.92528,
            19.1101
          ],
          [
            72.92483,
            19.10933
          ],
          [
            72.92416,
            19.1083
          ],
          [
            72.92386,
            19.10779
          ],
          [
            72.92359,
            19.10737
          ],
          [
            72.92267,
            19.10604
          ],
          [
            72.92239,
            19.10566
          ],
          [
            72.92169,
            19.10474
          ],
          [
            72.9214,
            19.10433
          ],
          [
            72.92108,
            19.10387
          ],
          [
            72.92072,
            19.10335
          ],
          [
            72.9201,
            19.10254
          ],
          [
            72.91868,
            19.10067
          ],
          [
            72.91722,
            19.09884
          ],
          [
            72.9162,
            19.09763
          ],
          [
            72.91585,
            19.09721
          ],
          [
            72.91579,
            19.09713
          ],
          [
            72.91573,
            19.09704
          ],
          [
            72.91568,
            19.09694
          ],
          [
            72.91565,
            19.09684
          ],
          [
            72.91562,
            19.09674
          ],
          [
            72.9156,
            19.09663
          ],
          [
            72.91559,
            19.09653
          ],
          [
            72.91559,
            19.09642
          ],
          [
            72.9156,
            19.09632
          ],
          [
            72.91563,
            19.09622
          ],
          [
            72.91566,
            19.09613
          ],
          [
            72.91569,
            19.09603
          ],
          [
            72.91574,
            19.09594
          ],
          [
            72.9158,
            19.09586
          ],
          [
            72.91586,
            19.09577
          ],
          [
            72.91613,
            19.09549
          ],
          [
            72.91678,
            19.09481
          ],
          [
            72.91707,
            19.09376
          ],
          [
            72.91765,
            19.09291
          ],
          [
            72.91802,
            19.09245
          ],
          [
            72.91858,
            19.0911
          ],
          [
            72.91861,
            19.08999
          ],
          [
            72.91844,
            19.08898
          ],
          [
            72.91798,
            19.08765
          ],
          [
            72.91772,
            19.08729
          ],
          [
            72.91619,
            19.08575
          ],
          [
            72.91549,
            19.08508
          ],
          [
            72.91486,
            19.08451
          ],
          [
            72.91453,
            19.08421
          ],
          [
            72.91425,
            19.08393
          ],
          [
            72.91148,
            19.08084
          ],
          [
            72.91139,
            19.08073
          ],
          [
            72.91125,
            19.08055
          ],
          [
            72.91113,
            19.08036
          ],
          [
            72.91095,
            19.08003
          ],
          [
            72.91077,
            19.0796
          ],
          [
            72.9106,
            19.07929
          ],
          [
            72.91035,
            19.07888
          ],
          [
            72.91024,
            19.07869
          ],
          [
            72.91007,
            19.07834
          ],
          [
            72.90988,
            19.07788
          ],
          [
            72.9098,
            19.07768
          ],
          [
            72.90958,
            19.07723
          ],
          [
            72.90938,
            19.07698
          ],
          [
            72.90859,
            19.07603
          ],
          [
            72.90813,
            19.0755
          ],
          [
            72.90804,
            19.0754
          ],
          [
            72.90794,
            19.0753
          ],
          [
            72.90784,
            19.0752
          ],
          [
            72.90773,
            19.07511
          ],
          [
            72.9076,
            19.075
          ],
          [
            72.90745,
            19.0749
          ],
          [
            72.90732,
            19.07482
          ],
          [
            72.90717,
            19.07473
          ],
          [
            72.90703,
            19.07466
          ],
          [
            72.90688,
            19.07459
          ],
          [
            72.90672,
            19.07453
          ],
          [
            72.90655,
            19.07448
          ],
          [
            72.90638,
            19.07443
          ],
          [
            72.90621,
            19.07439
          ],
          [
            72.90603,
            19.07437
          ],
          [
            72.90586,
            19.07435
          ],
          [
            72.90568,
            19.07434
          ],
          [
            72.90533,
            19.07433
          ],
          [
            72.9038,
            19.07434
          ],
          [
            72.90345,
            19.07426
          ],
          [
            72.90325,
            19.07415
          ],
          [
            72.90306,
            19.07395
          ],
          [
            72.90278,
            19.07333
          ],
          [
            72.90203,
            19.07183
          ],
          [
            72.90158,
            19.07108
          ],
          [
            72.90137,
            19.0707
          ],
          [
            72.90121,
            19.07038
          ],
          [
            72.90108,
            19.07004
          ],
          [
            72.90088,
            19.06955
          ],
          [
            72.90078,
            19.06927
          ],
          [
            72.90038,
            19.06838
          ],
          [
            72.9,
            19.06741
          ],
          [
            72.89956,
            19.0662
          ],
          [
            72.89941,
            19.06584
          ],
          [
            72.89893,
            19.06494
          ],
          [
            72.89864,
            19.0646
          ],
          [
            72.89739,
            19.06374
          ],
          [
            72.89271,
            19.06056
          ],
          [
            72.89095,
            19.05926
          ],
          [
            72.88882,
            19.05755
          ],
          [
            72.88732,
            19.0564
          ],
          [
            72.88599,
            19.0554
          ],
          [
            72.8852,
            19.05482
          ],
          [
            72.88434,
            19.05426
          ],
          [
            72.88362,
            19.05386
          ],
          [
            72.88283,
            19.05342
          ],
          [
            72.88224,
            19.05309
          ],
          [
            72.88194,
            19.05289
          ],
          [
            72.8817,
            19.05262
          ],
          [
            72.87817,
            19.0478
          ],
          [
            72.87814,
            19.04764
          ],
          [
            72.87819,
            19.0475
          ],
          [
            72.87834,
            19.04706
          ],
          [
            72.87909,
            19.04491
          ],
          [
            72.87919,
            19.04464
          ],
          [
            72.87925,
            19.04438
          ],
          [
            72.8793,
            19.04389
          ],
          [
            72.87935,
            19.04335
          ],
          [
            72.87945,
            19.04279
          ],
          [
            72.87961,
            19.04201
          ],
          [
            72.87969,
            19.04151
          ],
          [
            72.8798,
            19.04078
          ],
          [
            72.87999,
            19.03978
          ],
          [
            72.88012,
            19.03898
          ],
          [
            72.88026,
            19.03807
          ],
          [
            72.88038,
            19.03731
          ],
          [
            72.88043,
            19.03684
          ],
          [
            72.88042,
            19.03641
          ],
          [
            72.88031,
            19.0359
          ],
          [
            72.88015,
            19.03528
          ],
          [
            72.87996,
            19.03475
          ],
          [
            72.87975,
            19.03426
          ],
          [
            72.87928,
            19.03333
          ],
          [
            72.87878,
            19.03238
          ],
          [
            72.8786,
            19.03203
          ],
          [
            72.87847,
            19.03168
          ],
          [
            72.87841,
            19.03143
          ],
          [
            72.87833,
            19.03106
          ],
          [
            72.87817,
            19.03031
          ],
          [
            72.87791,
            19.02888
          ],
          [
            72.87782,
            19.02836
          ],
          [
            72.87774,
            19.0279
          ],
          [
            72.87725,
            19.02536
          ],
          [
            72.97671,
            19.23057
          ],
          [
            72.97668,
            19.23076
          ],
          [
            72.97652,
            19.23224
          ],
          [
            72.97641,
            19.23312
          ],
          [
            72.9762,
            19.23369
          ],
          [
            72.97609,
            19.23416
          ],
          [
            72.97561,
            19.23836
          ],
          [
            72.97549,
            19.23944
          ],
          [
            72.97546,
            19.23979
          ],
          [
            72.97547,
            19.24038
          ],
          [
            72.97553,
            19.24083
          ],
          [
            72.97567,
            19.24181
          ],
          [
            72.97574,
            19.24246
          ],
          [
            72.97577,
            19.24329
          ],
          [
            72.97574,
            19.24446
          ],
          [
            72.97567,
            19.24605
          ],
          [
            72.97562,
            19.24645
          ],
          [
            72.97551,
            19.24692
          ],
          [
            72.97542,
            19.24722
          ],
          [
            72.97517,
            19.24768
          ],
          [
            72.97445,
            19.24871
          ],
          [
            72.97382,
            19.24966
          ],
          [
            72.97349,
            19.2502
          ],
          [
            72.97326,
            19.25059
          ],
          [
            72.97297,
            19.2511
          ],
          [
            72.97267,
            19.25174
          ],
          [
            72.97235,
            19.25257
          ],
          [
            72.97101,
            19.25583
          ],
          [
            72.97085,
            19.25673
          ],
          [
            72.97075,
            19.25711
          ],
          [
            72.97037,
            19.25814
          ],
          [
            72.97013,
            19.25873
          ],
          [
            72.9683,
            19.26331
          ],
          [
            72.96713,
            19.26622
          ],
          [
            72.96667,
            19.26738
          ],
          [
            72.96665,
            19.26743
          ],
          [
            72.96644,
            19.2679
          ],
          [
            72.96618,
            19.26845
          ],
          [
            72.96597,
            19.26881
          ],
          [
            72.96573,
            19.2692
          ],
          [
            72.96541,
            19.26981
          ],
          [
            72.96502,
            19.27048
          ],
          [
            72.9648,
            19.27083
          ],
          [
            72.96462,
            19.27107
          ],
          [
            72.96445,
            19.27126
          ],
          [
            72.96422,
            19.27148
          ],
          [
            72.96389,
            19.27174
          ],
          [
            72.96249,
            19.2728
          ],
          [
            72.96179,
            19.27331
          ],
          [
            72.96116,
            19.27381
          ],
          [
            72.96037,
            19.27442
          ],
          [
            72.97666,
            19.23057
          ],
          [
            72.97697,
            19.22783
          ],
          [
            72.97713,
            19.22652
          ],
          [
            72.97715,
            19.22533
          ],
          [
            72.97748,
            19.2226
          ],
          [
            72.97758,
            19.22071
          ],
          [
            72.97778,
            19.21908
          ],
          [
            72.97779,
            19.21898
          ],
          [
            72.97789,
            19.21794
          ],
          [
            72.97795,
            19.21734
          ],
          [
            72.97795,
            19.21699
          ],
          [
            72.9779,
            19.21673
          ],
          [
            72.97767,
            19.21584
          ],
          [
            72.97756,
            19.21547
          ],
          [
            72.97745,
            19.21444
          ],
          [
            72.97729,
            19.21377
          ],
          [
            72.97723,
            19.21354
          ],
          [
            72.97716,
            19.21332
          ],
          [
            72.9771,
            19.21313
          ],
          [
            72.977,
            19.21292
          ],
          [
            72.97689,
            19.21275
          ],
          [
            72.97671,
            19.21256
          ],
          [
            72.97639,
            19.21223
          ],
          [
            72.97574,
            19.21159
          ],
          [
            72.97507,
            19.21095
          ],
          [
            72.97367,
            19.20959
          ],
          [
            72.973,
            19.20891
          ],
          [
            72.97092,
            19.20689
          ],
          [
            72.96967,
            19.20569
          ],
          [
            72.96933,
            19.20538
          ],
          [
            72.96844,
            19.20453
          ],
          [
            72.96705,
            19.20321
          ],
          [
            72.96628,
            19.20248
          ],
          [
            72.96555,
            19.20179
          ],
          [
            72.96503,
            19.20129
          ],
          [
            72.9643,
            19.2006
          ],
          [
            72.96415,
            19.20046
          ],
          [
            72.96376,
            19.20009
          ],
          [
            72.96351,
            19.19982
          ],
          [
            72.96336,
            19.19964
          ],
          [
            72.96307,
            19.19925
          ],
          [
            72.96292,
            19.19901
          ],
          [
            72.96268,
            19.19854
          ],
          [
            72.96257,
            19.19827
          ],
          [
            72.96242,
            19.19784
          ],
          [
            72.96234,
            19.19751
          ],
          [
            72.96228,
            19.19721
          ],
          [
            72.96225,
            19.19686
          ],
          [
            72.96224,
            19.19648
          ],
          [
            72.96225,
            19.1961
          ],
          [
            72.96229,
            19.19582
          ],
          [
            72.96255,
            19.19417
          ],
          [
            72.96268,
            19.19339
          ],
          [
            72.96274,
            19.1929
          ],
          [
            72.96291,
            19.19193
          ],
          [
            72.96308,
            19.19113
          ],
          [
            72.96335,
            19.18941
          ],
          [
            72.96339,
            19.18915
          ],
          [
            72.9634,
            19.18905
          ],
          [
            72.96341,
            19.18895
          ],
          [
            72.96341,
            19.18886
          ],
          [
            72.9634,
            19.18876
          ],
          [
            72.96338,
            19.18866
          ],
          [
            72.96335,
            19.18857
          ],
          [
            72.96332,
            19.18848
          ],
          [
            72.96327,
            19.18839
          ],
          [
            72.96322,
            19.1883
          ],
          [
            72.96317,
            19.18822
          ],
          [
            72.96311,
            19.18815
          ],
          [
            72.96289,
            19.18796
          ],
          [
            72.96241,
            19.18765
          ],
          [
            72.96157,
            19.18709
          ],
          [
            72.9608,
            19.18664
          ],
          [
            72.96033,
            19.18641
          ],
          [
            72.95965,
            19.18618
          ],
          [
            72.95804,
            19.18582
          ],
          [
            72.95775,
            19.18578
          ],
          [
            72.95686,
            19.18573
          ],
          [
            72.95648,
            19.1857
          ],
          [
            72.95636,
            19.18568
          ],
          [
            72.95623,
            19.18565
          ],
          [
            72.9561,
            19.18562
          ],
          [
            72.95598,
            19.18557
          ],
          [
            72.95586,
            19.18552
          ],
          [
            72.95574,
            19.18545
          ],
          [
            72.95565,
            19.18537
          ],
          [
            72.95539,
            19.18513
          ],
          [
            72.95518,
            19.18493
          ],
          [
            72.95485,
            19.18469
          ],
          [
            72.95454,
            19.18453
          ],
          [
            72.95375,
            19.18419
          ],
          [
            72.95331,
            19.18399
          ],
          [
            72.95296,
            19.18384
          ],
          [
            72.95259,
            19.18375
          ],
          [
            72.9522,
            19.18367
          ],
          [
            72.95188,
            19.18361
          ],
          [
            72.95083,
            19.18348
          ],
          [
            72.95016,
            19.18341
          ],
          [
            72.94918,
            19.18336
          ],
          [
            72.94876,
            19.18332
          ],
          [
            72.94851,
            19.18326
          ],
          [
            72.94828,
            19.1832
          ],
          [
            72.948,
            19.18306
          ],
          [
            72.94778,
            19.1829
          ],
          [
            72.94754,
            19.18268
          ],
          [
            72.94723,
            19.18233
          ],
          [
            72.94697,
            19.18201
          ],
          [
            72.9467,
            19.18161
          ],
          [
            72.94644,
            19.18117
          ],
          [
            72.94547,
            19.1794
          ],
          [
            72.9453,
            19.1791
          ],
          [
            72.94517,
            19.17888
          ],
          [
            72.94485,
            19.17853
          ],
          [
            72.94454,
            19.17825
          ],
          [
            72.94418,
            19.17794
          ],
          [
            72.9439,
            19.17769
          ],
          [
            72.94367,
            19.17742
          ],
          [
            72.94353,
            19.17723
          ],
          [
            72.94323,
            19.17677
          ],
          [
            72.94252,
            19.1757
          ],
          [
            72.94196,
            19.17489
          ],
          [
            72.94172,
            19.17455
          ],
          [
            72.94153,
            19.17417
          ],
          [
            72.94141,
            19.17381
          ],
          [
            72.94088,
            19.17211
          ],
          [
            72.94046,
            19.17111
          ],
          [
            72.93982,
            19.16965
          ],
          [
            72.93902,
            19.16773
          ],
          [
            72.93838,
            19.16622
          ],
          [
            72.9379,
            19.16515
          ],
          [
            72.93775,
            19.16473
          ],
          [
            72.93771,
            19.16432
          ],
          [
            72.9376,
            19.15991
          ],
          [
            72.93759,
            19.1587
          ],
          [
            72.93761,
            19.15772
          ],
          [
            72.93754,
            19.1563
          ],
          [
            72.93751,
            19.15553
          ],
          [
            72.93751,
            19.15459
          ],
          [
            72.93759,
            19.15215
          ],
          [
            72.9376,
            19.15158
          ],
          [
            72.93763,
            19.15121
          ],
          [
            72.93786,
            19.14988
          ],
          [
            72.93797,
            19.1489
          ],
          [
            72.93793,
            19.14872
          ],
          [
            72.93785,
            19.14852
          ],
          [
            72.93767,
            19.14819
          ],
          [
            72.93643,
            19.14671
          ],
          [
            72.93508,
            19.14518
          ],
          [
            72.93425,
            19.1442
          ],
          [
            72.93365,
            19.14349
          ],
          [
            72.93314,
            19.14286
          ],
          [
            72.93256,
            19.14215
          ],
          [
            72.93215,
            19.14166
          ],
          [
            72.93184,
            19.14125
          ],
          [
            72.93168,
            19.14097
          ],
          [
            72.93151,
            19.1406
          ],
          [
            72.93116,
            19.13981
          ],
          [
            72.93073,
            19.13876
          ],
          [
            72.93037,
            19.13803
          ],
          [
            72.93009,
            19.13752
          ],
          [
            72.9298,
            19.13699
          ],
          [
            72.92951,
            19.13642
          ],
          [
            72.92887,
            19.13512
          ],
          [
            72.92831,
            19.13407
          ],
          [
            72.92768,
            19.13291
          ],
          [
            72.92694,
            19.13153
          ],
          [
            72.92627,
            19.1303
          ],
          [
            72.92557,
            19.12895
          ],
          [
            72.92544,
            19.12869
          ],
          [
            72.92535,
            19.12847
          ],
          [
            72.92529,
            19.1282
          ],
          [
            72.92527,
            19.12794
          ],
          [
            72.92532,
            19.12453
          ],
          [
            72.92534,
            19.1237
          ],
          [
            72.92539,
            19.12277
          ],
          [
            72.92545,
            19.12229
          ],
          [
            72.92549,
            19.12195
          ],
          [
            72.92593,
            19.11943
          ],
          [
            72.92603,
            19.11865
          ],
          [
            72.92609,
            19.1181
          ],
          [
            72.92614,
            19.11699
          ],
          [
            72.9262,
            19.11567
          ],
          [
            72.92622,
            19.11445
          ],
          [
            72.9262,
            19.1134
          ],
          [
            72.92617,
            19.11296
          ],
          [
            72.92614,
            19.11261
          ],
          [
            72.92606,
            19.11223
          ],
          [
            72.92593,
            19.11178
          ],
          [
            72.92565,
            19.11102
          ],
          [
            72.92541,
            19.11046
          ],
          [
            72.92523,
            19.11012
          ],
          [
            72.92478,
            19.10935
          ],
          [
            72.92413,
            19.10831
          ],
          [
            72.92382,
            19.10781
          ],
          [
            72.92355,
            19.1074
          ],
          [
            72.92263,
            19.10606
          ],
          [
            72.92235,
            19.10569
          ],
          [
            72.92165,
            19.10477
          ],
          [
            72.92136,
            19.10436
          ],
          [
            72.92104,
            19.1039
          ],
          [
            72.92068,
            19.10338
          ],
          [
            72.92006,
            19.10257
          ],
          [
            72.91864,
            19.1007
          ],
          [
            72.91718,
            19.09887
          ],
          [
            72.91617,
            19.09766
          ],
          [
            72.91581,
            19.09724
          ],
          [
            72.91575,
            19.09715
          ],
          [
            72.91569,
            19.09706
          ],
          [
            72.91564,
            19.09696
          ],
          [
            72.9156,
            19.09686
          ],
          [
            72.91557,
            19.09675
          ],
          [
            72.91555,
            19.09664
          ],
          [
            72.91554,
            19.09653
          ],
          [
            72.91554,
            19.09642
          ],
          [
            72.91556,
            19.09631
          ],
          [
            72.91558,
            19.09621
          ],
          [
            72.91561,
            19.09611
          ],
          [
            72.91565,
            19.09601
          ],
          [
            72.9157,
            19.09592
          ],
          [
            72.91576,
            19.09583
          ],
          [
            72.91582,
            19.09574
          ],
          [
            72.91609,
            19.09546
          ],
          [
            72.91674,
            19.09479
          ],
          [
            72.91703,
            19.09374
          ],
          [
            72.91761,
            19.09288
          ],
          [
            72.91797,
            19.09242
          ],
          [
            72.91853,
            19.09109
          ],
          [
            72.91856,
            19.09
          ],
          [
            72.91839,
            19.08899
          ],
          [
            72.91793,
            19.08767
          ],
          [
            72.91768,
            19.08732
          ],
          [
            72.91616,
            19.08578
          ],
          [
            72.91545,
            19.08511
          ],
          [
            72.91482,
            19.08455
          ],
          [
            72.91449,
            19.08424
          ],
          [
            72.91422,
            19.08396
          ],
          [
            72.91145,
            19.08087
          ],
          [
            72.91135,
            19.08076
          ],
          [
            72.91121,
            19.08057
          ],
          [
            72.91108,
            19.08038
          ],
          [
            72.91091,
            19.08005
          ],
          [
            72.91073,
            19.07962
          ],
          [
            72.91056,
            19.07932
          ],
          [
            72.91031,
            19.0789
          ],
          [
            72.91019,
            19.07871
          ],
          [
            72.91002,
            19.07836
          ],
          [
            72.90983,
            19.0779
          ],
          [
            72.90976,
            19.0777
          ],
          [
            72.90953,
            19.07726
          ],
          [
            72.90934,
            19.077
          ],
          [
            72.90856,
            19.07606
          ],
          [
            72.90809,
            19.07553
          ],
          [
            72.908,
            19.07543
          ],
          [
            72.9079,
            19.07533
          ],
          [
            72.9078,
            19.07523
          ],
          [
            72.9077,
            19.07514
          ],
          [
            72.90757,
            19.07504
          ],
          [
            72.90743,
            19.07494
          ],
          [
            72.90729,
            19.07485
          ],
          [
            72.90715,
            19.07477
          ],
          [
            72.90701,
            19.0747
          ],
          [
            72.90686,
            19.07463
          ],
          [
            72.90671,
            19.07457
          ],
          [
            72.90654,
            19.07452
          ],
          [
            72.90637,
            19.07448
          ],
          [
            72.9062,
            19.07444
          ],
          [
            72.90603,
            19.07441
          ],
          [
            72.90585,
            19.07439
          ],
          [
            72.90568,
            19.07438
          ],
          [
            72.90533,
            19.07438
          ],
          [
            72.9038,
            19.07438
          ],
          [
            72.90343,
            19.0743
          ],
          [
            72.90322,
            19.07418
          ],
          [
            72.90302,
            19.07397
          ],
          [
            72.90274,
            19.07334
          ],
          [
            72.90199,
            19.07185
          ],
          [
            72.90154,
            19.0711
          ],
          [
            72.90132,
            19.07072
          ],
          [
            72.90116,
            19.0704
          ],
          [
            72.90103,
            19.07006
          ],
          [
            72.90083,
            19.06957
          ],
          [
            72.90073,
            19.06928
          ],
          [
            72.90034,
            19.06839
          ],
          [
            72.89995,
            19.06742
          ],
          [
            72.89951,
            19.06622
          ],
          [
            72.89936,
            19.06586
          ],
          [
            72.89889,
            19.06496
          ],
          [
            72.89861,
            19.06463
          ],
          [
            72.89736,
            19.06378
          ],
          [
            72.89269,
            19.0606
          ],
          [
            72.89092,
            19.05929
          ],
          [
            72.88879,
            19.05759
          ],
          [
            72.88729,
            19.05643
          ],
          [
            72.88596,
            19.05544
          ],
          [
            72.88517,
            19.05485
          ],
          [
            72.88432,
            19.0543
          ],
          [
            72.8836,
            19.0539
          ],
          [
            72.88281,
            19.05345
          ],
          [
            72.88222,
            19.05314
          ],
          [
            72.88189,
            19.05292
          ],
          [
            72.88166,
            19.05265
          ],
          [
            72.87812,
            19.04782
          ],
          [
            72.87809,
            19.04764
          ],
          [
            72.87829,
            19.04704
          ],
          [
            72.87905,
            19.04489
          ],
          [
            72.87914,
            19.04463
          ],
          [
            72.8792,
            19.04437
          ],
          [
            72.87925,
            19.04388
          ],
          [
            72.8793,
            19.04335
          ],
          [
            72.8794,
            19.04278
          ],
          [
            72.87956,
            19.04201
          ],
          [
            72.87964,
            19.0415
          ],
          [
            72.87975,
            19.04078
          ],
          [
            72.87994,
            19.03978
          ],
          [
            72.88008,
            19.03897
          ],
          [
            72.88021,
            19.03806
          ],
          [
            72.88033,
            19.0373
          ],
          [
            72.88039,
            19.03684
          ],
          [
            72.88037,
            19.03642
          ],
          [
            72.88026,
            19.03591
          ],
          [
            72.8801,
            19.0353
          ],
          [
            72.87992,
            19.03476
          ],
          [
            72.87971,
            19.03428
          ],
          [
            72.87923,
            19.03335
          ],
          [
            72.87874,
            19.0324
          ],
          [
            72.87855,
            19.03205
          ],
          [
            72.87842,
            19.03168
          ],
          [
            72.87836,
            19.03144
          ],
          [
            72.87827,
            19.03108
          ],
          [
            72.87811,
            19.03032
          ],
          [
            72.87784,
            19.02888
          ],
          [
            72.87775,
            19.02837
          ],
          [
            72.87767,
            19.02792
          ],
          [
            72.87718,
            19.02537
          ],
          [
            72.97666,
            19.23057
          ],
          [
            72.97648,
            19.23207
          ],
          [
            72.97646,
            19.23223
          ],
          [
            72.97637,
            19.23311
          ],
          [
            72.97616,
            19.23368
          ],
          [
            72.97604,
            19.23416
          ],
          [
            72.97556,
            19.23835
          ],
          [
            72.97544,
            19.23944
          ],
          [
            72.97541,
            19.23978
          ],
          [
            72.97542,
            19.24039
          ],
          [
            72.97549,
            19.24084
          ],
          [
            72.97562,
            19.24182
          ],
          [
            72.97569,
            19.24247
          ],
          [
            72.97572,
            19.24329
          ],
          [
            72.97569,
            19.24446
          ],
          [
            72.97563,
            19.24605
          ],
          [
            72.97557,
            19.24644
          ],
          [
            72.97546,
            19.24691
          ],
          [
            72.97537,
            19.2472
          ],
          [
            72.97512,
            19.24766
          ],
          [
            72.97441,
            19.24869
          ],
          [
            72.97378,
            19.24963
          ],
          [
            72.97344,
            19.25018
          ],
          [
            72.97322,
            19.25057
          ],
          [
            72.97293,
            19.25108
          ],
          [
            72.97263,
            19.25172
          ],
          [
            72.9723,
            19.25256
          ],
          [
            72.97096,
            19.25582
          ],
          [
            72.9708,
            19.25672
          ],
          [
            72.97071,
            19.2571
          ],
          [
            72.97032,
            19.25813
          ],
          [
            72.97009,
            19.25871
          ],
          [
            72.96825,
            19.2633
          ],
          [
            72.96709,
            19.2662
          ],
          [
            72.96662,
            19.26736
          ],
          [
            72.9666,
            19.26741
          ],
          [
            72.96639,
            19.26788
          ],
          [
            72.96614,
            19.26843
          ],
          [
            72.96593,
            19.26879
          ],
          [
            72.96569,
            19.26918
          ],
          [
            72.96536,
            19.26979
          ],
          [
            72.96498,
            19.27045
          ],
          [
            72.96476,
            19.2708
          ],
          [
            72.96468,
            19.27088
          ],
          [
            72.96458,
            19.27104
          ],
          [
            72.96441,
            19.27123
          ],
          [
            72.96418,
            19.27145
          ],
          [
            72.96386,
            19.27171
          ],
          [
            72.96246,
            19.27276
          ],
          [
            72.96176,
            19.27327
          ],
          [
            72.96112,
            19.27378
          ],
          [
            72.96034,
            19.27439
          ]
        ]
      },
      "properties": {
        "segment_id": "mum-line-4-seg-01",
        "line_id": "mum-line-4",
        "line_name": "Line 4 Green (Wadala - Kasarvadavali)",
        "city_id": "mumbai",
        "city": "Mumbai",
        "operator": "MMRDA",
        "status": "construction",
        "phase": "4",
        "length_km": 144.8,
        "gauge": "standard",
        "inaugurated_on": null,
        "expected_completion": null,
        "stations_count": 7,
        "color": "#00B140",
        "source": "osm",
        "references": [
          "https://mmrda.maharashtra.gov.in/"
        ],
        "completion_unconfirmed": true,
        "last_verified": null,
        "retrieved_at": "2026-10-05",
        "geometry_quality": "exact"
      }
    },
    {
      "type": "Feature",
      "geometry": {
        "type": "LineString",
        "coordinates": [
          [
            72.93865,
            19.04953
          ],
          [
            72.9381,
            19.04997
          ],
          [
            72.93797,
            19.05008
          ],
          [
            72.93771,
            19.05031
          ],
          [
            72.93746,
            19.05051
          ],
          [
            72.93724,
            19.05064
          ],
          [
            72.93707,
            19.05071
          ],
          [
            72.93694,
            19.05073
          ],
          [
            72.93679,
            19.05075
          ],
          [
            72.93666,
            19.05075
          ],
          [
            72.93651,
            19.05074
          ],
          [
            72.93636,
            19.0507
          ],
          [
            72.93592,
            19.05055
          ],
          [
            72.93493,
            19.05019
          ],
          [
            72.93469,
            19.05013
          ],
          [
            72.9344,
            19.05007
          ],
          [
            72.93408,
            19.05004
          ],
          [
            72.93379,
            19.05003
          ],
          [
            72.93359,
            19.05001
          ],
          [
            72.93337,
            19.04997
          ],
          [
            72.93316,
            19.0499
          ],
          [
            72.9328,
            19.04977
          ],
          [
            72.932,
            19.04947
          ],
          [
            72.93116,
            19.04917
          ],
          [
            72.93032,
            19.04887
          ],
          [
            72.92972,
            19.04865
          ],
          [
            72.92921,
            19.04841
          ],
          [
            72.92892,
            19.0482
          ],
          [
            72.92833,
            19.04769
          ],
          [
            72.92706,
            19.04662
          ],
          [
            72.92632,
            19.04599
          ],
          [
            72.92421,
            19.04413
          ],
          [
            72.92347,
            19.04359
          ],
          [
            72.9232,
            19.04348
          ],
          [
            72.9229,
            19.04343
          ],
          [
            72.92226,
            19.0435
          ],
          [
            72.91969,
            19.04419
          ],
          [
            72.91837,
            19.04455
          ],
          [
            72.91815,
            19.04461
          ],
          [
            72.91752,
            19.0448
          ],
          [
            72.91668,
            19.04506
          ],
          [
            72.91635,
            19.04516
          ],
          [
            72.915,
            19.04542
          ],
          [
            72.91406,
            19.04558
          ],
          [
            72.91303,
            19.04562
          ],
          [
            72.91177,
            19.04569
          ],
          [
            72.91068,
            19.04571
          ],
          [
            72.91032,
            19.0457
          ],
          [
            72.91005,
            19.04572
          ],
          [
            72.90985,
            19.04575
          ],
          [
            72.90917,
            19.04598
          ],
          [
            72.90876,
            19.04624
          ],
          [
            72.90788,
            19.04706
          ],
          [
            72.90757,
            19.04735
          ],
          [
            72.90649,
            19.04838
          ],
          [
            72.90637,
            19.0485
          ],
          [
            72.90602,
            19.04885
          ],
          [
            72.90528,
            19.04963
          ],
          [
            72.90419,
            19.05067
          ],
          [
            72.9038,
            19.05095
          ],
          [
            72.90326,
            19.05119
          ],
          [
            72.90267,
            19.05141
          ],
          [
            72.9018,
            19.05171
          ],
          [
            72.90101,
            19.05199
          ],
          [
            72.89996,
            19.05236
          ],
          [
            72.8979,
            19.05309
          ],
          [
            72.89627,
            19.05366
          ],
          [
            72.8956,
            19.05386
          ],
          [
            72.89501,
            19.05401
          ],
          [
            72.89459,
            19.05405
          ],
          [
            72.89435,
            19.05408
          ],
          [
            72.89368,
            19.0541
          ],
          [
            72.89215,
            19.05412
          ],
          [
            72.89191,
            19.05412
          ]
        ]
      },
      "properties": {
        "segment_id": "mum-line-2b-seg-01",
        "line_id": "mum-line-2b",
        "line_name": "Line 2B (DN Nagar - Mandale)",
        "city_id": "mumbai",
        "city": "Mumbai",
        "operator": "MMRDA",
        "status": "construction",
        "phase": "2B",
        "length_km": 5.5,
        "gauge": "standard",
        "inaugurated_on": null,
        "expected_completion": null,
        "stations_count": 6,
        "color": "#FFC72C",
        "source": "osm",
        "references": [
          "https://mmrda.maharashtra.gov.in/"
        ],
        "completion_unconfirmed": true,
        "last_verified": null,
        "retrieved_at": "2026-10-05",
        "geometry_quality": "exact"
      }
    },
    {
      "type": "Feature",
      "geometry": {
        "type": "LineString",
        "coordinates": [
          [
            72.9712,
            19.2785
          ],
          [
            72.9654,
            19.2987
          ],
          [
            72.9582,
            19.3145
          ]
        ]
      },
      "properties": {
        "segment_id": "mum-planned-seg-01",
        "line_id": "mum-line-4",
        "line_name": "Line 4A (Kasarvadavali - Gaimukh Extension)",
        "city_id": "mumbai",
        "city": "Mumbai",
        "operator": "MMRDA",
        "status": "planned",
        "phase": "4",
        "length_km": 4.2,
        "gauge": "standard",
        "inaugurated_on": null,
        "expected_completion": null,
        "stations_count": 0,
        "color": "#00B140",
        "source": "manual",
        "references": [
          "https://mmrda.maharashtra.gov.in/"
        ],
        "completion_unconfirmed": true,
        "last_verified": "2026-10-06",
        "geometry_quality": "exact"
      }
    },
    {
      "type": "Feature",
      "geometry": {
        "type": "LineString",
        "coordinates": [
          [
            77.10716,
            28.72079
          ],
          [
            77.10788,
            28.72018
          ],
          [
            77.10851,
            28.71973
          ],
          [
            77.11449,
            28.71558
          ],
          [
            77.11539,
            28.71495
          ],
          [
            77.117,
            28.71384
          ],
          [
            77.12515,
            28.7082
          ],
          [
            77.12602,
            28.7076
          ],
          [
            77.12668,
            28.70713
          ],
          [
            77.12909,
            28.70543
          ],
          [
            77.13163,
            28.70367
          ],
          [
            77.13226,
            28.70328
          ],
          [
            77.13319,
            28.70259
          ],
          [
            77.13775,
            28.69951
          ],
          [
            77.13866,
            28.69896
          ],
          [
            77.1392,
            28.69867
          ],
          [
            77.1397,
            28.69844
          ],
          [
            77.14055,
            28.69807
          ],
          [
            77.14147,
            28.69767
          ],
          [
            77.14538,
            28.69599
          ],
          [
            77.14613,
            28.69565
          ],
          [
            77.14666,
            28.69543
          ],
          [
            77.1472,
            28.69525
          ],
          [
            77.14768,
            28.6951
          ],
          [
            77.14817,
            28.69498
          ],
          [
            77.14851,
            28.69492
          ],
          [
            77.14885,
            28.6949
          ],
          [
            77.14893,
            28.6949
          ],
          [
            77.14934,
            28.69491
          ],
          [
            77.14965,
            28.69493
          ],
          [
            77.15007,
            28.695
          ],
          [
            77.15044,
            28.6951
          ],
          [
            77.15102,
            28.69533
          ],
          [
            77.15155,
            28.69561
          ],
          [
            77.15172,
            28.69569
          ],
          [
            77.15172,
            28.6957
          ],
          [
            77.15213,
            28.6959
          ],
          [
            77.15247,
            28.69608
          ],
          [
            77.15338,
            28.69653
          ],
          [
            77.15344,
            28.69656
          ],
          [
            77.15398,
            28.69683
          ],
          [
            77.15432,
            28.69696
          ],
          [
            77.1546,
            28.69705
          ],
          [
            77.1549,
            28.69711
          ],
          [
            77.15519,
            28.69715
          ],
          [
            77.15544,
            28.69715
          ],
          [
            77.15573,
            28.69715
          ],
          [
            77.15602,
            28.69711
          ],
          [
            77.15631,
            28.69705
          ],
          [
            77.15658,
            28.69697
          ],
          [
            77.15681,
            28.69688
          ],
          [
            77.15708,
            28.69674
          ],
          [
            77.15731,
            28.69662
          ],
          [
            77.15754,
            28.69647
          ],
          [
            77.15772,
            28.69633
          ],
          [
            77.1579,
            28.69616
          ],
          [
            77.15811,
            28.69593
          ],
          [
            77.15827,
            28.69571
          ],
          [
            77.15842,
            28.69543
          ],
          [
            77.15893,
            28.69436
          ],
          [
            77.1599,
            28.69235
          ],
          [
            77.16043,
            28.69134
          ],
          [
            77.16058,
            28.69103
          ],
          [
            77.16096,
            28.69046
          ],
          [
            77.16111,
            28.69023
          ],
          [
            77.16138,
            28.68964
          ],
          [
            77.16156,
            28.6893
          ],
          [
            77.16172,
            28.68894
          ],
          [
            77.16196,
            28.68842
          ],
          [
            77.16213,
            28.68807
          ],
          [
            77.16359,
            28.68501
          ],
          [
            77.16421,
            28.68371
          ],
          [
            77.16481,
            28.68242
          ],
          [
            77.16518,
            28.68163
          ],
          [
            77.16587,
            28.68019
          ],
          [
            77.16656,
            28.67877
          ],
          [
            77.1667,
            28.67848
          ],
          [
            77.16702,
            28.67795
          ],
          [
            77.16738,
            28.67734
          ],
          [
            77.16866,
            28.6753
          ],
          [
            77.17037,
            28.67361
          ],
          [
            77.17143,
            28.67284
          ],
          [
            77.17214,
            28.67245
          ],
          [
            77.17293,
            28.6721
          ],
          [
            77.17361,
            28.6718
          ],
          [
            77.17417,
            28.67159
          ],
          [
            77.17484,
            28.67145
          ],
          [
            77.17677,
            28.67106
          ],
          [
            77.18081,
            28.67026
          ],
          [
            77.18139,
            28.67018
          ],
          [
            77.18186,
            28.67012
          ],
          [
            77.18277,
            28.67006
          ],
          [
            77.18539,
            28.66993
          ],
          [
            77.18701,
            28.66983
          ],
          [
            77.18842,
            28.66954
          ],
          [
            77.1944,
            28.66791
          ],
          [
            77.19771,
            28.66703
          ],
          [
            77.19891,
            28.66675
          ],
          [
            77.19941,
            28.66661
          ],
          [
            77.20165,
            28.666
          ],
          [
            77.20257,
            28.66575
          ],
          [
            77.20339,
            28.66572
          ],
          [
            77.20394,
            28.66577
          ],
          [
            77.20464,
            28.66595
          ],
          [
            77.20558,
            28.66623
          ],
          [
            77.2061,
            28.6663
          ],
          [
            77.20741,
            28.66644
          ],
          [
            77.20836,
            28.66661
          ],
          [
            77.20933,
            28.66687
          ],
          [
            77.20993,
            28.66713
          ],
          [
            77.21054,
            28.6674
          ],
          [
            77.21103,
            28.66762
          ],
          [
            77.21149,
            28.66773
          ],
          [
            77.21189,
            28.66782
          ],
          [
            77.21215,
            28.66785
          ],
          [
            77.21245,
            28.66786
          ],
          [
            77.21289,
            28.66785
          ],
          [
            77.21322,
            28.6678
          ],
          [
            77.21392,
            28.66767
          ],
          [
            77.21564,
            28.66733
          ],
          [
            77.21663,
            28.66719
          ],
          [
            77.21761,
            28.66709
          ],
          [
            77.21845,
            28.66701
          ],
          [
            77.21938,
            28.66697
          ],
          [
            77.21982,
            28.66699
          ],
          [
            77.22019,
            28.66705
          ],
          [
            77.22306,
            28.66773
          ],
          [
            77.22338,
            28.66778
          ],
          [
            77.22368,
            28.66782
          ],
          [
            77.22414,
            28.66783
          ],
          [
            77.22462,
            28.6678
          ],
          [
            77.22554,
            28.66768
          ],
          [
            77.22643,
            28.66755
          ],
          [
            77.22714,
            28.66748
          ],
          [
            77.22825,
            28.66748
          ],
          [
            77.22886,
            28.66753
          ],
          [
            77.22939,
            28.66759
          ],
          [
            77.22978,
            28.66765
          ],
          [
            77.23006,
            28.66771
          ],
          [
            77.23049,
            28.66785
          ],
          [
            77.2309,
            28.66802
          ],
          [
            77.2313,
            28.66823
          ],
          [
            77.23171,
            28.66844
          ],
          [
            77.23213,
            28.66862
          ],
          [
            77.23248,
            28.66874
          ],
          [
            77.23342,
            28.66902
          ],
          [
            77.23417,
            28.6693
          ],
          [
            77.23891,
            28.67111
          ],
          [
            77.23931,
            28.67125
          ],
          [
            77.24007,
            28.67154
          ],
          [
            77.24029,
            28.67162
          ],
          [
            77.24058,
            28.67171
          ],
          [
            77.24084,
            28.67177
          ],
          [
            77.24111,
            28.67181
          ],
          [
            77.24138,
            28.67183
          ],
          [
            77.24166,
            28.67184
          ],
          [
            77.24193,
            28.67181
          ],
          [
            77.24225,
            28.67176
          ],
          [
            77.24248,
            28.6717
          ],
          [
            77.24272,
            28.67162
          ],
          [
            77.24297,
            28.67152
          ],
          [
            77.24322,
            28.67141
          ],
          [
            77.24465,
            28.67068
          ],
          [
            77.24545,
            28.67024
          ],
          [
            77.24573,
            28.67009
          ],
          [
            77.24603,
            28.66997
          ],
          [
            77.24675,
            28.66972
          ],
          [
            77.25054,
            28.66846
          ],
          [
            77.25149,
            28.66815
          ],
          [
            77.25254,
            28.66781
          ],
          [
            77.2526,
            28.66779
          ],
          [
            77.25337,
            28.66753
          ],
          [
            77.25398,
            28.66734
          ],
          [
            77.25441,
            28.66724
          ],
          [
            77.25453,
            28.66723
          ],
          [
            77.25481,
            28.66719
          ],
          [
            77.25524,
            28.66715
          ],
          [
            77.25587,
            28.66719
          ],
          [
            77.25636,
            28.66727
          ],
          [
            77.25686,
            28.66741
          ],
          [
            77.2591,
            28.66803
          ],
          [
            77.26068,
            28.66848
          ],
          [
            77.26353,
            28.66923
          ],
          [
            77.26524,
            28.66964
          ],
          [
            77.26564,
            28.66972
          ],
          [
            77.26575,
            28.66974
          ],
          [
            77.26676,
            28.66992
          ],
          [
            77.26799,
            28.67013
          ],
          [
            77.26962,
            28.67032
          ],
          [
            77.27018,
            28.67041
          ],
          [
            77.27465,
            28.67121
          ],
          [
            77.27602,
            28.67152
          ],
          [
            77.27782,
            28.67186
          ],
          [
            77.28001,
            28.67219
          ],
          [
            77.28109,
            28.67234
          ],
          [
            77.28366,
            28.67277
          ],
          [
            77.28564,
            28.67298
          ],
          [
            77.28775,
            28.67321
          ],
          [
            77.2881,
            28.67325
          ],
          [
            77.28988,
            28.67346
          ],
          [
            77.29118,
            28.67364
          ],
          [
            77.29336,
            28.67387
          ],
          [
            77.29467,
            28.67401
          ],
          [
            77.29666,
            28.67429
          ],
          [
            77.29688,
            28.67436
          ],
          [
            77.29733,
            28.67454
          ],
          [
            77.29776,
            28.67476
          ],
          [
            77.29854,
            28.67515
          ],
          [
            77.2989,
            28.67527
          ],
          [
            77.2992,
            28.67535
          ],
          [
            77.29948,
            28.67539
          ],
          [
            77.29974,
            28.67541
          ],
          [
            77.30087,
            28.67542
          ],
          [
            77.3026,
            28.67542
          ],
          [
            77.30355,
            28.67551
          ],
          [
            77.30512,
            28.67558
          ],
          [
            77.30846,
            28.67574
          ],
          [
            77.30987,
            28.67571
          ],
          [
            77.31239,
            28.67575
          ],
          [
            77.31543,
            28.67587
          ],
          [
            77.31604,
            28.67592
          ],
          [
            77.31681,
            28.676
          ],
          [
            77.31725,
            28.67604
          ],
          [
            77.31777,
            28.67606
          ],
          [
            77.31862,
            28.67604
          ],
          [
            77.32018,
            28.67592
          ],
          [
            77.32073,
            28.6759
          ],
          [
            77.32151,
            28.67589
          ],
          [
            77.32237,
            28.67592
          ],
          [
            77.32338,
            28.67601
          ],
          [
            77.32535,
            28.67619
          ],
          [
            77.32711,
            28.67645
          ],
          [
            77.32791,
            28.6765
          ],
          [
            77.33062,
            28.6766
          ],
          [
            77.33192,
            28.67663
          ],
          [
            77.33241,
            28.67665
          ],
          [
            77.33392,
            28.67669
          ],
          [
            77.33746,
            28.67679
          ],
          [
            77.34091,
            28.67692
          ],
          [
            77.34427,
            28.67701
          ],
          [
            77.34587,
            28.67707
          ],
          [
            77.34603,
            28.6771
          ],
          [
            77.34686,
            28.67712
          ],
          [
            77.34778,
            28.67717
          ],
          [
            77.34816,
            28.67718
          ],
          [
            77.35531,
            28.67749
          ],
          [
            77.35814,
            28.67764
          ],
          [
            77.36246,
            28.67787
          ],
          [
            77.36562,
            28.67803
          ],
          [
            77.36899,
            28.67817
          ],
          [
            77.37049,
            28.67824
          ],
          [
            77.37234,
            28.67832
          ],
          [
            77.37526,
            28.67846
          ],
          [
            77.37902,
            28.67863
          ],
          [
            77.38029,
            28.67869
          ],
          [
            77.38097,
            28.67869
          ],
          [
            77.3839,
            28.67856
          ],
          [
            77.38524,
            28.6785
          ],
          [
            77.38623,
            28.67844
          ],
          [
            77.38672,
            28.67837
          ],
          [
            77.38727,
            28.67825
          ],
          [
            77.38814,
            28.67802
          ],
          [
            77.38923,
            28.67774
          ],
          [
            77.39189,
            28.67703
          ],
          [
            77.39324,
            28.67667
          ],
          [
            77.39593,
            28.67595
          ],
          [
            77.39849,
            28.67528
          ],
          [
            77.39925,
            28.67515
          ],
          [
            77.40029,
            28.67507
          ],
          [
            77.40086,
            28.67499
          ],
          [
            77.40183,
            28.67477
          ],
          [
            77.40655,
            28.67346
          ],
          [
            77.40726,
            28.67321
          ],
          [
            77.40771,
            28.67302
          ],
          [
            77.40899,
            28.67247
          ],
          [
            77.41069,
            28.67199
          ],
          [
            77.41125,
            28.67184
          ],
          [
            77.41266,
            28.67146
          ],
          [
            77.41374,
            28.67118
          ],
          [
            77.41474,
            28.67092
          ],
          [
            77.41539,
            28.67071
          ]
        ]
      },
      "properties": {
        "segment_id": "del-red-seg-01",
        "line_id": "del-red",
        "line_name": "Red Line",
        "city_id": "delhi",
        "city": "Delhi",
        "operator": "DMRC",
        "status": "operational",
        "phase": "I",
        "length_km": 33.4,
        "gauge": "broad",
        "inaugurated_on": "2002-12-24",
        "expected_completion": null,
        "stations_count": 22,
        "color": "#FF4040",
        "source": "osm",
        "references": [],
        "completion_unconfirmed": false,
        "last_verified": null,
        "retrieved_at": "2026-10-06",
        "geometry_quality": "exact"
      }
    },
    {
      "type": "Feature",
      "geometry": {
        "type": "LineString",
        "coordinates": [
          [
            77.14459,
            28.72928
          ],
          [
            77.14148,
            28.73115
          ],
          [
            77.14103,
            28.73147
          ],
          [
            77.14076,
            28.73169
          ],
          [
            77.14048,
            28.73194
          ],
          [
            77.13878,
            28.73375
          ],
          [
            77.13864,
            28.73392
          ],
          [
            77.1385,
            28.73412
          ],
          [
            77.13838,
            28.73432
          ],
          [
            77.13829,
            28.73451
          ],
          [
            77.13822,
            28.73472
          ],
          [
            77.13818,
            28.73486
          ],
          [
            77.13815,
            28.73501
          ],
          [
            77.13813,
            28.73516
          ],
          [
            77.13812,
            28.73529
          ],
          [
            77.13811,
            28.73545
          ],
          [
            77.13812,
            28.73571
          ],
          [
            77.13814,
            28.73586
          ],
          [
            77.13818,
            28.73604
          ],
          [
            77.13827,
            28.7363
          ],
          [
            77.13838,
            28.73654
          ],
          [
            77.13848,
            28.73673
          ],
          [
            77.13856,
            28.73685
          ],
          [
            77.13874,
            28.7371
          ],
          [
            77.13986,
            28.73834
          ],
          [
            77.14033,
            28.73886
          ],
          [
            77.14052,
            28.73908
          ],
          [
            77.14065,
            28.73926
          ],
          [
            77.14074,
            28.7394
          ],
          [
            77.14084,
            28.73958
          ],
          [
            77.14096,
            28.73987
          ],
          [
            77.14101,
            28.74005
          ],
          [
            77.14104,
            28.7402
          ],
          [
            77.14106,
            28.74033
          ],
          [
            77.14107,
            28.74047
          ],
          [
            77.14108,
            28.7407
          ],
          [
            77.14107,
            28.74087
          ],
          [
            77.14104,
            28.74111
          ],
          [
            77.14093,
            28.74149
          ],
          [
            77.14084,
            28.74171
          ],
          [
            77.14076,
            28.74187
          ],
          [
            77.14064,
            28.74207
          ],
          [
            77.14048,
            28.74227
          ],
          [
            77.1403,
            28.74248
          ],
          [
            77.13909,
            28.74379
          ],
          [
            77.1389,
            28.744
          ],
          [
            77.1383,
            28.74464
          ],
          [
            77.14459,
            28.72928
          ],
          [
            77.14483,
            28.72916
          ],
          [
            77.14512,
            28.72904
          ],
          [
            77.14539,
            28.72896
          ],
          [
            77.14574,
            28.72889
          ],
          [
            77.14598,
            28.72886
          ],
          [
            77.14632,
            28.72886
          ],
          [
            77.14665,
            28.72888
          ],
          [
            77.14694,
            28.72892
          ],
          [
            77.14719,
            28.72899
          ],
          [
            77.14741,
            28.72906
          ],
          [
            77.14768,
            28.72917
          ],
          [
            77.14793,
            28.72931
          ],
          [
            77.14887,
            28.72992
          ],
          [
            77.15035,
            28.7309
          ],
          [
            77.15145,
            28.73166
          ],
          [
            77.1519,
            28.73193
          ],
          [
            77.1524,
            28.73224
          ],
          [
            77.153,
            28.73249
          ],
          [
            77.15331,
            28.73257
          ],
          [
            77.15359,
            28.73261
          ],
          [
            77.15394,
            28.73265
          ],
          [
            77.15429,
            28.73263
          ],
          [
            77.15484,
            28.73259
          ],
          [
            77.15539,
            28.73246
          ],
          [
            77.15676,
            28.73214
          ],
          [
            77.1573,
            28.73204
          ],
          [
            77.15777,
            28.73186
          ],
          [
            77.15815,
            28.73165
          ],
          [
            77.15856,
            28.73137
          ],
          [
            77.15889,
            28.73103
          ],
          [
            77.15915,
            28.73068
          ],
          [
            77.15964,
            28.73001
          ],
          [
            77.16103,
            28.72818
          ],
          [
            77.16268,
            28.72599
          ],
          [
            77.16509,
            28.7227
          ],
          [
            77.16583,
            28.72181
          ],
          [
            77.16695,
            28.72064
          ],
          [
            77.1698,
            28.71731
          ],
          [
            77.17014,
            28.71694
          ],
          [
            77.17045,
            28.7166
          ],
          [
            77.1707,
            28.71631
          ],
          [
            77.17595,
            28.71039
          ],
          [
            77.17784,
            28.70826
          ],
          [
            77.17824,
            28.70799
          ],
          [
            77.17864,
            28.70774
          ],
          [
            77.17924,
            28.70746
          ],
          [
            77.1796,
            28.70733
          ],
          [
            77.18038,
            28.70707
          ],
          [
            77.1815,
            28.70668
          ],
          [
            77.18202,
            28.70652
          ],
          [
            77.18228,
            28.70646
          ],
          [
            77.1825,
            28.70641
          ],
          [
            77.18274,
            28.70638
          ],
          [
            77.18319,
            28.70633
          ],
          [
            77.18364,
            28.70628
          ],
          [
            77.1843,
            28.70622
          ],
          [
            77.18463,
            28.70616
          ],
          [
            77.18496,
            28.70608
          ],
          [
            77.18849,
            28.70495
          ],
          [
            77.18918,
            28.70473
          ],
          [
            77.18979,
            28.70449
          ],
          [
            77.19178,
            28.70362
          ],
          [
            77.19401,
            28.70274
          ],
          [
            77.20024,
            28.70044
          ],
          [
            77.20109,
            28.70013
          ],
          [
            77.20642,
            28.69816
          ],
          [
            77.20957,
            28.69701
          ],
          [
            77.21475,
            28.6951
          ],
          [
            77.21849,
            28.69369
          ],
          [
            77.21912,
            28.69345
          ],
          [
            77.21979,
            28.69323
          ],
          [
            77.22005,
            28.6931
          ],
          [
            77.22034,
            28.69288
          ],
          [
            77.22055,
            28.69261
          ],
          [
            77.2208,
            28.69221
          ],
          [
            77.22101,
            28.69176
          ],
          [
            77.22126,
            28.69044
          ],
          [
            77.22128,
            28.6896
          ],
          [
            77.22129,
            28.68924
          ],
          [
            77.22136,
            28.68881
          ],
          [
            77.22176,
            28.68633
          ],
          [
            77.22257,
            28.68269
          ],
          [
            77.2226,
            28.68218
          ],
          [
            77.22262,
            28.68192
          ],
          [
            77.22277,
            28.6816
          ],
          [
            77.2231,
            28.68108
          ],
          [
            77.22337,
            28.68068
          ],
          [
            77.22373,
            28.6801
          ],
          [
            77.22397,
            28.67975
          ],
          [
            77.22424,
            28.6793
          ],
          [
            77.22443,
            28.67879
          ],
          [
            77.22475,
            28.67779
          ],
          [
            77.22506,
            28.67686
          ],
          [
            77.22529,
            28.67619
          ],
          [
            77.22546,
            28.67568
          ],
          [
            77.22552,
            28.67546
          ],
          [
            77.2256,
            28.67513
          ],
          [
            77.2258,
            28.6742
          ],
          [
            77.22593,
            28.67336
          ],
          [
            77.22601,
            28.67282
          ],
          [
            77.22607,
            28.6725
          ],
          [
            77.22628,
            28.67197
          ],
          [
            77.22718,
            28.66983
          ],
          [
            77.22735,
            28.66938
          ],
          [
            77.22763,
            28.66862
          ],
          [
            77.22822,
            28.66753
          ],
          [
            77.22937,
            28.66527
          ],
          [
            77.23007,
            28.66341
          ],
          [
            77.2304,
            28.65926
          ],
          [
            77.23037,
            28.65842
          ],
          [
            77.23024,
            28.65648
          ],
          [
            77.23012,
            28.6561
          ],
          [
            77.22654,
            28.64925
          ],
          [
            77.22278,
            28.64349
          ],
          [
            77.22277,
            28.64347
          ],
          [
            77.21981,
            28.63403
          ],
          [
            77.21971,
            28.6336
          ],
          [
            77.21958,
            28.63317
          ],
          [
            77.21942,
            28.63274
          ],
          [
            77.2192,
            28.63224
          ],
          [
            77.21895,
            28.63174
          ],
          [
            77.21849,
            28.63112
          ],
          [
            77.21612,
            28.62784
          ],
          [
            77.21584,
            28.62727
          ],
          [
            77.2158,
            28.62582
          ],
          [
            77.21569,
            28.62548
          ],
          [
            77.21406,
            28.62295
          ],
          [
            77.21295,
            28.62146
          ],
          [
            77.21277,
            28.62112
          ],
          [
            77.21265,
            28.61978
          ],
          [
            77.21241,
            28.61692
          ],
          [
            77.21231,
            28.61588
          ],
          [
            77.21184,
            28.60958
          ],
          [
            77.21183,
            28.60951
          ],
          [
            77.21102,
            28.59813
          ],
          [
            77.21113,
            28.59736
          ],
          [
            77.2127,
            28.59128
          ],
          [
            77.21283,
            28.58963
          ],
          [
            77.21256,
            28.58659
          ],
          [
            77.21237,
            28.58343
          ],
          [
            77.20952,
            28.57494
          ],
          [
            77.20933,
            28.57416
          ],
          [
            77.20811,
            28.56793
          ],
          [
            77.20802,
            28.56758
          ],
          [
            77.20793,
            28.56717
          ],
          [
            77.20783,
            28.56685
          ],
          [
            77.20761,
            28.56603
          ],
          [
            77.20759,
            28.56356
          ],
          [
            77.20742,
            28.56165
          ],
          [
            77.20682,
            28.558
          ],
          [
            77.2065,
            28.55647
          ],
          [
            77.20617,
            28.5552
          ],
          [
            77.20603,
            28.55405
          ],
          [
            77.20575,
            28.55186
          ],
          [
            77.20597,
            28.5491
          ],
          [
            77.20603,
            28.54856
          ],
          [
            77.2067,
            28.54742
          ],
          [
            77.20683,
            28.54659
          ],
          [
            77.20681,
            28.54602
          ],
          [
            77.20674,
            28.54426
          ],
          [
            77.20646,
            28.54247
          ],
          [
            77.20676,
            28.5384
          ],
          [
            77.20617,
            28.53555
          ],
          [
            77.20541,
            28.53284
          ],
          [
            77.20465,
            28.53012
          ],
          [
            77.20468,
            28.52978
          ],
          [
            77.20485,
            28.52907
          ],
          [
            77.20499,
            28.52846
          ],
          [
            77.20497,
            28.52812
          ],
          [
            77.20349,
            28.52248
          ],
          [
            77.2034,
            28.52221
          ],
          [
            77.20328,
            28.52194
          ],
          [
            77.20318,
            28.52173
          ],
          [
            77.20303,
            28.52157
          ],
          [
            77.2019,
            28.52087
          ],
          [
            77.20159,
            28.52069
          ],
          [
            77.20031,
            28.51964
          ],
          [
            77.19648,
            28.51619
          ],
          [
            77.19526,
            28.51555
          ],
          [
            77.19403,
            28.51508
          ],
          [
            77.19331,
            28.51497
          ],
          [
            77.19247,
            28.51487
          ],
          [
            77.19187,
            28.51486
          ],
          [
            77.19059,
            28.51492
          ],
          [
            77.19019,
            28.51489
          ],
          [
            77.1898,
            28.51483
          ],
          [
            77.18939,
            28.51473
          ],
          [
            77.18908,
            28.51463
          ],
          [
            77.18883,
            28.51452
          ],
          [
            77.18844,
            28.51428
          ],
          [
            77.18785,
            28.51387
          ],
          [
            77.18647,
            28.51293
          ],
          [
            77.18434,
            28.5115
          ],
          [
            77.18228,
            28.51048
          ],
          [
            77.18027,
            28.50949
          ],
          [
            77.1799,
            28.50933
          ],
          [
            77.17951,
            28.50922
          ],
          [
            77.17895,
            28.50911
          ],
          [
            77.17819,
            28.50903
          ],
          [
            77.17769,
            28.50897
          ],
          [
            77.17748,
            28.50892
          ],
          [
            77.17733,
            28.50888
          ],
          [
            77.17715,
            28.50881
          ],
          [
            77.17697,
            28.50873
          ],
          [
            77.17676,
            28.50863
          ],
          [
            77.1766,
            28.50854
          ],
          [
            77.17647,
            28.50846
          ],
          [
            77.1763,
            28.50834
          ],
          [
            77.17614,
            28.50818
          ],
          [
            77.17569,
            28.50771
          ],
          [
            77.17494,
            28.50675
          ],
          [
            77.17342,
            28.50488
          ],
          [
            77.17322,
            28.50466
          ],
          [
            77.17301,
            28.50447
          ],
          [
            77.1728,
            28.50429
          ],
          [
            77.17265,
            28.50418
          ],
          [
            77.17248,
            28.50406
          ],
          [
            77.17226,
            28.50391
          ],
          [
            77.17202,
            28.50378
          ],
          [
            77.17181,
            28.50368
          ],
          [
            77.17163,
            28.50359
          ],
          [
            77.17146,
            28.50352
          ],
          [
            77.16967,
            28.50282
          ],
          [
            77.16945,
            28.50272
          ],
          [
            77.16878,
            28.50239
          ],
          [
            77.16861,
            28.5023
          ],
          [
            77.16835,
            28.5022
          ],
          [
            77.16808,
            28.50209
          ],
          [
            77.16711,
            28.50173
          ],
          [
            77.16686,
            28.50164
          ],
          [
            77.16666,
            28.50155
          ],
          [
            77.1664,
            28.50144
          ],
          [
            77.16431,
            28.50043
          ],
          [
            77.16396,
            28.50026
          ],
          [
            77.16323,
            28.49991
          ],
          [
            77.16293,
            28.49978
          ],
          [
            77.16242,
            28.49958
          ],
          [
            77.16091,
            28.49897
          ],
          [
            77.16001,
            28.49861
          ],
          [
            77.15906,
            28.49819
          ],
          [
            77.15863,
            28.498
          ],
          [
            77.15826,
            28.49784
          ],
          [
            77.15781,
            28.49765
          ],
          [
            77.15681,
            28.49721
          ],
          [
            77.15601,
            28.49686
          ],
          [
            77.15046,
            28.49432
          ],
          [
            77.1492,
            28.49373
          ],
          [
            77.14657,
            28.49259
          ],
          [
            77.14522,
            28.49205
          ],
          [
            77.14217,
            28.49098
          ],
          [
            77.14136,
            28.49053
          ],
          [
            77.13902,
            28.48937
          ],
          [
            77.13525,
            28.48762
          ],
          [
            77.13341,
            28.48666
          ],
          [
            77.13146,
            28.4851
          ],
          [
            77.13035,
            28.48398
          ],
          [
            77.12754,
            28.48202
          ],
          [
            77.12684,
            28.48155
          ],
          [
            77.12578,
            28.48072
          ],
          [
            77.12502,
            28.48018
          ],
          [
            77.12443,
            28.47974
          ],
          [
            77.12381,
            28.47926
          ],
          [
            77.12343,
            28.47907
          ],
          [
            77.12306,
            28.47889
          ],
          [
            77.12266,
            28.47879
          ],
          [
            77.12223,
            28.47873
          ],
          [
            77.12162,
            28.47875
          ],
          [
            77.12097,
            28.47888
          ],
          [
            77.12035,
            28.47914
          ],
          [
            77.1191,
            28.47997
          ],
          [
            77.1182,
            28.48056
          ],
          [
            77.11773,
            28.48075
          ],
          [
            77.11702,
            28.48092
          ],
          [
            77.11597,
            28.48113
          ],
          [
            77.11486,
            28.48134
          ],
          [
            77.11419,
            28.48149
          ],
          [
            77.11359,
            28.48156
          ],
          [
            77.11313,
            28.48156
          ],
          [
            77.11238,
            28.48153
          ],
          [
            77.11177,
            28.48149
          ],
          [
            77.11124,
            28.48151
          ],
          [
            77.11098,
            28.48155
          ],
          [
            77.11058,
            28.48164
          ],
          [
            77.11039,
            28.4817
          ],
          [
            77.11021,
            28.48177
          ],
          [
            77.10974,
            28.482
          ],
          [
            77.1092,
            28.48228
          ],
          [
            77.10884,
            28.48242
          ],
          [
            77.10852,
            28.4825
          ],
          [
            77.10824,
            28.48256
          ],
          [
            77.10799,
            28.4826
          ],
          [
            77.10765,
            28.48261
          ],
          [
            77.10734,
            28.48259
          ],
          [
            77.10708,
            28.48256
          ],
          [
            77.10679,
            28.4825
          ],
          [
            77.10646,
            28.48243
          ],
          [
            77.10572,
            28.48227
          ],
          [
            77.10516,
            28.48218
          ],
          [
            77.10436,
            28.48212
          ],
          [
            77.10327,
            28.48212
          ],
          [
            77.10227,
            28.482
          ],
          [
            77.10122,
            28.48188
          ],
          [
            77.10047,
            28.48182
          ],
          [
            77.09984,
            28.48185
          ],
          [
            77.09856,
            28.48199
          ],
          [
            77.09796,
            28.48204
          ],
          [
            77.09742,
            28.48205
          ],
          [
            77.09685,
            28.48199
          ],
          [
            77.096,
            28.48189
          ],
          [
            77.09522,
            28.48176
          ],
          [
            77.09442,
            28.48159
          ],
          [
            77.09301,
            28.48124
          ],
          [
            77.0916,
            28.48097
          ],
          [
            77.0908,
            28.4808
          ],
          [
            77.08945,
            28.4806
          ],
          [
            77.08897,
            28.48053
          ],
          [
            77.0883,
            28.48059
          ],
          [
            77.08776,
            28.48064
          ],
          [
            77.08682,
            28.48055
          ],
          [
            77.0799,
            28.47952
          ],
          [
            77.07428,
            28.47858
          ],
          [
            77.07395,
            28.47851
          ],
          [
            77.07369,
            28.47842
          ],
          [
            77.07339,
            28.4783
          ],
          [
            77.0731,
            28.47814
          ],
          [
            77.07274,
            28.47785
          ],
          [
            77.07237,
            28.47744
          ],
          [
            77.07212,
            28.47698
          ],
          [
            77.07199,
            28.47653
          ],
          [
            77.07192,
            28.47587
          ],
          [
            77.07245,
            28.47233
          ],
          [
            77.07391,
            28.46211
          ],
          [
            77.07394,
            28.46184
          ],
          [
            77.07395,
            28.46154
          ],
          [
            77.07391,
            28.46126
          ],
          [
            77.07385,
            28.461
          ],
          [
            77.07378,
            28.46081
          ],
          [
            77.07371,
            28.46062
          ],
          [
            77.07362,
            28.46046
          ],
          [
            77.07351,
            28.46029
          ],
          [
            77.07339,
            28.46014
          ],
          [
            77.07269,
            28.45933
          ]
        ]
      },
      "properties": {
        "segment_id": "del-yellow-seg-01",
        "line_id": "del-yellow",
        "line_name": "Yellow Line",
        "city_id": "delhi",
        "city": "Delhi",
        "operator": "DMRC",
        "status": "operational",
        "phase": "I",
        "length_km": 49.5,
        "gauge": "broad",
        "inaugurated_on": "2004-12-20",
        "expected_completion": null,
        "stations_count": 39,
        "color": "#FFD700",
        "source": "osm",
        "references": [],
        "completion_unconfirmed": false,
        "last_verified": null,
        "retrieved_at": "2026-10-06",
        "geometry_quality": "exact"
      }
    },
    {
      "type": "Feature",
      "geometry": {
        "type": "LineString",
        "coordinates": [
          [
            77.3751,
            28.62826
          ],
          [
            77.37497,
            28.62686
          ],
          [
            77.37492,
            28.62632
          ],
          [
            77.37487,
            28.62584
          ],
          [
            77.37485,
            28.62563
          ],
          [
            77.3747,
            28.62436
          ],
          [
            77.37458,
            28.6239
          ],
          [
            77.37427,
            28.62316
          ],
          [
            77.37413,
            28.62262
          ],
          [
            77.37368,
            28.61789
          ],
          [
            77.37362,
            28.61698
          ],
          [
            77.37344,
            28.61529
          ],
          [
            77.37293,
            28.61017
          ],
          [
            77.37287,
            28.60951
          ],
          [
            77.37283,
            28.60901
          ],
          [
            77.37272,
            28.60653
          ],
          [
            77.37257,
            28.60298
          ],
          [
            77.37231,
            28.59758
          ],
          [
            77.37226,
            28.59687
          ],
          [
            77.37225,
            28.59627
          ],
          [
            77.3723,
            28.59582
          ],
          [
            77.37235,
            28.59551
          ],
          [
            77.37311,
            28.59325
          ],
          [
            77.37326,
            28.59293
          ],
          [
            77.37341,
            28.59266
          ],
          [
            77.3736,
            28.59238
          ],
          [
            77.37405,
            28.5918
          ],
          [
            77.37439,
            28.59141
          ],
          [
            77.37443,
            28.59136
          ],
          [
            77.37455,
            28.59121
          ],
          [
            77.37466,
            28.59109
          ],
          [
            77.37475,
            28.59095
          ],
          [
            77.37483,
            28.59082
          ],
          [
            77.37491,
            28.59068
          ],
          [
            77.37498,
            28.59053
          ],
          [
            77.37504,
            28.59039
          ],
          [
            77.37509,
            28.59024
          ],
          [
            77.37513,
            28.59009
          ],
          [
            77.37516,
            28.58993
          ],
          [
            77.37518,
            28.58978
          ],
          [
            77.37519,
            28.58963
          ],
          [
            77.37519,
            28.58947
          ],
          [
            77.37518,
            28.58931
          ],
          [
            77.37516,
            28.58916
          ],
          [
            77.37513,
            28.589
          ],
          [
            77.37509,
            28.58884
          ],
          [
            77.37503,
            28.58868
          ],
          [
            77.37497,
            28.58853
          ],
          [
            77.3749,
            28.58837
          ],
          [
            77.37481,
            28.58823
          ],
          [
            77.37472,
            28.58808
          ],
          [
            77.37462,
            28.58795
          ],
          [
            77.37451,
            28.58781
          ],
          [
            77.37439,
            28.58769
          ],
          [
            77.37426,
            28.58757
          ],
          [
            77.37409,
            28.58743
          ],
          [
            77.37387,
            28.5873
          ],
          [
            77.37356,
            28.58712
          ],
          [
            77.3728,
            28.58674
          ],
          [
            77.37176,
            28.58621
          ],
          [
            77.37149,
            28.58606
          ],
          [
            77.37128,
            28.58595
          ],
          [
            77.37097,
            28.58578
          ],
          [
            77.37057,
            28.58553
          ],
          [
            77.36644,
            28.5824
          ],
          [
            77.36352,
            28.58023
          ],
          [
            77.36007,
            28.57765
          ],
          [
            77.35625,
            28.57478
          ],
          [
            77.35222,
            28.57182
          ],
          [
            77.3464,
            28.56743
          ],
          [
            77.34362,
            28.56528
          ],
          [
            77.34063,
            28.56308
          ],
          [
            77.33999,
            28.5626
          ],
          [
            77.33985,
            28.5625
          ],
          [
            77.33971,
            28.56241
          ],
          [
            77.33956,
            28.56232
          ],
          [
            77.3394,
            28.56224
          ],
          [
            77.33924,
            28.56217
          ],
          [
            77.33907,
            28.56211
          ],
          [
            77.3389,
            28.56205
          ],
          [
            77.33873,
            28.56201
          ],
          [
            77.33856,
            28.56197
          ],
          [
            77.33838,
            28.56194
          ],
          [
            77.3382,
            28.56192
          ],
          [
            77.33802,
            28.56191
          ],
          [
            77.33784,
            28.56191
          ],
          [
            77.33766,
            28.56192
          ],
          [
            77.33748,
            28.56193
          ],
          [
            77.3373,
            28.56196
          ],
          [
            77.33713,
            28.56199
          ],
          [
            77.33695,
            28.56203
          ],
          [
            77.33678,
            28.56208
          ],
          [
            77.33661,
            28.56215
          ],
          [
            77.33645,
            28.56221
          ],
          [
            77.33629,
            28.56229
          ],
          [
            77.33614,
            28.56237
          ],
          [
            77.33599,
            28.56246
          ],
          [
            77.33585,
            28.56256
          ],
          [
            77.33572,
            28.56267
          ],
          [
            77.33492,
            28.56339
          ],
          [
            77.33437,
            28.56392
          ],
          [
            77.33366,
            28.5646
          ],
          [
            77.33298,
            28.56528
          ],
          [
            77.33185,
            28.56618
          ],
          [
            77.32978,
            28.56759
          ],
          [
            77.32846,
            28.56864
          ],
          [
            77.32742,
            28.56957
          ],
          [
            77.32615,
            28.57079
          ],
          [
            77.32322,
            28.57354
          ],
          [
            77.32268,
            28.57401
          ],
          [
            77.32211,
            28.57443
          ],
          [
            77.31972,
            28.57651
          ],
          [
            77.31854,
            28.57749
          ],
          [
            77.31783,
            28.57811
          ],
          [
            77.31589,
            28.58004
          ],
          [
            77.31511,
            28.58079
          ],
          [
            77.314,
            28.58185
          ],
          [
            77.31356,
            28.58229
          ],
          [
            77.31322,
            28.58271
          ],
          [
            77.31168,
            28.58493
          ],
          [
            77.3109,
            28.58609
          ],
          [
            77.30998,
            28.58774
          ],
          [
            77.30989,
            28.58788
          ],
          [
            77.30979,
            28.58801
          ],
          [
            77.30968,
            28.58814
          ],
          [
            77.30956,
            28.58826
          ],
          [
            77.30944,
            28.58837
          ],
          [
            77.30931,
            28.58848
          ],
          [
            77.30917,
            28.58858
          ],
          [
            77.30902,
            28.58868
          ],
          [
            77.30887,
            28.58876
          ],
          [
            77.30871,
            28.58884
          ],
          [
            77.30855,
            28.58891
          ],
          [
            77.3084,
            28.58897
          ],
          [
            77.30824,
            28.58902
          ],
          [
            77.30809,
            28.58906
          ],
          [
            77.30793,
            28.58909
          ],
          [
            77.30777,
            28.58912
          ],
          [
            77.3076,
            28.58914
          ],
          [
            77.30744,
            28.58915
          ],
          [
            77.30728,
            28.58915
          ],
          [
            77.307,
            28.58916
          ],
          [
            77.30316,
            28.58911
          ],
          [
            77.30158,
            28.5891
          ],
          [
            77.29963,
            28.58911
          ],
          [
            77.29913,
            28.58913
          ],
          [
            77.29869,
            28.58921
          ],
          [
            77.29832,
            28.58932
          ],
          [
            77.29802,
            28.58944
          ],
          [
            77.29767,
            28.58964
          ],
          [
            77.29734,
            28.58988
          ],
          [
            77.29712,
            28.59008
          ],
          [
            77.29692,
            28.59033
          ],
          [
            77.29602,
            28.59167
          ],
          [
            77.29564,
            28.59227
          ],
          [
            77.29541,
            28.59263
          ],
          [
            77.295,
            28.59339
          ],
          [
            77.29443,
            28.59447
          ],
          [
            77.29418,
            28.59496
          ],
          [
            77.2934,
            28.59648
          ],
          [
            77.29331,
            28.59667
          ],
          [
            77.29323,
            28.59682
          ],
          [
            77.29217,
            28.59886
          ],
          [
            77.29154,
            28.60017
          ],
          [
            77.29024,
            28.60256
          ],
          [
            77.29002,
            28.60302
          ],
          [
            77.28987,
            28.60329
          ],
          [
            77.28974,
            28.60359
          ],
          [
            77.28952,
            28.60406
          ],
          [
            77.28902,
            28.60505
          ],
          [
            77.28852,
            28.60605
          ],
          [
            77.28768,
            28.60778
          ],
          [
            77.28739,
            28.60843
          ],
          [
            77.28706,
            28.60894
          ],
          [
            77.28671,
            28.60945
          ],
          [
            77.28653,
            28.6097
          ],
          [
            77.28602,
            28.61028
          ],
          [
            77.28471,
            28.61186
          ],
          [
            77.28417,
            28.61258
          ],
          [
            77.2836,
            28.61339
          ],
          [
            77.28254,
            28.61488
          ],
          [
            77.2823,
            28.61518
          ],
          [
            77.28205,
            28.61544
          ],
          [
            77.28173,
            28.61571
          ],
          [
            77.28138,
            28.61596
          ],
          [
            77.28091,
            28.61628
          ],
          [
            77.28056,
            28.61657
          ],
          [
            77.28028,
            28.61685
          ],
          [
            77.28,
            28.61721
          ],
          [
            77.27953,
            28.61788
          ],
          [
            77.27886,
            28.61869
          ],
          [
            77.27633,
            28.62213
          ],
          [
            77.2758,
            28.62287
          ],
          [
            77.27542,
            28.62338
          ],
          [
            77.27532,
            28.62351
          ],
          [
            77.27523,
            28.62362
          ],
          [
            77.27513,
            28.62372
          ],
          [
            77.27503,
            28.62382
          ],
          [
            77.27492,
            28.62392
          ],
          [
            77.27477,
            28.62402
          ],
          [
            77.2745,
            28.6242
          ],
          [
            77.27429,
            28.62431
          ],
          [
            77.27407,
            28.62439
          ],
          [
            77.27387,
            28.62446
          ],
          [
            77.27366,
            28.62453
          ],
          [
            77.27343,
            28.62458
          ],
          [
            77.27319,
            28.62461
          ],
          [
            77.27294,
            28.62463
          ],
          [
            77.27272,
            28.62463
          ],
          [
            77.27248,
            28.62462
          ],
          [
            77.27229,
            28.6246
          ],
          [
            77.27209,
            28.62457
          ],
          [
            77.27189,
            28.62452
          ],
          [
            77.27166,
            28.62445
          ],
          [
            77.27144,
            28.62438
          ],
          [
            77.27083,
            28.62416
          ],
          [
            77.26953,
            28.62369
          ],
          [
            77.26886,
            28.62343
          ],
          [
            77.26804,
            28.62314
          ],
          [
            77.26766,
            28.623
          ],
          [
            77.26746,
            28.62294
          ],
          [
            77.26726,
            28.62288
          ],
          [
            77.26707,
            28.62283
          ],
          [
            77.26686,
            28.62278
          ],
          [
            77.26668,
            28.62274
          ],
          [
            77.2665,
            28.62269
          ],
          [
            77.26632,
            28.62263
          ],
          [
            77.26614,
            28.62258
          ],
          [
            77.26533,
            28.62229
          ],
          [
            77.26455,
            28.622
          ],
          [
            77.26371,
            28.6217
          ],
          [
            77.26349,
            28.62163
          ],
          [
            77.26327,
            28.62156
          ],
          [
            77.26305,
            28.6215
          ],
          [
            77.26283,
            28.62145
          ],
          [
            77.26185,
            28.62122
          ],
          [
            77.26081,
            28.62105
          ],
          [
            77.25906,
            28.62085
          ],
          [
            77.25555,
            28.62042
          ],
          [
            77.25355,
            28.62016
          ],
          [
            77.25269,
            28.62009
          ],
          [
            77.25218,
            28.62011
          ],
          [
            77.25131,
            28.62025
          ],
          [
            77.24954,
            28.62058
          ],
          [
            77.24873,
            28.62077
          ],
          [
            77.24784,
            28.62097
          ],
          [
            77.24727,
            28.62109
          ],
          [
            77.24717,
            28.6211
          ],
          [
            77.24617,
            28.6212
          ],
          [
            77.24574,
            28.62125
          ],
          [
            77.24533,
            28.62133
          ],
          [
            77.24487,
            28.6215
          ],
          [
            77.2443,
            28.62181
          ],
          [
            77.2436,
            28.62244
          ],
          [
            77.24251,
            28.62346
          ],
          [
            77.24126,
            28.62463
          ],
          [
            77.24061,
            28.62503
          ],
          [
            77.24058,
            28.62505
          ],
          [
            77.24011,
            28.62521
          ],
          [
            77.23976,
            28.62531
          ],
          [
            77.23875,
            28.62539
          ],
          [
            77.23681,
            28.62548
          ],
          [
            77.23614,
            28.62551
          ],
          [
            77.23419,
            28.62559
          ],
          [
            77.23225,
            28.62573
          ],
          [
            77.23197,
            28.62582
          ],
          [
            77.2314,
            28.62603
          ],
          [
            77.225,
            28.62975
          ],
          [
            77.2211,
            28.63198
          ],
          [
            77.22075,
            28.63218
          ],
          [
            77.22062,
            28.63225
          ],
          [
            77.22051,
            28.63231
          ],
          [
            77.21969,
            28.63276
          ],
          [
            77.21897,
            28.63315
          ],
          [
            77.2182,
            28.63356
          ],
          [
            77.2159,
            28.63497
          ],
          [
            77.21348,
            28.63642
          ],
          [
            77.20857,
            28.63922
          ],
          [
            77.20661,
            28.64039
          ],
          [
            77.20547,
            28.64094
          ],
          [
            77.20474,
            28.64137
          ],
          [
            77.20424,
            28.64183
          ],
          [
            77.20384,
            28.64225
          ],
          [
            77.20349,
            28.64257
          ],
          [
            77.20319,
            28.64278
          ],
          [
            77.20314,
            28.64282
          ],
          [
            77.20265,
            28.64309
          ],
          [
            77.2015,
            28.64356
          ],
          [
            77.19991,
            28.6443
          ],
          [
            77.19859,
            28.64492
          ],
          [
            77.1979,
            28.64515
          ],
          [
            77.19723,
            28.64522
          ],
          [
            77.19655,
            28.64515
          ],
          [
            77.19227,
            28.64449
          ],
          [
            77.18853,
            28.64399
          ],
          [
            77.17828,
            28.64248
          ],
          [
            77.17605,
            28.64213
          ],
          [
            77.17562,
            28.64208
          ],
          [
            77.1752,
            28.64205
          ],
          [
            77.17491,
            28.64206
          ],
          [
            77.17466,
            28.64207
          ],
          [
            77.17438,
            28.64214
          ],
          [
            77.17413,
            28.6422
          ],
          [
            77.17388,
            28.64229
          ],
          [
            77.17364,
            28.64239
          ],
          [
            77.1731,
            28.64269
          ],
          [
            77.17137,
            28.64378
          ],
          [
            77.16927,
            28.645
          ],
          [
            77.16776,
            28.6459
          ],
          [
            77.15824,
            28.65157
          ],
          [
            77.15559,
            28.65316
          ],
          [
            77.15521,
            28.65339
          ],
          [
            77.15464,
            28.65367
          ],
          [
            77.15331,
            28.65418
          ],
          [
            77.15297,
            28.65435
          ],
          [
            77.15187,
            28.65498
          ],
          [
            77.15065,
            28.65573
          ],
          [
            77.14991,
            28.65618
          ],
          [
            77.14915,
            28.65666
          ],
          [
            77.14863,
            28.65695
          ],
          [
            77.14806,
            28.65732
          ],
          [
            77.14718,
            28.65789
          ],
          [
            77.14661,
            28.65828
          ],
          [
            77.1461,
            28.65851
          ],
          [
            77.14554,
            28.65863
          ],
          [
            77.14509,
            28.65869
          ],
          [
            77.14477,
            28.65869
          ],
          [
            77.14446,
            28.65864
          ],
          [
            77.14408,
            28.65855
          ],
          [
            77.1437,
            28.65844
          ],
          [
            77.14244,
            28.65784
          ],
          [
            77.13726,
            28.65491
          ],
          [
            77.13579,
            28.65419
          ],
          [
            77.1351,
            28.65373
          ],
          [
            77.13475,
            28.65358
          ],
          [
            77.13439,
            28.65345
          ],
          [
            77.13401,
            28.65334
          ],
          [
            77.13325,
            28.65314
          ],
          [
            77.13166,
            28.65273
          ],
          [
            77.13071,
            28.65248
          ],
          [
            77.12828,
            28.65186
          ],
          [
            77.12774,
            28.65171
          ],
          [
            77.1272,
            28.65148
          ],
          [
            77.1256,
            28.65053
          ],
          [
            77.12372,
            28.64951
          ],
          [
            77.12339,
            28.64935
          ],
          [
            77.12274,
            28.64904
          ],
          [
            77.11927,
            28.64764
          ],
          [
            77.11858,
            28.64734
          ],
          [
            77.11794,
            28.64699
          ],
          [
            77.11717,
            28.64651
          ],
          [
            77.11664,
            28.64613
          ],
          [
            77.11579,
            28.64551
          ],
          [
            77.1149,
            28.64492
          ],
          [
            77.1139,
            28.64433
          ],
          [
            77.11287,
            28.64373
          ],
          [
            77.11227,
            28.64342
          ],
          [
            77.11165,
            28.64312
          ],
          [
            77.11083,
            28.64281
          ],
          [
            77.10967,
            28.64238
          ],
          [
            77.10836,
            28.64181
          ],
          [
            77.1064,
            28.64094
          ],
          [
            77.10523,
            28.64046
          ],
          [
            77.10251,
            28.63944
          ],
          [
            77.10132,
            28.63901
          ],
          [
            77.10076,
            28.63879
          ],
          [
            77.09964,
            28.63812
          ],
          [
            77.09887,
            28.63768
          ],
          [
            77.09771,
            28.63709
          ],
          [
            77.09704,
            28.63678
          ],
          [
            77.09648,
            28.63653
          ],
          [
            77.09561,
            28.6362
          ],
          [
            77.09468,
            28.63592
          ],
          [
            77.09377,
            28.63561
          ],
          [
            77.09303,
            28.63527
          ],
          [
            77.09207,
            28.63481
          ],
          [
            77.09121,
            28.63449
          ],
          [
            77.0893,
            28.63397
          ],
          [
            77.08673,
            28.63299
          ],
          [
            77.08583,
            28.63267
          ],
          [
            77.08405,
            28.63196
          ],
          [
            77.08221,
            28.63122
          ],
          [
            77.08074,
            28.63071
          ],
          [
            77.07987,
            28.63034
          ],
          [
            77.07809,
            28.62956
          ],
          [
            77.07707,
            28.62918
          ],
          [
            77.0767,
            28.62905
          ],
          [
            77.07598,
            28.62875
          ],
          [
            77.0758,
            28.62868
          ],
          [
            77.07517,
            28.62844
          ],
          [
            77.07465,
            28.62829
          ],
          [
            77.07418,
            28.62817
          ],
          [
            77.07367,
            28.62802
          ],
          [
            77.07306,
            28.62778
          ],
          [
            77.07126,
            28.62709
          ],
          [
            77.07104,
            28.62701
          ],
          [
            77.06911,
            28.62625
          ],
          [
            77.0681,
            28.62588
          ],
          [
            77.06735,
            28.62561
          ],
          [
            77.0653,
            28.62483
          ],
          [
            77.06396,
            28.6243
          ],
          [
            77.06306,
            28.62393
          ],
          [
            77.06144,
            28.62329
          ],
          [
            77.06032,
            28.62289
          ],
          [
            77.05968,
            28.6227
          ],
          [
            77.05839,
            28.62236
          ],
          [
            77.05781,
            28.62222
          ],
          [
            77.05667,
            28.62198
          ],
          [
            77.05572,
            28.62174
          ],
          [
            77.0538,
            28.6214
          ],
          [
            77.05291,
            28.62125
          ],
          [
            77.05194,
            28.62111
          ],
          [
            77.05102,
            28.62099
          ],
          [
            77.04943,
            28.62081
          ],
          [
            77.04793,
            28.62063
          ],
          [
            77.04698,
            28.62052
          ],
          [
            77.04508,
            28.62026
          ],
          [
            77.04461,
            28.62022
          ],
          [
            77.04398,
            28.62017
          ],
          [
            77.04389,
            28.62017
          ],
          [
            77.04339,
            28.62016
          ],
          [
            77.043,
            28.62017
          ],
          [
            77.04191,
            28.62025
          ],
          [
            77.04122,
            28.62029
          ],
          [
            77.04029,
            28.62029
          ],
          [
            77.0389,
            28.62015
          ],
          [
            77.03788,
            28.62001
          ],
          [
            77.03328,
            28.61929
          ],
          [
            77.03211,
            28.61914
          ],
          [
            77.03148,
            28.61907
          ],
          [
            77.03093,
            28.61904
          ],
          [
            77.03054,
            28.61904
          ],
          [
            77.03024,
            28.61905
          ],
          [
            77.02972,
            28.61908
          ],
          [
            77.02726,
            28.61927
          ],
          [
            77.02655,
            28.61933
          ],
          [
            77.02605,
            28.61931
          ],
          [
            77.02548,
            28.6192
          ],
          [
            77.02501,
            28.61901
          ],
          [
            77.02466,
            28.61882
          ],
          [
            77.02431,
            28.61857
          ],
          [
            77.02397,
            28.61822
          ],
          [
            77.02367,
            28.61781
          ],
          [
            77.02345,
            28.61732
          ],
          [
            77.02328,
            28.61666
          ],
          [
            77.02317,
            28.61626
          ],
          [
            77.02309,
            28.616
          ],
          [
            77.02279,
            28.61493
          ],
          [
            77.02252,
            28.61407
          ],
          [
            77.02244,
            28.61379
          ],
          [
            77.02236,
            28.61354
          ],
          [
            77.02228,
            28.61328
          ],
          [
            77.02212,
            28.61273
          ],
          [
            77.02193,
            28.61206
          ],
          [
            77.02184,
            28.61144
          ],
          [
            77.02181,
            28.61039
          ],
          [
            77.02182,
            28.6093
          ],
          [
            77.02205,
            28.60788
          ],
          [
            77.02236,
            28.60691
          ],
          [
            77.02291,
            28.60584
          ],
          [
            77.0234,
            28.60508
          ],
          [
            77.02424,
            28.60408
          ],
          [
            77.02512,
            28.60308
          ],
          [
            77.02559,
            28.60259
          ],
          [
            77.02599,
            28.60223
          ],
          [
            77.0272,
            28.6013
          ],
          [
            77.02981,
            28.59953
          ],
          [
            77.03356,
            28.59702
          ],
          [
            77.04075,
            28.59225
          ],
          [
            77.0455,
            28.58906
          ],
          [
            77.04945,
            28.58646
          ],
          [
            77.05751,
            28.58107
          ],
          [
            77.06139,
            28.5785
          ],
          [
            77.06204,
            28.57802
          ],
          [
            77.0628,
            28.57739
          ],
          [
            77.0633,
            28.57695
          ],
          [
            77.06382,
            28.57638
          ],
          [
            77.06423,
            28.57588
          ],
          [
            77.06468,
            28.57527
          ],
          [
            77.06535,
            28.57428
          ],
          [
            77.06587,
            28.57325
          ],
          [
            77.06629,
            28.57234
          ],
          [
            77.0666,
            28.57168
          ],
          [
            77.06682,
            28.57113
          ],
          [
            77.06703,
            28.57048
          ],
          [
            77.06714,
            28.56993
          ],
          [
            77.06722,
            28.56934
          ],
          [
            77.06726,
            28.56867
          ],
          [
            77.06726,
            28.56821
          ],
          [
            77.06715,
            28.56644
          ],
          [
            77.06706,
            28.56561
          ],
          [
            77.06691,
            28.5648
          ],
          [
            77.06682,
            28.56426
          ],
          [
            77.06667,
            28.56372
          ],
          [
            77.06644,
            28.56301
          ],
          [
            77.0662,
            28.56238
          ],
          [
            77.06592,
            28.56177
          ],
          [
            77.06561,
            28.56122
          ],
          [
            77.06549,
            28.561
          ],
          [
            77.06508,
            28.56035
          ],
          [
            77.06486,
            28.56002
          ],
          [
            77.06453,
            28.55954
          ],
          [
            77.06307,
            28.55762
          ],
          [
            77.06145,
            28.55565
          ],
          [
            77.06098,
            28.55506
          ],
          [
            77.05846,
            28.55199
          ]
        ]
      },
      "properties": {
        "segment_id": "del-blue-seg-01",
        "line_id": "del-blue",
        "line_name": "Blue Line",
        "city_id": "delhi",
        "city": "Delhi",
        "operator": "DMRC",
        "status": "operational",
        "phase": "I",
        "length_km": 55.6,
        "gauge": "broad",
        "inaugurated_on": "2005-12-31",
        "expected_completion": null,
        "stations_count": 40,
        "color": "#0070BB",
        "source": "osm",
        "references": [],
        "completion_unconfirmed": false,
        "last_verified": null,
        "retrieved_at": "2026-10-06",
        "geometry_quality": "exact"
      }
    },
    {
      "type": "Feature",
      "geometry": {
        "type": "LineString",
        "coordinates": [
          [
            77.26795,
            28.62331
          ],
          [
            77.26875,
            28.62359
          ],
          [
            77.2689,
            28.62365
          ],
          [
            77.26968,
            28.62394
          ],
          [
            77.26985,
            28.624
          ],
          [
            77.27027,
            28.62415
          ],
          [
            77.27071,
            28.6243
          ],
          [
            77.27088,
            28.62437
          ],
          [
            77.27101,
            28.62442
          ],
          [
            77.27115,
            28.62448
          ],
          [
            77.27129,
            28.62456
          ],
          [
            77.27142,
            28.62463
          ],
          [
            77.27158,
            28.62474
          ],
          [
            77.27171,
            28.62483
          ],
          [
            77.27182,
            28.62492
          ],
          [
            77.27196,
            28.62504
          ],
          [
            77.27209,
            28.62516
          ],
          [
            77.2722,
            28.62529
          ],
          [
            77.27227,
            28.62537
          ],
          [
            77.27236,
            28.62547
          ],
          [
            77.27245,
            28.62561
          ],
          [
            77.27254,
            28.62574
          ],
          [
            77.27266,
            28.62594
          ],
          [
            77.27279,
            28.62616
          ],
          [
            77.27296,
            28.62644
          ],
          [
            77.27348,
            28.62729
          ],
          [
            77.27378,
            28.62774
          ],
          [
            77.27387,
            28.62788
          ],
          [
            77.27404,
            28.62809
          ],
          [
            77.27414,
            28.62821
          ],
          [
            77.27428,
            28.62835
          ],
          [
            77.27439,
            28.62846
          ],
          [
            77.27452,
            28.62857
          ],
          [
            77.27469,
            28.62871
          ],
          [
            77.27487,
            28.62883
          ],
          [
            77.27509,
            28.62899
          ],
          [
            77.27574,
            28.62942
          ],
          [
            77.27611,
            28.62966
          ],
          [
            77.2775,
            28.63062
          ],
          [
            77.28235,
            28.63372
          ],
          [
            77.28543,
            28.6358
          ],
          [
            77.28589,
            28.6361
          ],
          [
            77.28675,
            28.63656
          ],
          [
            77.28755,
            28.63699
          ],
          [
            77.29189,
            28.63915
          ],
          [
            77.29303,
            28.63975
          ],
          [
            77.29391,
            28.64039
          ],
          [
            77.29526,
            28.64144
          ],
          [
            77.29638,
            28.64232
          ],
          [
            77.29943,
            28.64468
          ],
          [
            77.30296,
            28.64745
          ],
          [
            77.30329,
            28.64765
          ],
          [
            77.30365,
            28.64782
          ],
          [
            77.30457,
            28.64823
          ],
          [
            77.30553,
            28.64844
          ],
          [
            77.30649,
            28.64859
          ],
          [
            77.30658,
            28.6486
          ],
          [
            77.30763,
            28.64867
          ],
          [
            77.309,
            28.64871
          ],
          [
            77.30929,
            28.64869
          ],
          [
            77.3095,
            28.64867
          ],
          [
            77.30972,
            28.64864
          ],
          [
            77.31007,
            28.64857
          ],
          [
            77.31065,
            28.64842
          ],
          [
            77.31111,
            28.64832
          ],
          [
            77.31334,
            28.64776
          ],
          [
            77.31417,
            28.64755
          ],
          [
            77.31434,
            28.6475
          ],
          [
            77.31463,
            28.64742
          ],
          [
            77.31513,
            28.64727
          ],
          [
            77.31605,
            28.64689
          ],
          [
            77.31685,
            28.64647
          ],
          [
            77.31763,
            28.64602
          ],
          [
            77.31791,
            28.64585
          ],
          [
            77.31821,
            28.64569
          ],
          [
            77.31847,
            28.64557
          ],
          [
            77.31875,
            28.64546
          ],
          [
            77.31906,
            28.64537
          ],
          [
            77.31929,
            28.64532
          ],
          [
            77.31954,
            28.64528
          ],
          [
            77.31982,
            28.64525
          ],
          [
            77.32005,
            28.64525
          ],
          [
            77.32281,
            28.64535
          ],
          [
            77.32434,
            28.64541
          ],
          [
            77.32821,
            28.64565
          ],
          [
            77.3319,
            28.64588
          ],
          [
            77.33234,
            28.64591
          ],
          [
            77.33268,
            28.64596
          ],
          [
            77.33295,
            28.64602
          ],
          [
            77.33323,
            28.6461
          ],
          [
            77.33352,
            28.6462
          ],
          [
            77.33372,
            28.64629
          ],
          [
            77.33391,
            28.64638
          ],
          [
            77.33423,
            28.64656
          ],
          [
            77.33586,
            28.64754
          ],
          [
            77.3379,
            28.64881
          ],
          [
            77.33803,
            28.64889
          ],
          [
            77.3388,
            28.64935
          ],
          [
            77.33951,
            28.64976
          ]
        ]
      },
      "properties": {
        "segment_id": "del-blue-seg-02",
        "line_id": "del-blue",
        "line_name": "Blue Line (Branch)",
        "city_id": "delhi",
        "city": "Delhi",
        "operator": "DMRC",
        "status": "operational",
        "phase": "II",
        "length_km": 8.2,
        "gauge": "broad",
        "inaugurated_on": "2011-07-14",
        "expected_completion": null,
        "stations_count": 8,
        "color": "#0070BB",
        "source": "osm",
        "references": [],
        "completion_unconfirmed": false,
        "last_verified": null,
        "retrieved_at": "2026-10-06",
        "geometry_quality": "exact"
      }
    },
    {
      "type": "Feature",
      "geometry": {
        "type": "LineString",
        "coordinates": [
          [
            77.16914,
            28.67263
          ],
          [
            77.16801,
            28.6717
          ],
          [
            77.1666,
            28.6709
          ],
          [
            77.16615,
            28.67068
          ],
          [
            77.16572,
            28.67057
          ],
          [
            77.16522,
            28.67053
          ],
          [
            77.16494,
            28.67052
          ],
          [
            77.1647,
            28.67053
          ],
          [
            77.16408,
            28.67066
          ],
          [
            77.16335,
            28.67095
          ],
          [
            77.16253,
            28.67131
          ],
          [
            77.16171,
            28.6716
          ],
          [
            77.1613,
            28.67167
          ],
          [
            77.16089,
            28.6717
          ],
          [
            77.16062,
            28.67169
          ],
          [
            77.16043,
            28.67169
          ],
          [
            77.15986,
            28.67159
          ],
          [
            77.15919,
            28.67145
          ],
          [
            77.1586,
            28.67135
          ],
          [
            77.15829,
            28.67131
          ],
          [
            77.15804,
            28.67128
          ],
          [
            77.15784,
            28.67126
          ],
          [
            77.1577,
            28.67126
          ],
          [
            77.15757,
            28.67126
          ],
          [
            77.15742,
            28.67127
          ],
          [
            77.15728,
            28.67129
          ],
          [
            77.15693,
            28.67133
          ],
          [
            77.15652,
            28.6714
          ],
          [
            77.15593,
            28.67145
          ],
          [
            77.15528,
            28.67154
          ],
          [
            77.15397,
            28.67175
          ],
          [
            77.15217,
            28.67206
          ],
          [
            77.1512,
            28.6722
          ],
          [
            77.15002,
            28.67237
          ],
          [
            77.14876,
            28.67254
          ],
          [
            77.14611,
            28.67293
          ],
          [
            77.14494,
            28.67307
          ],
          [
            77.1445,
            28.67315
          ],
          [
            77.14403,
            28.67332
          ],
          [
            77.14309,
            28.67359
          ],
          [
            77.14253,
            28.67375
          ],
          [
            77.14204,
            28.67383
          ],
          [
            77.14056,
            28.67401
          ],
          [
            77.13966,
            28.67412
          ],
          [
            77.1377,
            28.67433
          ],
          [
            77.13733,
            28.67435
          ],
          [
            77.13696,
            28.67435
          ],
          [
            77.13551,
            28.67433
          ],
          [
            77.13524,
            28.67435
          ],
          [
            77.13491,
            28.67436
          ],
          [
            77.13046,
            28.67496
          ],
          [
            77.12768,
            28.67527
          ],
          [
            77.12475,
            28.67565
          ],
          [
            77.11934,
            28.6764
          ],
          [
            77.11228,
            28.67733
          ],
          [
            77.10307,
            28.67848
          ],
          [
            77.10295,
            28.6785
          ],
          [
            77.10221,
            28.67859
          ],
          [
            77.10133,
            28.67869
          ],
          [
            77.0966,
            28.67926
          ],
          [
            77.094,
            28.6796
          ],
          [
            77.09266,
            28.67971
          ],
          [
            77.09196,
            28.67977
          ],
          [
            77.08941,
            28.68005
          ],
          [
            77.08084,
            28.68104
          ],
          [
            77.074,
            28.68183
          ],
          [
            77.0733,
            28.68192
          ],
          [
            77.07261,
            28.68199
          ],
          [
            77.07137,
            28.68224
          ],
          [
            77.07086,
            28.68228
          ],
          [
            77.06573,
            28.68232
          ],
          [
            77.06473,
            28.68233
          ],
          [
            77.05913,
            28.68236
          ],
          [
            77.0587,
            28.68232
          ],
          [
            77.05819,
            28.68226
          ],
          [
            77.0577,
            28.68217
          ],
          [
            77.057,
            28.68214
          ],
          [
            77.05624,
            28.68213
          ],
          [
            77.05402,
            28.68214
          ],
          [
            77.052,
            28.68215
          ],
          [
            77.04394,
            28.68224
          ],
          [
            77.03364,
            28.68232
          ],
          [
            77.03281,
            28.68232
          ],
          [
            77.03127,
            28.68234
          ],
          [
            77.03057,
            28.68235
          ],
          [
            77.03006,
            28.68236
          ],
          [
            77.02964,
            28.68239
          ],
          [
            77.02895,
            28.68244
          ],
          [
            77.02626,
            28.68262
          ],
          [
            77.02514,
            28.68269
          ],
          [
            77.02397,
            28.68276
          ],
          [
            77.01711,
            28.68335
          ],
          [
            77.00915,
            28.68406
          ],
          [
            77.00546,
            28.68437
          ],
          [
            77.00236,
            28.68464
          ],
          [
            76.99948,
            28.68492
          ],
          [
            76.99612,
            28.68523
          ],
          [
            76.99269,
            28.68545
          ],
          [
            76.98955,
            28.68573
          ],
          [
            76.98622,
            28.68602
          ],
          [
            76.98454,
            28.68617
          ],
          [
            76.97874,
            28.68668
          ],
          [
            76.97816,
            28.68674
          ],
          [
            76.9772,
            28.68682
          ],
          [
            76.97557,
            28.68701
          ],
          [
            76.97523,
            28.68704
          ],
          [
            76.97281,
            28.68725
          ],
          [
            76.96597,
            28.68778
          ],
          [
            76.96446,
            28.68786
          ],
          [
            76.96407,
            28.6879
          ],
          [
            76.96352,
            28.68795
          ],
          [
            76.96327,
            28.68797
          ],
          [
            76.96316,
            28.68798
          ],
          [
            76.96302,
            28.688
          ],
          [
            76.95956,
            28.68846
          ],
          [
            76.95631,
            28.68875
          ],
          [
            76.95307,
            28.68903
          ],
          [
            76.95116,
            28.68921
          ],
          [
            76.95049,
            28.68927
          ],
          [
            76.9499,
            28.68933
          ],
          [
            76.9498,
            28.68934
          ],
          [
            76.94761,
            28.68954
          ],
          [
            76.94092,
            28.69017
          ],
          [
            76.93544,
            28.69066
          ],
          [
            76.93489,
            28.69071
          ],
          [
            76.9346,
            28.69074
          ],
          [
            76.9332,
            28.69087
          ],
          [
            76.93204,
            28.69108
          ],
          [
            76.93112,
            28.6913
          ],
          [
            76.93009,
            28.6916
          ],
          [
            76.92946,
            28.69181
          ],
          [
            76.92895,
            28.69205
          ],
          [
            76.92794,
            28.69259
          ],
          [
            76.9254,
            28.69396
          ],
          [
            76.92227,
            28.69566
          ],
          [
            76.92019,
            28.69679
          ],
          [
            76.91914,
            28.69734
          ]
        ]
      },
      "properties": {
        "segment_id": "del-green-seg-01",
        "line_id": "del-green",
        "line_name": "Green Line",
        "city_id": "delhi",
        "city": "Delhi",
        "operator": "DMRC",
        "status": "operational",
        "phase": "II",
        "length_km": 24.8,
        "gauge": "standard",
        "inaugurated_on": "2010-04-03",
        "expected_completion": null,
        "stations_count": 23,
        "color": "#008000",
        "source": "osm",
        "references": [],
        "completion_unconfirmed": false,
        "last_verified": null,
        "retrieved_at": "2026-10-06",
        "geometry_quality": "exact"
      }
    },
    {
      "type": "Feature",
      "geometry": {
        "type": "LineString",
        "coordinates": [
          [
            77.15134,
            28.65455
          ],
          [
            77.15231,
            28.65582
          ],
          [
            77.15326,
            28.65707
          ],
          [
            77.15348,
            28.65748
          ],
          [
            77.15403,
            28.65856
          ],
          [
            77.15437,
            28.65904
          ],
          [
            77.15602,
            28.66089
          ],
          [
            77.1564,
            28.66125
          ],
          [
            77.15703,
            28.66172
          ],
          [
            77.15734,
            28.66194
          ],
          [
            77.15755,
            28.66208
          ],
          [
            77.15918,
            28.66307
          ],
          [
            77.16084,
            28.664
          ],
          [
            77.16144,
            28.66435
          ],
          [
            77.16276,
            28.66499
          ],
          [
            77.1632,
            28.66522
          ],
          [
            77.16362,
            28.66557
          ],
          [
            77.16397,
            28.66595
          ],
          [
            77.16419,
            28.66642
          ],
          [
            77.16431,
            28.66692
          ],
          [
            77.16429,
            28.66734
          ],
          [
            77.16425,
            28.66762
          ],
          [
            77.16414,
            28.668
          ],
          [
            77.16404,
            28.66822
          ],
          [
            77.16383,
            28.66855
          ],
          [
            77.16355,
            28.66881
          ],
          [
            77.1632,
            28.66908
          ],
          [
            77.16284,
            28.66926
          ],
          [
            77.16187,
            28.66969
          ],
          [
            77.16024,
            28.67037
          ],
          [
            77.15978,
            28.67056
          ],
          [
            77.1594,
            28.67071
          ],
          [
            77.1591,
            28.67081
          ],
          [
            77.15879,
            28.67091
          ],
          [
            77.15855,
            28.67097
          ],
          [
            77.15832,
            28.67102
          ],
          [
            77.15807,
            28.67108
          ],
          [
            77.15759,
            28.67118
          ],
          [
            77.15725,
            28.67124
          ],
          [
            77.1569,
            28.6713
          ],
          [
            77.15593,
            28.67145
          ],
          [
            77.15528,
            28.67154
          ]
        ]
      },
      "properties": {
        "segment_id": "del-green-seg-02",
        "line_id": "del-green",
        "line_name": "Green Line (Kirti Nagar branch)",
        "city_id": "delhi",
        "city": "Delhi",
        "operator": "DMRC",
        "status": "operational",
        "phase": "II",
        "length_km": 3,
        "gauge": "standard",
        "inaugurated_on": "2011-08-27",
        "expected_completion": null,
        "stations_count": 3,
        "color": "#008000",
        "source": "osm",
        "references": [],
        "completion_unconfirmed": false,
        "last_verified": null,
        "retrieved_at": "2026-10-06",
        "geometry_quality": "exact"
      }
    },
    {
      "type": "Feature",
      "geometry": {
        "type": "LineString",
        "coordinates": [
          [
            77.22808,
            28.66869
          ],
          [
            77.22977,
            28.6664
          ],
          [
            77.23138,
            28.66399
          ],
          [
            77.23156,
            28.66378
          ],
          [
            77.23335,
            28.66257
          ],
          [
            77.2334,
            28.66254
          ],
          [
            77.23347,
            28.66249
          ],
          [
            77.23544,
            28.66115
          ],
          [
            77.23569,
            28.66093
          ],
          [
            77.23602,
            28.66042
          ],
          [
            77.23655,
            28.65961
          ],
          [
            77.23675,
            28.65824
          ],
          [
            77.23673,
            28.65748
          ],
          [
            77.2367,
            28.65678
          ],
          [
            77.23652,
            28.65585
          ],
          [
            77.23648,
            28.65533
          ],
          [
            77.23641,
            28.65458
          ],
          [
            77.23632,
            28.65342
          ],
          [
            77.23637,
            28.65258
          ],
          [
            77.23653,
            28.65198
          ],
          [
            77.23676,
            28.6513
          ],
          [
            77.2369,
            28.65109
          ],
          [
            77.23769,
            28.65004
          ],
          [
            77.2383,
            28.64923
          ],
          [
            77.23916,
            28.64833
          ],
          [
            77.23924,
            28.64813
          ],
          [
            77.23946,
            28.64761
          ],
          [
            77.24033,
            28.64082
          ],
          [
            77.24056,
            28.64012
          ],
          [
            77.24081,
            28.63922
          ],
          [
            77.24103,
            28.63854
          ],
          [
            77.24123,
            28.63787
          ],
          [
            77.2413,
            28.63721
          ],
          [
            77.24128,
            28.636
          ],
          [
            77.24107,
            28.62819
          ],
          [
            77.24103,
            28.62792
          ],
          [
            77.24085,
            28.6275
          ],
          [
            77.24044,
            28.62705
          ],
          [
            77.23966,
            28.62648
          ],
          [
            77.23908,
            28.62612
          ],
          [
            77.23832,
            28.62571
          ],
          [
            77.23762,
            28.62547
          ],
          [
            77.23668,
            28.62536
          ],
          [
            77.23419,
            28.62549
          ],
          [
            77.23089,
            28.62571
          ],
          [
            77.22011,
            28.62621
          ],
          [
            77.21989,
            28.62619
          ],
          [
            77.21972,
            28.62616
          ],
          [
            77.21965,
            28.62612
          ],
          [
            77.2196,
            28.62607
          ],
          [
            77.2195,
            28.62594
          ],
          [
            77.21937,
            28.62561
          ],
          [
            77.21929,
            28.62405
          ],
          [
            77.21903,
            28.62059
          ],
          [
            77.21891,
            28.62019
          ],
          [
            77.21881,
            28.62
          ],
          [
            77.21867,
            28.61984
          ],
          [
            77.21828,
            28.61963
          ],
          [
            77.21334,
            28.61749
          ],
          [
            77.21298,
            28.61722
          ],
          [
            77.21277,
            28.61681
          ],
          [
            77.21248,
            28.61637
          ],
          [
            77.21239,
            28.61587
          ],
          [
            77.21239,
            28.61528
          ],
          [
            77.21246,
            28.61481
          ],
          [
            77.21256,
            28.61453
          ],
          [
            77.21276,
            28.61425
          ],
          [
            77.22459,
            28.60515
          ],
          [
            77.2276,
            28.60324
          ],
          [
            77.22914,
            28.60226
          ],
          [
            77.22984,
            28.60182
          ],
          [
            77.23019,
            28.60153
          ],
          [
            77.23028,
            28.60112
          ],
          [
            77.23049,
            28.60028
          ],
          [
            77.23056,
            28.6
          ],
          [
            77.23083,
            28.59892
          ],
          [
            77.23171,
            28.59536
          ],
          [
            77.23315,
            28.59089
          ],
          [
            77.23381,
            28.58825
          ],
          [
            77.23416,
            28.5878
          ],
          [
            77.23439,
            28.5875
          ],
          [
            77.23796,
            28.58494
          ],
          [
            77.23831,
            28.58453
          ],
          [
            77.23925,
            28.58336
          ],
          [
            77.23935,
            28.58304
          ],
          [
            77.23913,
            28.58119
          ],
          [
            77.23891,
            28.58053
          ],
          [
            77.23878,
            28.57978
          ],
          [
            77.23874,
            28.57684
          ],
          [
            77.23882,
            28.5752
          ],
          [
            77.23875,
            28.57477
          ],
          [
            77.23863,
            28.57438
          ],
          [
            77.23849,
            28.57406
          ],
          [
            77.2368,
            28.57124
          ],
          [
            77.23642,
            28.57057
          ],
          [
            77.23612,
            28.57005
          ],
          [
            77.23571,
            28.56938
          ],
          [
            77.23521,
            28.56857
          ],
          [
            77.23494,
            28.5679
          ],
          [
            77.23471,
            28.56725
          ],
          [
            77.23459,
            28.56668
          ],
          [
            77.23447,
            28.56604
          ],
          [
            77.23441,
            28.56577
          ],
          [
            77.23436,
            28.56548
          ],
          [
            77.23432,
            28.56506
          ],
          [
            77.23431,
            28.56491
          ],
          [
            77.23429,
            28.56467
          ],
          [
            77.23428,
            28.5644
          ],
          [
            77.23431,
            28.56328
          ],
          [
            77.23433,
            28.56305
          ],
          [
            77.23438,
            28.56268
          ],
          [
            77.23443,
            28.56226
          ],
          [
            77.23451,
            28.56183
          ],
          [
            77.23465,
            28.56137
          ],
          [
            77.23474,
            28.56115
          ],
          [
            77.23485,
            28.56094
          ],
          [
            77.23507,
            28.56059
          ],
          [
            77.23535,
            28.56024
          ],
          [
            77.2356,
            28.55996
          ],
          [
            77.23592,
            28.55968
          ],
          [
            77.23628,
            28.55942
          ],
          [
            77.23661,
            28.55923
          ],
          [
            77.23706,
            28.55902
          ],
          [
            77.23758,
            28.5588
          ],
          [
            77.23859,
            28.55851
          ],
          [
            77.23911,
            28.55829
          ],
          [
            77.23933,
            28.55814
          ],
          [
            77.23959,
            28.55794
          ],
          [
            77.23988,
            28.55769
          ],
          [
            77.24164,
            28.55566
          ],
          [
            77.24198,
            28.55534
          ],
          [
            77.24231,
            28.55506
          ],
          [
            77.24505,
            28.55311
          ],
          [
            77.24557,
            28.55279
          ],
          [
            77.24716,
            28.55199
          ],
          [
            77.24721,
            28.55196
          ],
          [
            77.24767,
            28.55176
          ],
          [
            77.24825,
            28.55162
          ],
          [
            77.24872,
            28.55154
          ],
          [
            77.24911,
            28.55152
          ],
          [
            77.2502,
            28.55148
          ],
          [
            77.25102,
            28.55145
          ],
          [
            77.25174,
            28.55144
          ],
          [
            77.25226,
            28.55145
          ],
          [
            77.25261,
            28.55149
          ],
          [
            77.25305,
            28.55154
          ],
          [
            77.25407,
            28.55171
          ],
          [
            77.25442,
            28.55179
          ],
          [
            77.25496,
            28.5519
          ],
          [
            77.2555,
            28.55196
          ],
          [
            77.25603,
            28.55194
          ],
          [
            77.25646,
            28.55187
          ],
          [
            77.25689,
            28.55176
          ],
          [
            77.25731,
            28.55154
          ],
          [
            77.2576,
            28.55134
          ],
          [
            77.25788,
            28.55114
          ],
          [
            77.25817,
            28.55085
          ],
          [
            77.25872,
            28.55004
          ],
          [
            77.25911,
            28.5495
          ],
          [
            77.25955,
            28.54905
          ],
          [
            77.26031,
            28.54833
          ],
          [
            77.26094,
            28.54791
          ],
          [
            77.26168,
            28.54742
          ],
          [
            77.26286,
            28.54671
          ],
          [
            77.26335,
            28.54632
          ],
          [
            77.26366,
            28.54592
          ],
          [
            77.26427,
            28.54438
          ],
          [
            77.26523,
            28.54224
          ],
          [
            77.26549,
            28.54169
          ],
          [
            77.26564,
            28.54143
          ],
          [
            77.26592,
            28.54112
          ],
          [
            77.26615,
            28.54091
          ],
          [
            77.26644,
            28.54072
          ],
          [
            77.26679,
            28.54053
          ],
          [
            77.26716,
            28.54039
          ],
          [
            77.26756,
            28.54029
          ],
          [
            77.26803,
            28.54023
          ],
          [
            77.26855,
            28.54023
          ],
          [
            77.26896,
            28.54029
          ],
          [
            77.26933,
            28.5404
          ],
          [
            77.27069,
            28.541
          ],
          [
            77.27303,
            28.54193
          ],
          [
            77.27353,
            28.54215
          ],
          [
            77.27415,
            28.54248
          ],
          [
            77.27567,
            28.54328
          ],
          [
            77.27615,
            28.54353
          ],
          [
            77.27648,
            28.54366
          ],
          [
            77.27693,
            28.54378
          ],
          [
            77.27731,
            28.54384
          ],
          [
            77.27766,
            28.54385
          ],
          [
            77.27804,
            28.54381
          ],
          [
            77.27841,
            28.54375
          ],
          [
            77.27884,
            28.54362
          ],
          [
            77.2792,
            28.54347
          ],
          [
            77.27956,
            28.54323
          ],
          [
            77.27992,
            28.54289
          ],
          [
            77.28021,
            28.54257
          ],
          [
            77.28106,
            28.54143
          ],
          [
            77.28198,
            28.54028
          ],
          [
            77.28239,
            28.53951
          ],
          [
            77.28304,
            28.53843
          ],
          [
            77.28418,
            28.53648
          ],
          [
            77.28546,
            28.53433
          ],
          [
            77.28567,
            28.53398
          ],
          [
            77.28579,
            28.53378
          ],
          [
            77.28589,
            28.53358
          ],
          [
            77.28598,
            28.53341
          ],
          [
            77.2861,
            28.53316
          ],
          [
            77.2863,
            28.5327
          ],
          [
            77.28664,
            28.53192
          ],
          [
            77.28675,
            28.53168
          ],
          [
            77.28692,
            28.53126
          ],
          [
            77.28703,
            28.53103
          ],
          [
            77.2871,
            28.53087
          ],
          [
            77.28743,
            28.5301
          ],
          [
            77.2875,
            28.52994
          ],
          [
            77.28761,
            28.52973
          ],
          [
            77.28783,
            28.52934
          ],
          [
            77.28793,
            28.52916
          ],
          [
            77.28831,
            28.52859
          ],
          [
            77.28854,
            28.52828
          ],
          [
            77.28871,
            28.52808
          ],
          [
            77.28889,
            28.52787
          ],
          [
            77.28901,
            28.52774
          ],
          [
            77.28916,
            28.52758
          ],
          [
            77.28941,
            28.52734
          ],
          [
            77.28959,
            28.52716
          ],
          [
            77.29022,
            28.52659
          ],
          [
            77.29043,
            28.5264
          ],
          [
            77.29069,
            28.52616
          ],
          [
            77.29092,
            28.52596
          ],
          [
            77.29105,
            28.52583
          ],
          [
            77.2913,
            28.5256
          ],
          [
            77.29143,
            28.52548
          ],
          [
            77.29156,
            28.52534
          ],
          [
            77.29169,
            28.52519
          ],
          [
            77.29177,
            28.52509
          ],
          [
            77.29188,
            28.52495
          ],
          [
            77.29203,
            28.52473
          ],
          [
            77.29214,
            28.52456
          ],
          [
            77.29224,
            28.52436
          ],
          [
            77.29264,
            28.52354
          ],
          [
            77.29327,
            28.52223
          ],
          [
            77.2939,
            28.52091
          ],
          [
            77.29412,
            28.52044
          ],
          [
            77.29448,
            28.51973
          ],
          [
            77.29495,
            28.51875
          ],
          [
            77.29521,
            28.51817
          ],
          [
            77.29572,
            28.51694
          ],
          [
            77.29628,
            28.51552
          ],
          [
            77.2968,
            28.51435
          ],
          [
            77.29845,
            28.51035
          ],
          [
            77.29916,
            28.50864
          ],
          [
            77.30016,
            28.50643
          ],
          [
            77.30024,
            28.50617
          ],
          [
            77.3003,
            28.50591
          ],
          [
            77.30034,
            28.50563
          ],
          [
            77.30034,
            28.50535
          ],
          [
            77.3003,
            28.505
          ],
          [
            77.30006,
            28.5043
          ],
          [
            77.29924,
            28.50236
          ],
          [
            77.29878,
            28.50114
          ],
          [
            77.29872,
            28.5007
          ],
          [
            77.29872,
            28.50029
          ],
          [
            77.29886,
            28.49978
          ],
          [
            77.29892,
            28.49961
          ],
          [
            77.29899,
            28.49946
          ],
          [
            77.29908,
            28.49932
          ],
          [
            77.29918,
            28.49918
          ],
          [
            77.29926,
            28.49906
          ],
          [
            77.29939,
            28.49891
          ],
          [
            77.29953,
            28.49877
          ],
          [
            77.29968,
            28.49864
          ],
          [
            77.29982,
            28.49853
          ],
          [
            77.30004,
            28.49838
          ],
          [
            77.30069,
            28.49797
          ],
          [
            77.30111,
            28.4977
          ],
          [
            77.30139,
            28.4975
          ],
          [
            77.30153,
            28.49739
          ],
          [
            77.30167,
            28.49725
          ],
          [
            77.30182,
            28.49711
          ],
          [
            77.30194,
            28.49694
          ],
          [
            77.30205,
            28.49676
          ],
          [
            77.30217,
            28.49658
          ],
          [
            77.30225,
            28.4964
          ],
          [
            77.30232,
            28.49623
          ],
          [
            77.30238,
            28.49605
          ],
          [
            77.30244,
            28.49582
          ],
          [
            77.30272,
            28.4945
          ],
          [
            77.30302,
            28.49317
          ],
          [
            77.30381,
            28.48972
          ],
          [
            77.30394,
            28.48913
          ],
          [
            77.30401,
            28.48857
          ],
          [
            77.30413,
            28.48726
          ],
          [
            77.30431,
            28.4855
          ],
          [
            77.30454,
            28.48388
          ],
          [
            77.3047,
            28.48201
          ],
          [
            77.30492,
            28.47797
          ],
          [
            77.30516,
            28.47588
          ],
          [
            77.30522,
            28.47455
          ],
          [
            77.30522,
            28.47383
          ],
          [
            77.30544,
            28.47321
          ],
          [
            77.3059,
            28.47238
          ],
          [
            77.30617,
            28.47188
          ],
          [
            77.3063,
            28.47139
          ],
          [
            77.3064,
            28.47003
          ],
          [
            77.3065,
            28.46804
          ],
          [
            77.307,
            28.46237
          ],
          [
            77.30719,
            28.46026
          ],
          [
            77.30727,
            28.45908
          ],
          [
            77.30739,
            28.45778
          ],
          [
            77.30766,
            28.45441
          ],
          [
            77.30792,
            28.45106
          ],
          [
            77.30809,
            28.44862
          ],
          [
            77.30819,
            28.44762
          ],
          [
            77.30824,
            28.44682
          ],
          [
            77.30859,
            28.44351
          ],
          [
            77.30883,
            28.44047
          ],
          [
            77.30906,
            28.43816
          ],
          [
            77.3094,
            28.43365
          ],
          [
            77.3098,
            28.42885
          ],
          [
            77.31038,
            28.42271
          ],
          [
            77.31091,
            28.41656
          ],
          [
            77.311,
            28.41529
          ],
          [
            77.31117,
            28.414
          ],
          [
            77.31124,
            28.41337
          ],
          [
            77.31127,
            28.41304
          ],
          [
            77.31146,
            28.41084
          ],
          [
            77.31153,
            28.41006
          ],
          [
            77.31164,
            28.40844
          ],
          [
            77.31169,
            28.40802
          ],
          [
            77.3117,
            28.40782
          ],
          [
            77.31171,
            28.40766
          ],
          [
            77.31171,
            28.4075
          ],
          [
            77.31171,
            28.4065
          ],
          [
            77.31172,
            28.40606
          ],
          [
            77.31187,
            28.40423
          ],
          [
            77.31213,
            28.40145
          ],
          [
            77.31243,
            28.39749
          ],
          [
            77.31295,
            28.39128
          ],
          [
            77.31325,
            28.38796
          ],
          [
            77.31346,
            28.38584
          ],
          [
            77.31351,
            28.3851
          ],
          [
            77.3137,
            28.38243
          ],
          [
            77.3139,
            28.38047
          ],
          [
            77.31415,
            28.37748
          ],
          [
            77.31433,
            28.37565
          ],
          [
            77.31456,
            28.37443
          ],
          [
            77.31466,
            28.37318
          ],
          [
            77.31487,
            28.3708
          ],
          [
            77.31492,
            28.37023
          ],
          [
            77.31508,
            28.36808
          ],
          [
            77.31521,
            28.36682
          ],
          [
            77.31525,
            28.36642
          ],
          [
            77.31545,
            28.36375
          ],
          [
            77.31565,
            28.36157
          ],
          [
            77.31577,
            28.36011
          ],
          [
            77.31598,
            28.35768
          ],
          [
            77.31623,
            28.35465
          ],
          [
            77.31644,
            28.35202
          ],
          [
            77.31657,
            28.3506
          ],
          [
            77.31656,
            28.35026
          ],
          [
            77.31653,
            28.34999
          ],
          [
            77.3162,
            28.34863
          ],
          [
            77.31612,
            28.34784
          ],
          [
            77.31617,
            28.34707
          ],
          [
            77.31628,
            28.34569
          ],
          [
            77.31643,
            28.34419
          ],
          [
            77.3168,
            28.34283
          ],
          [
            77.31684,
            28.34265
          ],
          [
            77.31684,
            28.34241
          ],
          [
            77.31683,
            28.34209
          ],
          [
            77.31679,
            28.34179
          ],
          [
            77.31664,
            28.34092
          ],
          [
            77.31648,
            28.34001
          ]
        ]
      },
      "properties": {
        "segment_id": "del-violet-seg-01",
        "line_id": "del-violet",
        "line_name": "Violet Line",
        "city_id": "delhi",
        "city": "Delhi",
        "operator": "DMRC",
        "status": "operational",
        "phase": "II",
        "length_km": 44.9,
        "gauge": "standard",
        "inaugurated_on": "2010-10-03",
        "expected_completion": null,
        "stations_count": 19,
        "color": "#553592",
        "source": "osm",
        "references": [],
        "completion_unconfirmed": false,
        "last_verified": null,
        "retrieved_at": "2026-10-06",
        "geometry_quality": "exact"
      }
    },
    {
      "type": "Feature",
      "geometry": {
        "type": "LineString",
        "coordinates": [
          [
            77.04533,
            28.55085
          ],
          [
            77.04726,
            28.54953
          ],
          [
            77.04845,
            28.54871
          ],
          [
            77.04931,
            28.5483
          ],
          [
            77.0497,
            28.54815
          ],
          [
            77.05032,
            28.54794
          ],
          [
            77.05069,
            28.54786
          ],
          [
            77.0513,
            28.54776
          ],
          [
            77.05199,
            28.54773
          ],
          [
            77.05262,
            28.54776
          ],
          [
            77.05341,
            28.54787
          ],
          [
            77.05413,
            28.54802
          ],
          [
            77.05478,
            28.54823
          ],
          [
            77.05533,
            28.54847
          ],
          [
            77.05577,
            28.54866
          ],
          [
            77.05622,
            28.54898
          ],
          [
            77.05633,
            28.54907
          ],
          [
            77.05643,
            28.54918
          ],
          [
            77.05754,
            28.55048
          ],
          [
            77.05865,
            28.55184
          ],
          [
            77.06048,
            28.55408
          ],
          [
            77.06206,
            28.55573
          ],
          [
            77.06385,
            28.55735
          ],
          [
            77.06543,
            28.55822
          ],
          [
            77.06708,
            28.55877
          ],
          [
            77.06915,
            28.55906
          ],
          [
            77.07106,
            28.55914
          ],
          [
            77.07626,
            28.55856
          ],
          [
            77.08164,
            28.55759
          ],
          [
            77.08672,
            28.55649
          ],
          [
            77.10022,
            28.55353
          ],
          [
            77.11985,
            28.54894
          ],
          [
            77.12081,
            28.5488
          ],
          [
            77.12211,
            28.54874
          ],
          [
            77.12343,
            28.54891
          ],
          [
            77.12528,
            28.54935
          ],
          [
            77.12718,
            28.55018
          ],
          [
            77.12878,
            28.55122
          ],
          [
            77.13034,
            28.55286
          ],
          [
            77.13069,
            28.55325
          ],
          [
            77.13103,
            28.55372
          ],
          [
            77.13148,
            28.55458
          ],
          [
            77.13194,
            28.55576
          ],
          [
            77.13294,
            28.55885
          ],
          [
            77.13309,
            28.5594
          ],
          [
            77.1332,
            28.56016
          ],
          [
            77.13321,
            28.56093
          ],
          [
            77.13318,
            28.56126
          ],
          [
            77.13315,
            28.56158
          ],
          [
            77.13308,
            28.56201
          ],
          [
            77.13306,
            28.56208
          ],
          [
            77.13272,
            28.56339
          ],
          [
            77.1325,
            28.56404
          ],
          [
            77.13235,
            28.56471
          ],
          [
            77.13227,
            28.56537
          ],
          [
            77.13224,
            28.56599
          ],
          [
            77.13227,
            28.56664
          ],
          [
            77.13239,
            28.56731
          ],
          [
            77.13257,
            28.56794
          ],
          [
            77.13277,
            28.5685
          ],
          [
            77.13302,
            28.56902
          ],
          [
            77.13331,
            28.56951
          ],
          [
            77.13343,
            28.56969
          ],
          [
            77.13353,
            28.56985
          ],
          [
            77.13369,
            28.57005
          ],
          [
            77.13386,
            28.57026
          ],
          [
            77.13405,
            28.57048
          ],
          [
            77.13425,
            28.57068
          ],
          [
            77.13442,
            28.57086
          ],
          [
            77.13466,
            28.57107
          ],
          [
            77.1349,
            28.57128
          ],
          [
            77.13538,
            28.57162
          ],
          [
            77.13661,
            28.57241
          ],
          [
            77.13757,
            28.57306
          ],
          [
            77.13868,
            28.57367
          ],
          [
            77.13948,
            28.57403
          ],
          [
            77.14033,
            28.5744
          ],
          [
            77.14108,
            28.57477
          ],
          [
            77.14174,
            28.57521
          ],
          [
            77.14229,
            28.57563
          ],
          [
            77.14276,
            28.5761
          ],
          [
            77.14311,
            28.5765
          ],
          [
            77.14338,
            28.57686
          ],
          [
            77.14358,
            28.57719
          ],
          [
            77.14395,
            28.5779
          ],
          [
            77.14422,
            28.57867
          ],
          [
            77.14493,
            28.58072
          ],
          [
            77.14558,
            28.58294
          ],
          [
            77.14587,
            28.58363
          ],
          [
            77.14618,
            28.58421
          ],
          [
            77.14656,
            28.58476
          ],
          [
            77.14695,
            28.58526
          ],
          [
            77.14741,
            28.58574
          ],
          [
            77.14788,
            28.58614
          ],
          [
            77.14872,
            28.58673
          ],
          [
            77.14968,
            28.58723
          ],
          [
            77.15167,
            28.58809
          ],
          [
            77.15573,
            28.58974
          ],
          [
            77.15656,
            28.59004
          ],
          [
            77.1569,
            28.59015
          ],
          [
            77.15738,
            28.5903
          ],
          [
            77.15862,
            28.59071
          ],
          [
            77.15906,
            28.59086
          ],
          [
            77.15944,
            28.59102
          ],
          [
            77.16018,
            28.5913
          ],
          [
            77.16065,
            28.5915
          ],
          [
            77.16168,
            28.59191
          ],
          [
            77.16312,
            28.59251
          ],
          [
            77.16361,
            28.59277
          ],
          [
            77.16398,
            28.59301
          ],
          [
            77.16439,
            28.5933
          ],
          [
            77.16471,
            28.59355
          ],
          [
            77.16502,
            28.59386
          ],
          [
            77.16559,
            28.59452
          ],
          [
            77.166,
            28.59519
          ],
          [
            77.16619,
            28.59558
          ],
          [
            77.16635,
            28.59596
          ],
          [
            77.16649,
            28.59652
          ],
          [
            77.16663,
            28.59715
          ],
          [
            77.16692,
            28.59842
          ],
          [
            77.16714,
            28.59922
          ],
          [
            77.16729,
            28.59962
          ],
          [
            77.16746,
            28.60003
          ],
          [
            77.16771,
            28.60045
          ],
          [
            77.16926,
            28.60302
          ],
          [
            77.16999,
            28.60424
          ],
          [
            77.17072,
            28.6056
          ],
          [
            77.17098,
            28.60624
          ],
          [
            77.17107,
            28.6065
          ],
          [
            77.17148,
            28.60769
          ],
          [
            77.17167,
            28.6081
          ],
          [
            77.17207,
            28.60882
          ],
          [
            77.17252,
            28.60948
          ],
          [
            77.1735,
            28.61065
          ],
          [
            77.1741,
            28.61143
          ],
          [
            77.17579,
            28.61277
          ],
          [
            77.17824,
            28.61425
          ],
          [
            77.18161,
            28.61578
          ],
          [
            77.19442,
            28.62135
          ],
          [
            77.2067,
            28.62685
          ],
          [
            77.20756,
            28.62723
          ],
          [
            77.20834,
            28.62758
          ],
          [
            77.21131,
            28.62891
          ],
          [
            77.21465,
            28.63042
          ],
          [
            77.21548,
            28.63106
          ],
          [
            77.21586,
            28.63154
          ],
          [
            77.2185,
            28.63554
          ],
          [
            77.2231,
            28.64249
          ]
        ]
      },
      "properties": {
        "segment_id": "del-airport-seg-01",
        "line_id": "del-airport",
        "line_name": "Airport Express",
        "city_id": "delhi",
        "city": "Delhi",
        "operator": "DMRC",
        "status": "operational",
        "phase": "II",
        "length_km": 23.7,
        "gauge": "standard",
        "inaugurated_on": "2011-02-23",
        "expected_completion": null,
        "stations_count": 9,
        "color": "#FF8C00",
        "source": "osm",
        "references": [],
        "completion_unconfirmed": false,
        "last_verified": null,
        "retrieved_at": "2026-10-06",
        "geometry_quality": "exact"
      }
    },
    {
      "type": "Feature",
      "geometry": {
        "type": "LineString",
        "coordinates": [
          [
            77.27923,
            28.69122
          ],
          [
            77.27929,
            28.69133
          ],
          [
            77.27969,
            28.69209
          ],
          [
            77.28001,
            28.6927
          ],
          [
            77.28029,
            28.69324
          ],
          [
            77.28044,
            28.69354
          ],
          [
            77.28066,
            28.69399
          ],
          [
            77.28104,
            28.6948
          ],
          [
            77.28147,
            28.69562
          ],
          [
            77.28159,
            28.69581
          ],
          [
            77.28171,
            28.69599
          ],
          [
            77.28187,
            28.69621
          ],
          [
            77.28204,
            28.69641
          ],
          [
            77.28239,
            28.6968
          ],
          [
            77.28253,
            28.69697
          ],
          [
            77.28266,
            28.69713
          ],
          [
            77.28284,
            28.69741
          ],
          [
            77.28291,
            28.69753
          ],
          [
            77.28329,
            28.69825
          ],
          [
            77.28389,
            28.69923
          ],
          [
            77.2849,
            28.7007
          ],
          [
            77.28613,
            28.70242
          ],
          [
            77.28774,
            28.70487
          ],
          [
            77.28873,
            28.70642
          ],
          [
            77.2891,
            28.70707
          ],
          [
            77.29027,
            28.70933
          ],
          [
            77.29063,
            28.70996
          ],
          [
            77.2908,
            28.71038
          ],
          [
            77.29085,
            28.71082
          ],
          [
            77.29082,
            28.71111
          ],
          [
            77.2907,
            28.71152
          ],
          [
            77.29038,
            28.7123
          ],
          [
            77.29016,
            28.71289
          ],
          [
            77.29002,
            28.71357
          ],
          [
            77.28994,
            28.71426
          ],
          [
            77.28984,
            28.71536
          ],
          [
            77.28964,
            28.71855
          ],
          [
            77.28952,
            28.72065
          ],
          [
            77.28946,
            28.72143
          ],
          [
            77.2894,
            28.72246
          ],
          [
            77.28927,
            28.72485
          ],
          [
            77.27923,
            28.69122
          ],
          [
            77.27911,
            28.69102
          ],
          [
            77.27899,
            28.69084
          ],
          [
            77.27882,
            28.69052
          ],
          [
            77.27863,
            28.6902
          ],
          [
            77.27845,
            28.68986
          ],
          [
            77.27821,
            28.6894
          ],
          [
            77.278,
            28.68902
          ],
          [
            77.27788,
            28.6888
          ],
          [
            77.27769,
            28.68852
          ],
          [
            77.27717,
            28.68778
          ],
          [
            77.27703,
            28.68757
          ],
          [
            77.27689,
            28.68732
          ],
          [
            77.27665,
            28.68688
          ],
          [
            77.27641,
            28.68643
          ],
          [
            77.27573,
            28.68506
          ],
          [
            77.27538,
            28.68423
          ],
          [
            77.27487,
            28.68271
          ],
          [
            77.27462,
            28.68198
          ],
          [
            77.27446,
            28.6816
          ],
          [
            77.2727,
            28.67835
          ],
          [
            77.27217,
            28.67734
          ],
          [
            77.27089,
            28.67494
          ],
          [
            77.27069,
            28.67443
          ],
          [
            77.27063,
            28.67417
          ],
          [
            77.2706,
            28.67382
          ],
          [
            77.27067,
            28.67338
          ],
          [
            77.2708,
            28.67305
          ],
          [
            77.27093,
            28.6728
          ],
          [
            77.27126,
            28.67242
          ],
          [
            77.27157,
            28.67216
          ],
          [
            77.27197,
            28.67196
          ],
          [
            77.27239,
            28.6718
          ],
          [
            77.27279,
            28.67176
          ],
          [
            77.27334,
            28.67175
          ],
          [
            77.2747,
            28.67198
          ],
          [
            77.27693,
            28.67241
          ],
          [
            77.27778,
            28.67256
          ],
          [
            77.27824,
            28.67258
          ],
          [
            77.27859,
            28.67257
          ],
          [
            77.27892,
            28.67251
          ],
          [
            77.27935,
            28.6724
          ],
          [
            77.27967,
            28.67225
          ],
          [
            77.28003,
            28.67199
          ],
          [
            77.28027,
            28.67179
          ],
          [
            77.28045,
            28.67161
          ],
          [
            77.28061,
            28.67141
          ],
          [
            77.28078,
            28.67109
          ],
          [
            77.28086,
            28.67077
          ],
          [
            77.28101,
            28.66985
          ],
          [
            77.28113,
            28.66937
          ],
          [
            77.28131,
            28.66888
          ],
          [
            77.2816,
            28.66844
          ],
          [
            77.282,
            28.66786
          ],
          [
            77.28374,
            28.66611
          ],
          [
            77.28392,
            28.66593
          ],
          [
            77.28404,
            28.66578
          ],
          [
            77.28415,
            28.66564
          ],
          [
            77.28486,
            28.66469
          ],
          [
            77.2853,
            28.66409
          ],
          [
            77.2858,
            28.66347
          ],
          [
            77.28859,
            28.65994
          ],
          [
            77.28934,
            28.65888
          ],
          [
            77.29016,
            28.6578
          ],
          [
            77.29132,
            28.65635
          ],
          [
            77.29145,
            28.65616
          ],
          [
            77.29154,
            28.65601
          ],
          [
            77.29163,
            28.65582
          ],
          [
            77.29173,
            28.6556
          ],
          [
            77.29202,
            28.65487
          ],
          [
            77.29211,
            28.6547
          ],
          [
            77.2922,
            28.65454
          ],
          [
            77.29229,
            28.65441
          ],
          [
            77.29241,
            28.65425
          ],
          [
            77.29256,
            28.6541
          ],
          [
            77.29273,
            28.65396
          ],
          [
            77.29308,
            28.65375
          ],
          [
            77.29354,
            28.65355
          ],
          [
            77.29402,
            28.65345
          ],
          [
            77.2944,
            28.65343
          ],
          [
            77.29479,
            28.65347
          ],
          [
            77.29579,
            28.65365
          ],
          [
            77.2969,
            28.6539
          ],
          [
            77.29741,
            28.6541
          ],
          [
            77.29862,
            28.65463
          ],
          [
            77.29915,
            28.65483
          ],
          [
            77.29952,
            28.65491
          ],
          [
            77.29971,
            28.65492
          ],
          [
            77.30005,
            28.65493
          ],
          [
            77.30045,
            28.65487
          ],
          [
            77.30077,
            28.65476
          ],
          [
            77.30109,
            28.65459
          ],
          [
            77.30137,
            28.65442
          ],
          [
            77.30208,
            28.6537
          ],
          [
            77.30292,
            28.65284
          ],
          [
            77.30379,
            28.65197
          ],
          [
            77.30464,
            28.65113
          ],
          [
            77.30507,
            28.65071
          ],
          [
            77.30539,
            28.65035
          ],
          [
            77.30562,
            28.65007
          ],
          [
            77.30582,
            28.64977
          ],
          [
            77.30586,
            28.64972
          ],
          [
            77.30614,
            28.6493
          ],
          [
            77.30642,
            28.64891
          ],
          [
            77.30657,
            28.64868
          ],
          [
            77.30662,
            28.64861
          ],
          [
            77.30699,
            28.64817
          ],
          [
            77.30716,
            28.648
          ],
          [
            77.30726,
            28.6479
          ],
          [
            77.30737,
            28.6478
          ],
          [
            77.30748,
            28.6477
          ],
          [
            77.3076,
            28.64762
          ],
          [
            77.30772,
            28.64753
          ],
          [
            77.30785,
            28.64746
          ],
          [
            77.30799,
            28.64738
          ],
          [
            77.30813,
            28.64731
          ],
          [
            77.30828,
            28.64725
          ],
          [
            77.30843,
            28.6472
          ],
          [
            77.30858,
            28.64716
          ],
          [
            77.30874,
            28.64712
          ],
          [
            77.3089,
            28.64709
          ],
          [
            77.30906,
            28.64707
          ],
          [
            77.30922,
            28.64705
          ],
          [
            77.30939,
            28.64705
          ],
          [
            77.30955,
            28.64705
          ],
          [
            77.30971,
            28.64706
          ],
          [
            77.30987,
            28.64707
          ],
          [
            77.31083,
            28.64729
          ],
          [
            77.31194,
            28.64753
          ],
          [
            77.31224,
            28.64757
          ],
          [
            77.31242,
            28.64759
          ],
          [
            77.31261,
            28.64759
          ],
          [
            77.31279,
            28.64759
          ],
          [
            77.31297,
            28.64758
          ],
          [
            77.31315,
            28.64756
          ],
          [
            77.31333,
            28.64753
          ],
          [
            77.31351,
            28.64749
          ],
          [
            77.31366,
            28.64745
          ],
          [
            77.31381,
            28.6474
          ],
          [
            77.31395,
            28.64734
          ],
          [
            77.3141,
            28.64728
          ],
          [
            77.315,
            28.6469
          ],
          [
            77.31541,
            28.64671
          ],
          [
            77.31583,
            28.64652
          ],
          [
            77.31624,
            28.64629
          ],
          [
            77.31635,
            28.64622
          ],
          [
            77.31646,
            28.64615
          ],
          [
            77.31656,
            28.64607
          ],
          [
            77.31665,
            28.64599
          ],
          [
            77.31674,
            28.6459
          ],
          [
            77.31682,
            28.6458
          ],
          [
            77.3169,
            28.64571
          ],
          [
            77.31696,
            28.6456
          ],
          [
            77.31703,
            28.64549
          ],
          [
            77.31708,
            28.64538
          ],
          [
            77.31712,
            28.64527
          ],
          [
            77.31716,
            28.64515
          ],
          [
            77.31718,
            28.64503
          ],
          [
            77.3172,
            28.64491
          ],
          [
            77.31721,
            28.64479
          ],
          [
            77.31721,
            28.64467
          ],
          [
            77.31719,
            28.64455
          ],
          [
            77.317,
            28.64391
          ],
          [
            77.31653,
            28.64245
          ],
          [
            77.31626,
            28.64179
          ],
          [
            77.316,
            28.64143
          ],
          [
            77.31571,
            28.64108
          ],
          [
            77.31543,
            28.64077
          ],
          [
            77.31517,
            28.64042
          ],
          [
            77.3149,
            28.63975
          ],
          [
            77.31468,
            28.63905
          ],
          [
            77.31441,
            28.6385
          ],
          [
            77.31422,
            28.63818
          ],
          [
            77.31391,
            28.63785
          ],
          [
            77.31358,
            28.63761
          ],
          [
            77.3132,
            28.63742
          ],
          [
            77.31287,
            28.63732
          ],
          [
            77.31267,
            28.63726
          ],
          [
            77.31244,
            28.63722
          ],
          [
            77.31222,
            28.63719
          ],
          [
            77.31196,
            28.63718
          ],
          [
            77.31167,
            28.63719
          ],
          [
            77.31139,
            28.6372
          ],
          [
            77.31123,
            28.63719
          ],
          [
            77.31107,
            28.63717
          ],
          [
            77.31091,
            28.63715
          ],
          [
            77.31074,
            28.6371
          ],
          [
            77.31045,
            28.63699
          ],
          [
            77.31026,
            28.63688
          ],
          [
            77.31011,
            28.63678
          ],
          [
            77.30997,
            28.63668
          ],
          [
            77.30989,
            28.63659
          ],
          [
            77.30978,
            28.63648
          ],
          [
            77.30969,
            28.63637
          ],
          [
            77.30962,
            28.63625
          ],
          [
            77.30956,
            28.63616
          ],
          [
            77.30951,
            28.63604
          ],
          [
            77.30946,
            28.63593
          ],
          [
            77.30943,
            28.63581
          ],
          [
            77.3094,
            28.63569
          ],
          [
            77.30938,
            28.63556
          ],
          [
            77.30937,
            28.63542
          ],
          [
            77.30938,
            28.63529
          ],
          [
            77.30939,
            28.63518
          ],
          [
            77.30941,
            28.63505
          ],
          [
            77.30944,
            28.63494
          ],
          [
            77.30948,
            28.63481
          ],
          [
            77.30953,
            28.63469
          ],
          [
            77.30987,
            28.6339
          ],
          [
            77.30996,
            28.6337
          ],
          [
            77.31076,
            28.6319
          ],
          [
            77.31139,
            28.63043
          ],
          [
            77.31152,
            28.63011
          ],
          [
            77.31163,
            28.62986
          ],
          [
            77.31166,
            28.62978
          ],
          [
            77.31183,
            28.62943
          ],
          [
            77.31212,
            28.62873
          ],
          [
            77.31216,
            28.62858
          ],
          [
            77.31218,
            28.62845
          ],
          [
            77.31221,
            28.62828
          ],
          [
            77.31221,
            28.62812
          ],
          [
            77.3122,
            28.62797
          ],
          [
            77.31218,
            28.62783
          ],
          [
            77.31216,
            28.6277
          ],
          [
            77.31212,
            28.62756
          ],
          [
            77.31206,
            28.62742
          ],
          [
            77.31199,
            28.62728
          ],
          [
            77.31194,
            28.62719
          ],
          [
            77.31186,
            28.62707
          ],
          [
            77.31178,
            28.62697
          ],
          [
            77.31168,
            28.62685
          ],
          [
            77.31159,
            28.62676
          ],
          [
            77.31148,
            28.62667
          ],
          [
            77.31136,
            28.62658
          ],
          [
            77.31124,
            28.6265
          ],
          [
            77.31112,
            28.62642
          ],
          [
            77.311,
            28.62636
          ],
          [
            77.31088,
            28.62631
          ],
          [
            77.31073,
            28.62626
          ],
          [
            77.31059,
            28.62622
          ],
          [
            77.31044,
            28.62618
          ],
          [
            77.31028,
            28.62616
          ],
          [
            77.31013,
            28.62614
          ],
          [
            77.30998,
            28.62613
          ],
          [
            77.30982,
            28.62614
          ],
          [
            77.30889,
            28.62616
          ],
          [
            77.30866,
            28.62617
          ],
          [
            77.30844,
            28.62616
          ],
          [
            77.30826,
            28.62614
          ],
          [
            77.30796,
            28.62608
          ],
          [
            77.30448,
            28.62496
          ],
          [
            77.30372,
            28.62468
          ],
          [
            77.30324,
            28.6245
          ],
          [
            77.30309,
            28.62445
          ],
          [
            77.30295,
            28.62438
          ],
          [
            77.30281,
            28.6243
          ],
          [
            77.30268,
            28.62422
          ],
          [
            77.30255,
            28.62413
          ],
          [
            77.30244,
            28.62403
          ],
          [
            77.30233,
            28.62393
          ],
          [
            77.30223,
            28.62382
          ],
          [
            77.30213,
            28.6237
          ],
          [
            77.30205,
            28.62358
          ],
          [
            77.30197,
            28.62345
          ],
          [
            77.30191,
            28.62332
          ],
          [
            77.30186,
            28.62319
          ],
          [
            77.30181,
            28.62305
          ],
          [
            77.30178,
            28.62291
          ],
          [
            77.30175,
            28.62277
          ],
          [
            77.30174,
            28.62263
          ],
          [
            77.30174,
            28.62249
          ],
          [
            77.30175,
            28.62235
          ],
          [
            77.30177,
            28.62221
          ],
          [
            77.3018,
            28.62207
          ],
          [
            77.30184,
            28.62193
          ],
          [
            77.30189,
            28.6218
          ],
          [
            77.30195,
            28.62166
          ],
          [
            77.30202,
            28.62154
          ],
          [
            77.3021,
            28.62142
          ],
          [
            77.30218,
            28.6213
          ],
          [
            77.30228,
            28.6212
          ],
          [
            77.30238,
            28.62109
          ],
          [
            77.30249,
            28.62099
          ],
          [
            77.30261,
            28.6209
          ],
          [
            77.30273,
            28.62082
          ],
          [
            77.30286,
            28.62074
          ],
          [
            77.303,
            28.62067
          ],
          [
            77.30314,
            28.6206
          ],
          [
            77.30328,
            28.62055
          ],
          [
            77.30343,
            28.6205
          ],
          [
            77.30358,
            28.62047
          ],
          [
            77.30466,
            28.62025
          ],
          [
            77.30542,
            28.6201
          ],
          [
            77.30728,
            28.61976
          ],
          [
            77.3076,
            28.61968
          ],
          [
            77.30787,
            28.6196
          ],
          [
            77.30803,
            28.61953
          ],
          [
            77.30819,
            28.61946
          ],
          [
            77.30835,
            28.61938
          ],
          [
            77.3085,
            28.61928
          ],
          [
            77.30864,
            28.61918
          ],
          [
            77.30878,
            28.61908
          ],
          [
            77.30891,
            28.61896
          ],
          [
            77.30903,
            28.61884
          ],
          [
            77.30915,
            28.61872
          ],
          [
            77.30925,
            28.61859
          ],
          [
            77.30935,
            28.61845
          ],
          [
            77.30944,
            28.61831
          ],
          [
            77.30951,
            28.61816
          ],
          [
            77.30958,
            28.61801
          ],
          [
            77.30964,
            28.61786
          ],
          [
            77.30968,
            28.61771
          ],
          [
            77.30972,
            28.61756
          ],
          [
            77.30974,
            28.6174
          ],
          [
            77.30976,
            28.61725
          ],
          [
            77.30976,
            28.61709
          ],
          [
            77.30976,
            28.61694
          ],
          [
            77.30975,
            28.61679
          ],
          [
            77.30972,
            28.61663
          ],
          [
            77.30969,
            28.61648
          ],
          [
            77.30926,
            28.61489
          ],
          [
            77.30888,
            28.61343
          ],
          [
            77.30857,
            28.61228
          ],
          [
            77.30848,
            28.61184
          ],
          [
            77.30849,
            28.61151
          ],
          [
            77.30869,
            28.61077
          ],
          [
            77.30877,
            28.61042
          ],
          [
            77.30879,
            28.61012
          ],
          [
            77.30875,
            28.60991
          ],
          [
            77.30869,
            28.60951
          ],
          [
            77.30863,
            28.6093
          ],
          [
            77.30854,
            28.60915
          ],
          [
            77.30841,
            28.60901
          ],
          [
            77.30811,
            28.60878
          ],
          [
            77.30763,
            28.60853
          ],
          [
            77.30682,
            28.60827
          ],
          [
            77.30502,
            28.60773
          ],
          [
            77.30355,
            28.60729
          ],
          [
            77.30206,
            28.60685
          ],
          [
            77.30012,
            28.60627
          ],
          [
            77.29871,
            28.60583
          ],
          [
            77.29804,
            28.60563
          ],
          [
            77.29635,
            28.60512
          ],
          [
            77.29425,
            28.60449
          ],
          [
            77.29412,
            28.60445
          ],
          [
            77.29378,
            28.60436
          ],
          [
            77.29314,
            28.60427
          ],
          [
            77.29263,
            28.6042
          ],
          [
            77.29223,
            28.6041
          ],
          [
            77.29178,
            28.60394
          ],
          [
            77.29095,
            28.60362
          ],
          [
            77.29066,
            28.6035
          ],
          [
            77.29062,
            28.60348
          ],
          [
            77.29034,
            28.60337
          ],
          [
            77.29008,
            28.60326
          ],
          [
            77.28995,
            28.60321
          ],
          [
            77.28983,
            28.60316
          ],
          [
            77.28959,
            28.60306
          ],
          [
            77.28874,
            28.60272
          ],
          [
            77.2881,
            28.6025
          ],
          [
            77.28756,
            28.60238
          ],
          [
            77.287,
            28.6023
          ],
          [
            77.28657,
            28.60228
          ],
          [
            77.2861,
            28.6023
          ],
          [
            77.28571,
            28.60233
          ],
          [
            77.2852,
            28.60244
          ],
          [
            77.28452,
            28.60265
          ],
          [
            77.28261,
            28.60329
          ],
          [
            77.27835,
            28.60471
          ],
          [
            77.27767,
            28.6049
          ],
          [
            77.27696,
            28.60499
          ],
          [
            77.27634,
            28.60504
          ],
          [
            77.27592,
            28.60503
          ],
          [
            77.27547,
            28.60501
          ],
          [
            77.27505,
            28.60496
          ],
          [
            77.27458,
            28.60488
          ],
          [
            77.27414,
            28.60477
          ],
          [
            77.27354,
            28.60459
          ],
          [
            77.27248,
            28.60413
          ],
          [
            77.26994,
            28.60299
          ],
          [
            77.26822,
            28.6022
          ],
          [
            77.26651,
            28.60144
          ],
          [
            77.26397,
            28.60029
          ],
          [
            77.26125,
            28.59906
          ],
          [
            77.26037,
            28.59868
          ],
          [
            77.26,
            28.59849
          ],
          [
            77.25958,
            28.59824
          ],
          [
            77.25934,
            28.59806
          ],
          [
            77.25893,
            28.59772
          ],
          [
            77.25876,
            28.59754
          ],
          [
            77.25858,
            28.59731
          ],
          [
            77.25829,
            28.59689
          ],
          [
            77.25812,
            28.59657
          ],
          [
            77.25772,
            28.59588
          ],
          [
            77.25746,
            28.59538
          ],
          [
            77.257,
            28.59393
          ],
          [
            77.25695,
            28.59257
          ],
          [
            77.25712,
            28.58983
          ],
          [
            77.25728,
            28.58875
          ],
          [
            77.25739,
            28.5883
          ],
          [
            77.25917,
            28.58062
          ],
          [
            77.26005,
            28.57684
          ],
          [
            77.26038,
            28.57534
          ],
          [
            77.26066,
            28.5747
          ],
          [
            77.26056,
            28.57434
          ],
          [
            77.25994,
            28.57355
          ],
          [
            77.2593,
            28.57288
          ],
          [
            77.25863,
            28.57241
          ],
          [
            77.25812,
            28.572
          ],
          [
            77.25452,
            28.5684
          ],
          [
            77.25349,
            28.56738
          ],
          [
            77.25265,
            28.56673
          ],
          [
            77.25165,
            28.5662
          ],
          [
            77.25084,
            28.56595
          ],
          [
            77.24873,
            28.56579
          ],
          [
            77.24838,
            28.56577
          ],
          [
            77.24707,
            28.56593
          ],
          [
            77.2407,
            28.56875
          ],
          [
            77.23904,
            28.56923
          ],
          [
            77.23827,
            28.56954
          ],
          [
            77.23765,
            28.56979
          ],
          [
            77.23701,
            28.57006
          ],
          [
            77.23586,
            28.57054
          ],
          [
            77.23509,
            28.57074
          ],
          [
            77.23415,
            28.57103
          ],
          [
            77.23082,
            28.57061
          ],
          [
            77.22503,
            28.56873
          ],
          [
            77.22378,
            28.56832
          ],
          [
            77.22152,
            28.5685
          ],
          [
            77.22056,
            28.56854
          ],
          [
            77.21875,
            28.56863
          ],
          [
            77.21741,
            28.56885
          ],
          [
            77.21673,
            28.56939
          ],
          [
            77.21632,
            28.56971
          ],
          [
            77.21584,
            28.57009
          ],
          [
            77.21415,
            28.57237
          ],
          [
            77.21204,
            28.57338
          ],
          [
            77.20935,
            28.57346
          ],
          [
            77.20758,
            28.57363
          ],
          [
            77.2067,
            28.57377
          ],
          [
            77.20592,
            28.57389
          ],
          [
            77.20508,
            28.57407
          ],
          [
            77.20309,
            28.57496
          ],
          [
            77.20137,
            28.57572
          ],
          [
            77.20061,
            28.57586
          ],
          [
            77.19808,
            28.57579
          ],
          [
            77.19638,
            28.57573
          ],
          [
            77.19518,
            28.57526
          ],
          [
            77.19455,
            28.57455
          ],
          [
            77.19369,
            28.57186
          ],
          [
            77.1928,
            28.57062
          ],
          [
            77.19029,
            28.57005
          ],
          [
            77.18786,
            28.57024
          ],
          [
            77.18674,
            28.57029
          ],
          [
            77.18436,
            28.5704
          ],
          [
            77.18284,
            28.57063
          ],
          [
            77.1824,
            28.57077
          ],
          [
            77.1819,
            28.571
          ],
          [
            77.18158,
            28.57117
          ],
          [
            77.18123,
            28.57138
          ],
          [
            77.18098,
            28.57154
          ],
          [
            77.18075,
            28.57171
          ],
          [
            77.18038,
            28.57199
          ],
          [
            77.18005,
            28.57228
          ],
          [
            77.17959,
            28.57273
          ],
          [
            77.17934,
            28.57302
          ],
          [
            77.17909,
            28.57333
          ],
          [
            77.17878,
            28.57379
          ],
          [
            77.17849,
            28.57427
          ],
          [
            77.17768,
            28.57554
          ],
          [
            77.17707,
            28.57631
          ],
          [
            77.17643,
            28.57727
          ],
          [
            77.17571,
            28.57852
          ],
          [
            77.17516,
            28.5795
          ],
          [
            77.175,
            28.5798
          ],
          [
            77.17489,
            28.58006
          ],
          [
            77.17468,
            28.58055
          ],
          [
            77.17431,
            28.58146
          ],
          [
            77.17422,
            28.58166
          ],
          [
            77.17406,
            28.58198
          ],
          [
            77.17395,
            28.58218
          ],
          [
            77.17324,
            28.58341
          ],
          [
            77.17296,
            28.58391
          ],
          [
            77.17281,
            28.58416
          ],
          [
            77.17207,
            28.58526
          ],
          [
            77.17184,
            28.58565
          ],
          [
            77.17172,
            28.58584
          ],
          [
            77.17143,
            28.58629
          ],
          [
            77.17114,
            28.5867
          ],
          [
            77.17076,
            28.58725
          ],
          [
            77.17045,
            28.58776
          ],
          [
            77.17015,
            28.58816
          ],
          [
            77.16992,
            28.58854
          ],
          [
            77.16944,
            28.58928
          ],
          [
            77.1694,
            28.58933
          ],
          [
            77.16889,
            28.5901
          ],
          [
            77.16867,
            28.59048
          ],
          [
            77.1683,
            28.59099
          ],
          [
            77.16771,
            28.59168
          ],
          [
            77.16705,
            28.59241
          ],
          [
            77.16677,
            28.59288
          ],
          [
            77.16653,
            28.59317
          ],
          [
            77.16633,
            28.59343
          ],
          [
            77.16537,
            28.59472
          ],
          [
            77.16478,
            28.59566
          ],
          [
            77.16423,
            28.59663
          ],
          [
            77.1636,
            28.59775
          ],
          [
            77.16328,
            28.59833
          ],
          [
            77.16241,
            28.59911
          ],
          [
            77.16073,
            28.60065
          ],
          [
            77.15928,
            28.60175
          ],
          [
            77.15861,
            28.60226
          ],
          [
            77.15783,
            28.60282
          ],
          [
            77.15703,
            28.60342
          ],
          [
            77.15656,
            28.60369
          ],
          [
            77.15607,
            28.60385
          ],
          [
            77.1553,
            28.60401
          ],
          [
            77.15358,
            28.60427
          ],
          [
            77.15001,
            28.60479
          ],
          [
            77.14823,
            28.6051
          ],
          [
            77.1459,
            28.60543
          ],
          [
            77.1446,
            28.60566
          ],
          [
            77.14354,
            28.606
          ],
          [
            77.14266,
            28.60646
          ],
          [
            77.1422,
            28.60679
          ],
          [
            77.14149,
            28.60737
          ],
          [
            77.14076,
            28.60812
          ],
          [
            77.14038,
            28.6086
          ],
          [
            77.13993,
            28.60915
          ],
          [
            77.13922,
            28.61018
          ],
          [
            77.1382,
            28.6114
          ],
          [
            77.13786,
            28.61183
          ],
          [
            77.13736,
            28.61249
          ],
          [
            77.13698,
            28.61295
          ],
          [
            77.13668,
            28.61349
          ],
          [
            77.13646,
            28.61437
          ],
          [
            77.13653,
            28.61502
          ],
          [
            77.13682,
            28.61594
          ],
          [
            77.13689,
            28.61663
          ],
          [
            77.13705,
            28.62029
          ],
          [
            77.13705,
            28.62051
          ],
          [
            77.13706,
            28.6209
          ],
          [
            77.13716,
            28.62172
          ],
          [
            77.13713,
            28.62229
          ],
          [
            77.13696,
            28.62294
          ],
          [
            77.13641,
            28.62437
          ],
          [
            77.13541,
            28.6261
          ],
          [
            77.13517,
            28.62633
          ],
          [
            77.13481,
            28.62659
          ],
          [
            77.1344,
            28.62708
          ],
          [
            77.13391,
            28.62817
          ],
          [
            77.13372,
            28.62868
          ],
          [
            77.13346,
            28.62956
          ],
          [
            77.13292,
            28.63098
          ],
          [
            77.13263,
            28.63167
          ],
          [
            77.13227,
            28.63221
          ],
          [
            77.13173,
            28.63292
          ],
          [
            77.1311,
            28.63364
          ],
          [
            77.13081,
            28.63409
          ],
          [
            77.13066,
            28.63436
          ],
          [
            77.13023,
            28.63545
          ],
          [
            77.1297,
            28.63717
          ],
          [
            77.12931,
            28.63865
          ],
          [
            77.12917,
            28.63912
          ],
          [
            77.12856,
            28.6407
          ],
          [
            77.12793,
            28.64246
          ],
          [
            77.12746,
            28.64367
          ],
          [
            77.12601,
            28.64729
          ],
          [
            77.12558,
            28.64851
          ],
          [
            77.12504,
            28.64956
          ],
          [
            77.12422,
            28.65118
          ],
          [
            77.12394,
            28.65175
          ],
          [
            77.12378,
            28.65249
          ],
          [
            77.12373,
            28.6531
          ],
          [
            77.12374,
            28.65349
          ],
          [
            77.1239,
            28.65415
          ],
          [
            77.12412,
            28.65469
          ],
          [
            77.12449,
            28.65523
          ],
          [
            77.12497,
            28.65571
          ],
          [
            77.12619,
            28.65683
          ],
          [
            77.12673,
            28.65743
          ],
          [
            77.12723,
            28.65808
          ],
          [
            77.12752,
            28.65854
          ],
          [
            77.12777,
            28.65899
          ],
          [
            77.1291,
            28.66191
          ],
          [
            77.12947,
            28.6625
          ],
          [
            77.12998,
            28.66307
          ],
          [
            77.13129,
            28.66425
          ],
          [
            77.13368,
            28.6663
          ],
          [
            77.136,
            28.66825
          ],
          [
            77.13767,
            28.66959
          ],
          [
            77.13822,
            28.67026
          ],
          [
            77.13846,
            28.67066
          ],
          [
            77.13864,
            28.67106
          ],
          [
            77.13877,
            28.67146
          ],
          [
            77.13891,
            28.67193
          ],
          [
            77.13917,
            28.67278
          ],
          [
            77.13959,
            28.67436
          ],
          [
            77.13988,
            28.67522
          ],
          [
            77.14023,
            28.67603
          ],
          [
            77.14047,
            28.67663
          ],
          [
            77.14079,
            28.67752
          ],
          [
            77.14106,
            28.67829
          ],
          [
            77.14134,
            28.67909
          ],
          [
            77.14145,
            28.67937
          ],
          [
            77.14152,
            28.67955
          ],
          [
            77.14157,
            28.67964
          ],
          [
            77.14163,
            28.67974
          ],
          [
            77.1417,
            28.67985
          ],
          [
            77.14178,
            28.67998
          ],
          [
            77.14186,
            28.68008
          ],
          [
            77.14196,
            28.68022
          ],
          [
            77.14206,
            28.68033
          ],
          [
            77.14214,
            28.68042
          ],
          [
            77.14231,
            28.68057
          ],
          [
            77.14247,
            28.6807
          ],
          [
            77.14268,
            28.68086
          ],
          [
            77.14306,
            28.68112
          ],
          [
            77.14329,
            28.68128
          ],
          [
            77.14348,
            28.68142
          ],
          [
            77.14432,
            28.68209
          ],
          [
            77.14526,
            28.68286
          ],
          [
            77.14565,
            28.68316
          ],
          [
            77.14586,
            28.68333
          ],
          [
            77.14608,
            28.68349
          ],
          [
            77.14749,
            28.68442
          ],
          [
            77.14793,
            28.68477
          ],
          [
            77.14801,
            28.68483
          ],
          [
            77.14876,
            28.6854
          ],
          [
            77.14901,
            28.68558
          ],
          [
            77.14925,
            28.68576
          ],
          [
            77.14947,
            28.68591
          ],
          [
            77.14977,
            28.6861
          ],
          [
            77.15004,
            28.68625
          ],
          [
            77.15071,
            28.68664
          ],
          [
            77.15091,
            28.68676
          ],
          [
            77.15126,
            28.68699
          ],
          [
            77.15156,
            28.6872
          ],
          [
            77.15169,
            28.6873
          ],
          [
            77.15182,
            28.68741
          ],
          [
            77.15196,
            28.68755
          ],
          [
            77.15211,
            28.68773
          ],
          [
            77.15225,
            28.68794
          ],
          [
            77.15235,
            28.68811
          ],
          [
            77.15242,
            28.68827
          ],
          [
            77.15248,
            28.68843
          ],
          [
            77.15253,
            28.68863
          ],
          [
            77.15259,
            28.68896
          ],
          [
            77.15282,
            28.69007
          ],
          [
            77.15317,
            28.69201
          ],
          [
            77.15424,
            28.69472
          ],
          [
            77.15503,
            28.69677
          ],
          [
            77.15626,
            28.69905
          ],
          [
            77.1571,
            28.69981
          ],
          [
            77.15734,
            28.7
          ],
          [
            77.15766,
            28.70012
          ],
          [
            77.16147,
            28.70079
          ],
          [
            77.16456,
            28.70167
          ],
          [
            77.16543,
            28.70199
          ],
          [
            77.16667,
            28.70241
          ],
          [
            77.16822,
            28.70287
          ],
          [
            77.16973,
            28.70309
          ],
          [
            77.17213,
            28.70319
          ],
          [
            77.17439,
            28.70299
          ],
          [
            77.17651,
            28.70321
          ],
          [
            77.17864,
            28.70371
          ],
          [
            77.18076,
            28.70475
          ],
          [
            77.18194,
            28.70582
          ],
          [
            77.18305,
            28.70682
          ],
          [
            77.18339,
            28.70818
          ],
          [
            77.18307,
            28.70954
          ],
          [
            77.18248,
            28.71016
          ],
          [
            77.1806,
            28.71158
          ],
          [
            77.18032,
            28.71205
          ],
          [
            77.1803,
            28.71233
          ],
          [
            77.18022,
            28.7127
          ],
          [
            77.18024,
            28.71316
          ],
          [
            77.18034,
            28.7143
          ],
          [
            77.18046,
            28.71542
          ],
          [
            77.18067,
            28.71601
          ],
          [
            77.18091,
            28.71647
          ],
          [
            77.18125,
            28.71708
          ],
          [
            77.18134,
            28.71727
          ],
          [
            77.1814,
            28.71741
          ],
          [
            77.18148,
            28.71776
          ],
          [
            77.18153,
            28.71812
          ],
          [
            77.18157,
            28.71869
          ],
          [
            77.18163,
            28.72021
          ],
          [
            77.18166,
            28.72095
          ],
          [
            77.18167,
            28.72111
          ],
          [
            77.18166,
            28.7214
          ],
          [
            77.18166,
            28.72201
          ],
          [
            77.18166,
            28.72228
          ],
          [
            77.18167,
            28.72254
          ],
          [
            77.18169,
            28.72285
          ],
          [
            77.18182,
            28.72461
          ],
          [
            77.18187,
            28.72546
          ],
          [
            77.18188,
            28.72562
          ],
          [
            77.1819,
            28.72583
          ],
          [
            77.18194,
            28.72604
          ],
          [
            77.18201,
            28.72645
          ],
          [
            77.18204,
            28.72665
          ],
          [
            77.1822,
            28.72743
          ],
          [
            77.18224,
            28.72761
          ],
          [
            77.18227,
            28.72792
          ],
          [
            77.1823,
            28.72852
          ],
          [
            77.18232,
            28.72886
          ],
          [
            77.18233,
            28.72898
          ],
          [
            77.18235,
            28.72911
          ],
          [
            77.18238,
            28.72925
          ],
          [
            77.18242,
            28.72939
          ],
          [
            77.18247,
            28.72953
          ],
          [
            77.18252,
            28.72965
          ],
          [
            77.18259,
            28.72977
          ],
          [
            77.18266,
            28.7299
          ],
          [
            77.18273,
            28.73002
          ],
          [
            77.18278,
            28.73008
          ],
          [
            77.18285,
            28.73018
          ],
          [
            77.18292,
            28.73027
          ],
          [
            77.18301,
            28.73038
          ],
          [
            77.18314,
            28.7305
          ],
          [
            77.18326,
            28.73061
          ],
          [
            77.18337,
            28.7307
          ],
          [
            77.18348,
            28.73078
          ],
          [
            77.18368,
            28.7309
          ],
          [
            77.18385,
            28.73099
          ],
          [
            77.18399,
            28.73105
          ],
          [
            77.18413,
            28.73111
          ],
          [
            77.18444,
            28.7312
          ],
          [
            77.18473,
            28.73124
          ],
          [
            77.18499,
            28.73125
          ],
          [
            77.18524,
            28.73124
          ],
          [
            77.18551,
            28.73119
          ],
          [
            77.18654,
            28.73093
          ],
          [
            77.18735,
            28.73071
          ],
          [
            77.1879,
            28.73056
          ],
          [
            77.19169,
            28.72964
          ],
          [
            77.19192,
            28.72959
          ],
          [
            77.19212,
            28.72956
          ],
          [
            77.19229,
            28.72954
          ],
          [
            77.19244,
            28.72954
          ],
          [
            77.19259,
            28.72953
          ],
          [
            77.19291,
            28.72955
          ],
          [
            77.19318,
            28.72957
          ],
          [
            77.19343,
            28.72962
          ],
          [
            77.19365,
            28.72968
          ],
          [
            77.19388,
            28.72976
          ],
          [
            77.19414,
            28.72987
          ],
          [
            77.19442,
            28.72998
          ],
          [
            77.19476,
            28.73011
          ],
          [
            77.19526,
            28.73028
          ],
          [
            77.19545,
            28.73033
          ],
          [
            77.19561,
            28.73037
          ],
          [
            77.19581,
            28.7304
          ],
          [
            77.19617,
            28.73043
          ],
          [
            77.19655,
            28.73042
          ],
          [
            77.19674,
            28.7304
          ],
          [
            77.19719,
            28.73032
          ],
          [
            77.19775,
            28.73021
          ],
          [
            77.19848,
            28.73006
          ],
          [
            77.19984,
            28.7298
          ],
          [
            77.2003,
            28.72971
          ],
          [
            77.20082,
            28.7296
          ],
          [
            77.20136,
            28.72946
          ],
          [
            77.20192,
            28.72929
          ],
          [
            77.20244,
            28.72909
          ],
          [
            77.20297,
            28.72887
          ],
          [
            77.20765,
            28.72698
          ],
          [
            77.20818,
            28.72678
          ],
          [
            77.20904,
            28.72649
          ],
          [
            77.21368,
            28.7249
          ],
          [
            77.21668,
            28.72388
          ],
          [
            77.2178,
            28.72353
          ],
          [
            77.22182,
            28.72214
          ],
          [
            77.22234,
            28.72196
          ],
          [
            77.22286,
            28.72174
          ],
          [
            77.22335,
            28.72148
          ],
          [
            77.22394,
            28.72117
          ],
          [
            77.22487,
            28.72068
          ],
          [
            77.22536,
            28.72038
          ],
          [
            77.2258,
            28.72006
          ],
          [
            77.22645,
            28.71955
          ],
          [
            77.22705,
            28.71904
          ],
          [
            77.22722,
            28.71881
          ],
          [
            77.22777,
            28.71786
          ],
          [
            77.22787,
            28.71756
          ],
          [
            77.22793,
            28.71728
          ],
          [
            77.22796,
            28.71689
          ],
          [
            77.22794,
            28.71663
          ],
          [
            77.22784,
            28.71624
          ],
          [
            77.22762,
            28.71552
          ],
          [
            77.22754,
            28.71527
          ],
          [
            77.22709,
            28.71357
          ],
          [
            77.227,
            28.7132
          ],
          [
            77.22692,
            28.71275
          ],
          [
            77.22688,
            28.7123
          ],
          [
            77.22689,
            28.71208
          ],
          [
            77.22701,
            28.71162
          ],
          [
            77.22734,
            28.71072
          ],
          [
            77.22752,
            28.71028
          ],
          [
            77.22753,
            28.71025
          ],
          [
            77.22772,
            28.70981
          ],
          [
            77.22803,
            28.70921
          ],
          [
            77.22839,
            28.70883
          ],
          [
            77.22892,
            28.70857
          ],
          [
            77.23025,
            28.70836
          ],
          [
            77.23246,
            28.70787
          ],
          [
            77.23324,
            28.70768
          ],
          [
            77.23548,
            28.70714
          ],
          [
            77.23624,
            28.70697
          ],
          [
            77.23673,
            28.70694
          ],
          [
            77.23716,
            28.70703
          ],
          [
            77.23771,
            28.70725
          ],
          [
            77.23798,
            28.70741
          ],
          [
            77.23826,
            28.70764
          ],
          [
            77.23887,
            28.7084
          ],
          [
            77.23916,
            28.70871
          ],
          [
            77.23947,
            28.70892
          ],
          [
            77.23987,
            28.70906
          ],
          [
            77.24033,
            28.70913
          ],
          [
            77.2408,
            28.70914
          ],
          [
            77.24131,
            28.70911
          ],
          [
            77.24252,
            28.70876
          ],
          [
            77.24433,
            28.70824
          ],
          [
            77.24595,
            28.7078
          ],
          [
            77.24758,
            28.70731
          ],
          [
            77.25364,
            28.70549
          ],
          [
            77.25448,
            28.70522
          ],
          [
            77.25484,
            28.70511
          ],
          [
            77.25587,
            28.70483
          ],
          [
            77.25713,
            28.70455
          ],
          [
            77.25839,
            28.70417
          ],
          [
            77.25888,
            28.70405
          ],
          [
            77.2605,
            28.70375
          ],
          [
            77.26264,
            28.70362
          ],
          [
            77.26313,
            28.70359
          ],
          [
            77.26588,
            28.70337
          ],
          [
            77.26865,
            28.70314
          ],
          [
            77.27079,
            28.70295
          ],
          [
            77.27592,
            28.70253
          ],
          [
            77.27731,
            28.7024
          ],
          [
            77.27863,
            28.70228
          ],
          [
            77.28029,
            28.70228
          ],
          [
            77.28097,
            28.70226
          ],
          [
            77.2813,
            28.70232
          ],
          [
            77.28177,
            28.70237
          ],
          [
            77.28203,
            28.70238
          ],
          [
            77.28231,
            28.70237
          ],
          [
            77.28261,
            28.70233
          ],
          [
            77.28322,
            28.70215
          ],
          [
            77.28354,
            28.70199
          ],
          [
            77.28389,
            28.70167
          ],
          [
            77.28406,
            28.70136
          ],
          [
            77.28417,
            28.70086
          ],
          [
            77.28417,
            28.70041
          ],
          [
            77.28408,
            28.70005
          ],
          [
            77.2839,
            28.69967
          ],
          [
            77.2835,
            28.69913
          ],
          [
            77.28306,
            28.6988
          ],
          [
            77.28262,
            28.69824
          ],
          [
            77.28131,
            28.69574
          ],
          [
            77.2811,
            28.69532
          ],
          [
            77.28093,
            28.69501
          ],
          [
            77.2808,
            28.69475
          ],
          [
            77.28063,
            28.69434
          ],
          [
            77.28051,
            28.69408
          ],
          [
            77.28033,
            28.69375
          ],
          [
            77.28013,
            28.69337
          ],
          [
            77.27982,
            28.69278
          ],
          [
            77.27953,
            28.69215
          ],
          [
            77.27917,
            28.6914
          ],
          [
            77.27909,
            28.6912
          ],
          [
            77.27897,
            28.69091
          ],
          [
            77.27887,
            28.69071
          ],
          [
            77.27863,
            28.6902
          ]
        ]
      },
      "properties": {
        "segment_id": "del-pink-seg-01",
        "line_id": "del-pink",
        "line_name": "Pink Line",
        "city_id": "delhi",
        "city": "Delhi",
        "operator": "DMRC",
        "status": "operational",
        "phase": "III",
        "length_km": 75.2,
        "gauge": "standard",
        "inaugurated_on": "2018-03-14",
        "expected_completion": null,
        "stations_count": 43,
        "color": "#FC8EAC",
        "source": "osm",
        "references": [],
        "completion_unconfirmed": false,
        "last_verified": null,
        "retrieved_at": "2026-10-06",
        "geometry_quality": "exact"
      }
    },
    {
      "type": "Feature",
      "geometry": {
        "type": "LineString",
        "coordinates": [
          [
            77.32161,
            28.55292
          ],
          [
            77.32353,
            28.55429
          ],
          [
            77.32495,
            28.55531
          ],
          [
            77.32636,
            28.55606
          ],
          [
            77.32693,
            28.55633
          ],
          [
            77.32759,
            28.5566
          ],
          [
            77.32818,
            28.55684
          ],
          [
            77.32942,
            28.55735
          ],
          [
            77.33113,
            28.55806
          ],
          [
            77.33377,
            28.55914
          ],
          [
            77.33445,
            28.55952
          ],
          [
            77.33484,
            28.55991
          ],
          [
            77.33513,
            28.56039
          ],
          [
            77.33526,
            28.56087
          ],
          [
            77.33533,
            28.56133
          ],
          [
            77.3353,
            28.56154
          ],
          [
            77.33527,
            28.5617
          ],
          [
            77.33517,
            28.56202
          ],
          [
            77.33506,
            28.56225
          ],
          [
            77.33494,
            28.56245
          ],
          [
            77.33439,
            28.56322
          ],
          [
            77.33431,
            28.56333
          ],
          [
            77.33386,
            28.56392
          ],
          [
            77.32161,
            28.55292
          ],
          [
            77.321,
            28.55247
          ],
          [
            77.32061,
            28.55218
          ],
          [
            77.31966,
            28.55118
          ],
          [
            77.31935,
            28.55082
          ],
          [
            77.31854,
            28.55003
          ],
          [
            77.31644,
            28.54827
          ],
          [
            77.31433,
            28.54651
          ],
          [
            77.31298,
            28.54535
          ],
          [
            77.31223,
            28.5447
          ],
          [
            77.31013,
            28.5429
          ],
          [
            77.30943,
            28.54225
          ],
          [
            77.30915,
            28.542
          ],
          [
            77.30852,
            28.54139
          ],
          [
            77.30657,
            28.53913
          ],
          [
            77.30606,
            28.53865
          ],
          [
            77.3056,
            28.53837
          ],
          [
            77.30505,
            28.53815
          ],
          [
            77.30464,
            28.53805
          ],
          [
            77.30421,
            28.53801
          ],
          [
            77.30378,
            28.53802
          ],
          [
            77.30324,
            28.5381
          ],
          [
            77.30271,
            28.53829
          ],
          [
            77.30178,
            28.53874
          ],
          [
            77.30112,
            28.53919
          ],
          [
            77.30049,
            28.53993
          ],
          [
            77.29899,
            28.54193
          ],
          [
            77.2988,
            28.54219
          ],
          [
            77.29866,
            28.54238
          ],
          [
            77.29849,
            28.54262
          ],
          [
            77.29832,
            28.54291
          ],
          [
            77.29796,
            28.54351
          ],
          [
            77.2971,
            28.54501
          ],
          [
            77.29663,
            28.54582
          ],
          [
            77.2966,
            28.54588
          ],
          [
            77.29618,
            28.54661
          ],
          [
            77.2961,
            28.54676
          ],
          [
            77.29601,
            28.5469
          ],
          [
            77.29537,
            28.548
          ],
          [
            77.29515,
            28.54839
          ],
          [
            77.29504,
            28.54856
          ],
          [
            77.29414,
            28.55013
          ],
          [
            77.29363,
            28.55102
          ],
          [
            77.29354,
            28.5512
          ],
          [
            77.29343,
            28.55148
          ],
          [
            77.29339,
            28.55159
          ],
          [
            77.29332,
            28.55182
          ],
          [
            77.29313,
            28.55263
          ],
          [
            77.29303,
            28.55303
          ],
          [
            77.293,
            28.55314
          ],
          [
            77.29295,
            28.5533
          ],
          [
            77.29287,
            28.5535
          ],
          [
            77.2926,
            28.55416
          ],
          [
            77.29193,
            28.55559
          ],
          [
            77.29161,
            28.55621
          ],
          [
            77.29141,
            28.55683
          ],
          [
            77.29132,
            28.55745
          ],
          [
            77.29134,
            28.55802
          ],
          [
            77.29146,
            28.55848
          ],
          [
            77.29165,
            28.55904
          ],
          [
            77.29176,
            28.55947
          ],
          [
            77.29181,
            28.55988
          ],
          [
            77.29185,
            28.5613
          ],
          [
            77.29187,
            28.56187
          ],
          [
            77.29193,
            28.5629
          ],
          [
            77.29179,
            28.5635
          ],
          [
            77.29146,
            28.56405
          ],
          [
            77.29095,
            28.56452
          ],
          [
            77.29042,
            28.56477
          ],
          [
            77.29006,
            28.56489
          ],
          [
            77.28962,
            28.56498
          ],
          [
            77.28916,
            28.56498
          ],
          [
            77.28871,
            28.56489
          ],
          [
            77.28828,
            28.56473
          ],
          [
            77.28792,
            28.56449
          ],
          [
            77.28726,
            28.564
          ],
          [
            77.28683,
            28.5636
          ],
          [
            77.28636,
            28.56303
          ],
          [
            77.28575,
            28.56236
          ],
          [
            77.28555,
            28.56213
          ],
          [
            77.28516,
            28.56182
          ],
          [
            77.28453,
            28.56151
          ],
          [
            77.28384,
            28.56124
          ],
          [
            77.28377,
            28.56122
          ],
          [
            77.28316,
            28.56106
          ],
          [
            77.28262,
            28.56101
          ],
          [
            77.28151,
            28.56103
          ],
          [
            77.27846,
            28.561
          ],
          [
            77.27806,
            28.56096
          ],
          [
            77.27769,
            28.56091
          ],
          [
            77.27744,
            28.56085
          ],
          [
            77.27692,
            28.56072
          ],
          [
            77.27645,
            28.5605
          ],
          [
            77.27584,
            28.56019
          ],
          [
            77.27497,
            28.55978
          ],
          [
            77.27411,
            28.55936
          ],
          [
            77.27345,
            28.55909
          ],
          [
            77.27266,
            28.55874
          ],
          [
            77.27202,
            28.55843
          ],
          [
            77.27164,
            28.55824
          ],
          [
            77.27068,
            28.55777
          ],
          [
            77.26991,
            28.55739
          ],
          [
            77.26947,
            28.55717
          ],
          [
            77.2674,
            28.55614
          ],
          [
            77.26625,
            28.55555
          ],
          [
            77.26603,
            28.55543
          ],
          [
            77.26585,
            28.55532
          ],
          [
            77.2656,
            28.55513
          ],
          [
            77.26484,
            28.55445
          ],
          [
            77.26387,
            28.55365
          ],
          [
            77.26343,
            28.55338
          ],
          [
            77.2631,
            28.55323
          ],
          [
            77.26172,
            28.55268
          ],
          [
            77.25945,
            28.55186
          ],
          [
            77.25825,
            28.55129
          ],
          [
            77.25767,
            28.55094
          ],
          [
            77.25668,
            28.55008
          ],
          [
            77.25638,
            28.5498
          ],
          [
            77.2556,
            28.54905
          ],
          [
            77.25491,
            28.54834
          ],
          [
            77.25467,
            28.54803
          ],
          [
            77.25458,
            28.54796
          ],
          [
            77.25294,
            28.54672
          ],
          [
            77.25246,
            28.54649
          ],
          [
            77.25152,
            28.54604
          ],
          [
            77.24935,
            28.54516
          ],
          [
            77.24613,
            28.5442
          ],
          [
            77.23846,
            28.54187
          ],
          [
            77.23723,
            28.54137
          ],
          [
            77.23617,
            28.54093
          ],
          [
            77.23432,
            28.54073
          ],
          [
            77.23029,
            28.54109
          ],
          [
            77.22893,
            28.54127
          ],
          [
            77.2266,
            28.54192
          ],
          [
            77.22255,
            28.54228
          ],
          [
            77.22109,
            28.54235
          ],
          [
            77.20621,
            28.54317
          ],
          [
            77.20502,
            28.54335
          ],
          [
            77.20392,
            28.54348
          ],
          [
            77.20173,
            28.54409
          ],
          [
            77.19796,
            28.54583
          ],
          [
            77.19585,
            28.54658
          ],
          [
            77.19451,
            28.547
          ],
          [
            77.19311,
            28.54739
          ],
          [
            77.19235,
            28.54768
          ],
          [
            77.19001,
            28.54856
          ],
          [
            77.18846,
            28.54914
          ],
          [
            77.18551,
            28.55036
          ],
          [
            77.18399,
            28.55109
          ],
          [
            77.17504,
            28.55688
          ],
          [
            77.17432,
            28.55753
          ],
          [
            77.17377,
            28.55817
          ],
          [
            77.17302,
            28.55863
          ],
          [
            77.17199,
            28.55898
          ],
          [
            77.1703,
            28.55897
          ],
          [
            77.16914,
            28.55867
          ],
          [
            77.16832,
            28.55845
          ],
          [
            77.16586,
            28.55782
          ],
          [
            77.1626,
            28.55767
          ],
          [
            77.16109,
            28.55781
          ],
          [
            77.15964,
            28.55793
          ],
          [
            77.15295,
            28.55854
          ],
          [
            77.15029,
            28.55878
          ],
          [
            77.14534,
            28.55976
          ],
          [
            77.14285,
            28.56046
          ],
          [
            77.14265,
            28.56049
          ],
          [
            77.14189,
            28.56063
          ],
          [
            77.14093,
            28.56074
          ],
          [
            77.14025,
            28.56083
          ],
          [
            77.13865,
            28.56116
          ],
          [
            77.13564,
            28.56178
          ],
          [
            77.13448,
            28.56197
          ],
          [
            77.13336,
            28.56197
          ],
          [
            77.13249,
            28.56187
          ],
          [
            77.13171,
            28.56168
          ],
          [
            77.12881,
            28.56086
          ],
          [
            77.12618,
            28.56054
          ],
          [
            77.12461,
            28.56076
          ],
          [
            77.12376,
            28.5615
          ],
          [
            77.12328,
            28.56211
          ],
          [
            77.12308,
            28.56271
          ],
          [
            77.12262,
            28.56486
          ],
          [
            77.12207,
            28.56759
          ],
          [
            77.12187,
            28.56889
          ],
          [
            77.12199,
            28.56968
          ],
          [
            77.12194,
            28.57115
          ],
          [
            77.12155,
            28.5731
          ],
          [
            77.1213,
            28.57388
          ],
          [
            77.12086,
            28.5744
          ],
          [
            77.12002,
            28.57481
          ],
          [
            77.1192,
            28.57502
          ],
          [
            77.11841,
            28.57522
          ],
          [
            77.11776,
            28.57536
          ],
          [
            77.11545,
            28.57583
          ],
          [
            77.11426,
            28.57606
          ],
          [
            77.11348,
            28.57633
          ],
          [
            77.11212,
            28.57678
          ],
          [
            77.11113,
            28.57709
          ],
          [
            77.11035,
            28.57728
          ],
          [
            77.10949,
            28.57751
          ],
          [
            77.10856,
            28.57775
          ],
          [
            77.10722,
            28.57819
          ],
          [
            77.10612,
            28.57854
          ],
          [
            77.10537,
            28.57874
          ],
          [
            77.1049,
            28.57881
          ],
          [
            77.10431,
            28.57891
          ],
          [
            77.10405,
            28.57898
          ],
          [
            77.10255,
            28.57959
          ],
          [
            77.10143,
            28.57993
          ],
          [
            77.10025,
            28.58027
          ],
          [
            77.09876,
            28.58069
          ],
          [
            77.09816,
            28.58084
          ],
          [
            77.09704,
            28.58116
          ],
          [
            77.09342,
            28.58281
          ],
          [
            77.08902,
            28.58503
          ],
          [
            77.08442,
            28.58735
          ],
          [
            77.08358,
            28.58815
          ],
          [
            77.08305,
            28.58891
          ],
          [
            77.08234,
            28.58989
          ],
          [
            77.0817,
            28.59089
          ],
          [
            77.08149,
            28.59194
          ],
          [
            77.08109,
            28.59587
          ],
          [
            77.08209,
            28.60062
          ],
          [
            77.08236,
            28.60187
          ],
          [
            77.08258,
            28.60282
          ],
          [
            77.08379,
            28.61082
          ],
          [
            77.0842,
            28.61358
          ],
          [
            77.08432,
            28.61382
          ],
          [
            77.08518,
            28.61576
          ],
          [
            77.08544,
            28.61653
          ],
          [
            77.08564,
            28.61738
          ],
          [
            77.08516,
            28.61879
          ],
          [
            77.08422,
            28.62026
          ],
          [
            77.08303,
            28.62204
          ],
          [
            77.07958,
            28.62559
          ],
          [
            77.07792,
            28.62895
          ],
          [
            77.07781,
            28.62917
          ],
          [
            77.0774,
            28.63052
          ],
          [
            77.07719,
            28.63186
          ],
          [
            77.07728,
            28.63286
          ],
          [
            77.07771,
            28.63356
          ],
          [
            77.07888,
            28.63506
          ],
          [
            77.07937,
            28.63571
          ],
          [
            77.07994,
            28.63634
          ],
          [
            77.08041,
            28.63687
          ],
          [
            77.08067,
            28.63724
          ],
          [
            77.08096,
            28.63798
          ],
          [
            77.08143,
            28.63929
          ],
          [
            77.08297,
            28.64356
          ],
          [
            77.08383,
            28.64625
          ],
          [
            77.08431,
            28.6478
          ]
        ]
      },
      "properties": {
        "segment_id": "del-magenta-seg-01",
        "line_id": "del-magenta",
        "line_name": "Magenta Line",
        "city_id": "delhi",
        "city": "Delhi",
        "operator": "DMRC",
        "status": "operational",
        "phase": "III",
        "length_km": 39.9,
        "gauge": "standard",
        "inaugurated_on": "2017-12-25",
        "expected_completion": null,
        "stations_count": 25,
        "color": "#CC338B",
        "source": "osm",
        "references": [],
        "completion_unconfirmed": false,
        "last_verified": null,
        "retrieved_at": "2026-10-06",
        "geometry_quality": "exact"
      }
    },
    {
      "type": "Feature",
      "geometry": {
        "type": "LineString",
        "coordinates": [
          [
            77.01045,
            28.61728
          ],
          [
            77.01391,
            28.61847
          ],
          [
            77.01658,
            28.61946
          ],
          [
            77.0172,
            28.61968
          ],
          [
            77.01778,
            28.61994
          ],
          [
            77.01829,
            28.62019
          ],
          [
            77.01872,
            28.62038
          ],
          [
            77.01922,
            28.62049
          ],
          [
            77.0198,
            28.62053
          ],
          [
            77.02031,
            28.62048
          ],
          [
            77.02077,
            28.62033
          ],
          [
            77.02095,
            28.62026
          ],
          [
            77.02138,
            28.62002
          ],
          [
            77.02175,
            28.61971
          ],
          [
            77.02197,
            28.61945
          ],
          [
            77.02211,
            28.6192
          ],
          [
            77.02223,
            28.61894
          ],
          [
            77.02231,
            28.6187
          ],
          [
            77.02238,
            28.61842
          ],
          [
            77.0224,
            28.61825
          ],
          [
            77.0224,
            28.61798
          ],
          [
            77.02236,
            28.61716
          ],
          [
            77.02238,
            28.61681
          ],
          [
            77.02238,
            28.61621
          ],
          [
            77.02237,
            28.61591
          ],
          [
            77.01045,
            28.61728
          ],
          [
            77.00743,
            28.61623
          ],
          [
            77.00612,
            28.61578
          ],
          [
            77.00535,
            28.61547
          ],
          [
            77.00465,
            28.61511
          ],
          [
            77.00366,
            28.6146
          ],
          [
            77.00307,
            28.61429
          ],
          [
            77.0027,
            28.61414
          ],
          [
            77.00237,
            28.61404
          ],
          [
            77.00165,
            28.61382
          ],
          [
            77.00066,
            28.6135
          ],
          [
            76.99968,
            28.6133
          ],
          [
            76.99828,
            28.6132
          ],
          [
            76.99484,
            28.61255
          ],
          [
            76.99223,
            28.61231
          ],
          [
            76.99055,
            28.61222
          ],
          [
            76.98656,
            28.61243
          ],
          [
            76.98594,
            28.61238
          ],
          [
            76.97861,
            28.61189
          ],
          [
            76.97855,
            28.61188
          ]
        ]
      },
      "properties": {
        "segment_id": "del-grey-seg-01",
        "line_id": "del-grey",
        "line_name": "Grey Line",
        "city_id": "delhi",
        "city": "Delhi",
        "operator": "DMRC",
        "status": "operational",
        "phase": "III",
        "length_km": 6,
        "gauge": "standard",
        "inaugurated_on": "2019-10-04",
        "expected_completion": null,
        "stations_count": 4,
        "color": "#838996",
        "source": "osm",
        "references": [],
        "completion_unconfirmed": false,
        "last_verified": null,
        "retrieved_at": "2026-10-06",
        "geometry_quality": "exact"
      }
    },
    {
      "type": "Feature",
      "geometry": {
        "type": "LineString",
        "coordinates": [
          [
            77.18164,
            28.72461
          ],
          [
            77.18169,
            28.72519
          ],
          [
            77.1817,
            28.726
          ],
          [
            77.18184,
            28.72909
          ],
          [
            77.18195,
            28.73024
          ],
          [
            77.18194,
            28.73039
          ],
          [
            77.18192,
            28.73054
          ],
          [
            77.18189,
            28.73069
          ],
          [
            77.18186,
            28.73083
          ],
          [
            77.18181,
            28.73098
          ],
          [
            77.18176,
            28.73112
          ],
          [
            77.18169,
            28.73126
          ],
          [
            77.18162,
            28.73139
          ],
          [
            77.18154,
            28.73152
          ],
          [
            77.18145,
            28.73165
          ],
          [
            77.18136,
            28.73177
          ],
          [
            77.18125,
            28.73189
          ],
          [
            77.18115,
            28.732
          ],
          [
            77.18103,
            28.73211
          ],
          [
            77.1809,
            28.73221
          ],
          [
            77.18078,
            28.7323
          ],
          [
            77.18064,
            28.73239
          ],
          [
            77.1805,
            28.73247
          ],
          [
            77.18036,
            28.73255
          ],
          [
            77.18021,
            28.73262
          ],
          [
            77.17978,
            28.73279
          ],
          [
            77.17707,
            28.73395
          ],
          [
            77.17631,
            28.73422
          ],
          [
            77.17282,
            28.73554
          ],
          [
            77.17247,
            28.73566
          ],
          [
            77.17182,
            28.73588
          ],
          [
            77.17042,
            28.73631
          ],
          [
            77.1698,
            28.73647
          ],
          [
            77.16807,
            28.7369
          ],
          [
            77.16672,
            28.73723
          ],
          [
            77.16654,
            28.73727
          ],
          [
            77.16635,
            28.7373
          ],
          [
            77.16617,
            28.73732
          ],
          [
            77.16599,
            28.73734
          ],
          [
            77.1658,
            28.73734
          ],
          [
            77.1656,
            28.73734
          ],
          [
            77.16238,
            28.73732
          ],
          [
            77.16218,
            28.73731
          ],
          [
            77.16198,
            28.7373
          ],
          [
            77.16178,
            28.73727
          ],
          [
            77.16159,
            28.73724
          ],
          [
            77.16139,
            28.7372
          ],
          [
            77.1612,
            28.73716
          ],
          [
            77.161,
            28.73711
          ],
          [
            77.16081,
            28.73705
          ],
          [
            77.16062,
            28.73698
          ],
          [
            77.16044,
            28.73691
          ],
          [
            77.15959,
            28.73646
          ],
          [
            77.1573,
            28.73535
          ],
          [
            77.15595,
            28.73459
          ],
          [
            77.1535,
            28.73308
          ],
          [
            77.15219,
            28.73228
          ],
          [
            77.15194,
            28.7321
          ],
          [
            77.15157,
            28.73173
          ],
          [
            77.15077,
            28.73103
          ],
          [
            77.15005,
            28.7305
          ],
          [
            77.14896,
            28.7298
          ],
          [
            77.14819,
            28.72931
          ],
          [
            77.14789,
            28.72915
          ],
          [
            77.14747,
            28.72897
          ],
          [
            77.1465,
            28.72852
          ],
          [
            77.1458,
            28.72806
          ],
          [
            77.1449,
            28.72737
          ],
          [
            77.1445,
            28.72703
          ],
          [
            77.14414,
            28.72672
          ],
          [
            77.14352,
            28.72615
          ],
          [
            77.14312,
            28.72569
          ],
          [
            77.14276,
            28.7253
          ],
          [
            77.14245,
            28.72487
          ],
          [
            77.14215,
            28.72444
          ],
          [
            77.14177,
            28.72383
          ],
          [
            77.14144,
            28.72316
          ],
          [
            77.14094,
            28.72195
          ],
          [
            77.14072,
            28.72125
          ],
          [
            77.14057,
            28.72069
          ],
          [
            77.14042,
            28.71988
          ],
          [
            77.14016,
            28.71877
          ],
          [
            77.13936,
            28.71505
          ],
          [
            77.13911,
            28.71416
          ],
          [
            77.13882,
            28.71335
          ],
          [
            77.13869,
            28.71307
          ],
          [
            77.13845,
            28.71252
          ],
          [
            77.13805,
            28.7118
          ],
          [
            77.1376,
            28.71115
          ],
          [
            77.13732,
            28.71079
          ],
          [
            77.137,
            28.71041
          ],
          [
            77.13648,
            28.70987
          ],
          [
            77.13619,
            28.70956
          ],
          [
            77.13556,
            28.70881
          ],
          [
            77.13526,
            28.70849
          ],
          [
            77.13491,
            28.70819
          ],
          [
            77.13418,
            28.70761
          ],
          [
            77.13374,
            28.70723
          ],
          [
            77.13285,
            28.70631
          ],
          [
            77.13225,
            28.70566
          ],
          [
            77.1316,
            28.70491
          ],
          [
            77.1311,
            28.70439
          ],
          [
            77.13039,
            28.70379
          ],
          [
            77.13009,
            28.70355
          ],
          [
            77.12878,
            28.70255
          ],
          [
            77.12786,
            28.70191
          ],
          [
            77.12747,
            28.70169
          ],
          [
            77.12545,
            28.70054
          ],
          [
            77.12457,
            28.70011
          ],
          [
            77.12308,
            28.69956
          ],
          [
            77.12128,
            28.69894
          ],
          [
            77.11932,
            28.69838
          ],
          [
            77.11829,
            28.69807
          ]
        ]
      },
      "properties": {
        "segment_id": "del-magenta-seg-02",
        "line_id": "del-magenta",
        "line_name": "Magenta Line (Ext Phase IV)",
        "city_id": "delhi",
        "city": "Delhi",
        "operator": "DMRC",
        "status": "construction",
        "phase": "IV",
        "length_km": 9.3,
        "gauge": "standard",
        "inaugurated_on": null,
        "expected_completion": null,
        "stations_count": 7,
        "color": "#CC338B",
        "source": "osm",
        "references": [],
        "completion_unconfirmed": true,
        "last_verified": null,
        "retrieved_at": "2026-10-06",
        "geometry_quality": "exact"
      }
    },
    {
      "type": "Feature",
      "geometry": {
        "type": "LineString",
        "coordinates": [
          [
            88.36375,
            22.65405
          ],
          [
            88.36489,
            22.65416
          ],
          [
            88.36663,
            22.65432
          ],
          [
            88.36757,
            22.65441
          ],
          [
            88.37077,
            22.65457
          ],
          [
            88.37289,
            22.65474
          ],
          [
            88.37316,
            22.65477
          ],
          [
            88.37343,
            22.65478
          ],
          [
            88.3737,
            22.65479
          ],
          [
            88.37398,
            22.65478
          ],
          [
            88.37425,
            22.65477
          ],
          [
            88.37453,
            22.65475
          ],
          [
            88.3748,
            22.65473
          ],
          [
            88.37507,
            22.65469
          ],
          [
            88.37534,
            22.65465
          ],
          [
            88.3756,
            22.6546
          ],
          [
            88.3773,
            22.65413
          ],
          [
            88.38069,
            22.65312
          ],
          [
            88.38656,
            22.65136
          ],
          [
            88.38852,
            22.6508
          ],
          [
            88.38885,
            22.6507
          ],
          [
            88.38916,
            22.65057
          ],
          [
            88.38945,
            22.65043
          ],
          [
            88.38975,
            22.65029
          ],
          [
            88.39002,
            22.65015
          ],
          [
            88.39028,
            22.65
          ],
          [
            88.39053,
            22.64985
          ],
          [
            88.39078,
            22.64968
          ],
          [
            88.39103,
            22.64952
          ],
          [
            88.39193,
            22.64878
          ],
          [
            88.39372,
            22.647
          ],
          [
            88.39401,
            22.64666
          ],
          [
            88.3941,
            22.64654
          ],
          [
            88.39419,
            22.64641
          ],
          [
            88.39428,
            22.64628
          ],
          [
            88.39436,
            22.64615
          ],
          [
            88.39443,
            22.64601
          ],
          [
            88.39451,
            22.64585
          ],
          [
            88.39458,
            22.64568
          ],
          [
            88.39464,
            22.64551
          ],
          [
            88.39469,
            22.64534
          ],
          [
            88.39474,
            22.64516
          ],
          [
            88.39477,
            22.64498
          ],
          [
            88.39479,
            22.64481
          ],
          [
            88.39481,
            22.64463
          ],
          [
            88.39481,
            22.64445
          ],
          [
            88.3948,
            22.64374
          ],
          [
            88.39472,
            22.64242
          ],
          [
            88.39461,
            22.64178
          ],
          [
            88.39411,
            22.63997
          ],
          [
            88.39335,
            22.6372
          ],
          [
            88.3929,
            22.63572
          ],
          [
            88.39278,
            22.63497
          ],
          [
            88.39271,
            22.63371
          ],
          [
            88.3928,
            22.63271
          ],
          [
            88.39284,
            22.63225
          ],
          [
            88.39288,
            22.63175
          ],
          [
            88.39296,
            22.6308
          ],
          [
            88.39302,
            22.62993
          ],
          [
            88.39296,
            22.62901
          ],
          [
            88.39251,
            22.62639
          ],
          [
            88.39249,
            22.62616
          ],
          [
            88.39249,
            22.626
          ],
          [
            88.39255,
            22.62536
          ],
          [
            88.39274,
            22.62297
          ],
          [
            88.39284,
            22.62134
          ],
          [
            88.3929,
            22.6205
          ],
          [
            88.39294,
            22.61995
          ],
          [
            88.39311,
            22.61862
          ],
          [
            88.39337,
            22.61464
          ],
          [
            88.39362,
            22.61106
          ],
          [
            88.3936,
            22.61068
          ],
          [
            88.39357,
            22.61033
          ],
          [
            88.39352,
            22.61006
          ],
          [
            88.39343,
            22.60979
          ],
          [
            88.39331,
            22.60952
          ],
          [
            88.39316,
            22.60923
          ],
          [
            88.39304,
            22.60903
          ],
          [
            88.39291,
            22.60884
          ],
          [
            88.3928,
            22.60868
          ],
          [
            88.39269,
            22.60855
          ],
          [
            88.39257,
            22.60843
          ],
          [
            88.39245,
            22.60831
          ],
          [
            88.39211,
            22.60804
          ],
          [
            88.39179,
            22.60781
          ],
          [
            88.39147,
            22.60762
          ],
          [
            88.39107,
            22.60745
          ],
          [
            88.39066,
            22.60731
          ],
          [
            88.38811,
            22.60652
          ],
          [
            88.38764,
            22.6064
          ],
          [
            88.38759,
            22.60639
          ],
          [
            88.38616,
            22.60593
          ],
          [
            88.38503,
            22.60557
          ],
          [
            88.38192,
            22.60462
          ],
          [
            88.3804,
            22.60409
          ],
          [
            88.37797,
            22.60335
          ],
          [
            88.37618,
            22.60274
          ],
          [
            88.37396,
            22.60184
          ],
          [
            88.37234,
            22.60134
          ],
          [
            88.37207,
            22.60126
          ],
          [
            88.36961,
            22.60052
          ],
          [
            88.36765,
            22.60001
          ],
          [
            88.36687,
            22.59958
          ],
          [
            88.36643,
            22.59902
          ],
          [
            88.36604,
            22.59823
          ],
          [
            88.36563,
            22.59735
          ],
          [
            88.36524,
            22.5964
          ],
          [
            88.36504,
            22.59559
          ],
          [
            88.36494,
            22.59516
          ],
          [
            88.36483,
            22.59471
          ],
          [
            88.3648,
            22.59458
          ],
          [
            88.36476,
            22.59442
          ],
          [
            88.36473,
            22.59429
          ],
          [
            88.36466,
            22.59399
          ],
          [
            88.36464,
            22.5939
          ],
          [
            88.36463,
            22.59385
          ],
          [
            88.36461,
            22.59377
          ],
          [
            88.36442,
            22.59297
          ],
          [
            88.36427,
            22.59231
          ],
          [
            88.36419,
            22.59195
          ],
          [
            88.36413,
            22.59168
          ],
          [
            88.36411,
            22.5916
          ],
          [
            88.36397,
            22.59102
          ],
          [
            88.36389,
            22.59069
          ],
          [
            88.3638,
            22.5903
          ],
          [
            88.36356,
            22.58936
          ],
          [
            88.36324,
            22.58814
          ],
          [
            88.3632,
            22.588
          ],
          [
            88.36288,
            22.5868
          ],
          [
            88.36288,
            22.58677
          ],
          [
            88.36287,
            22.58674
          ],
          [
            88.36285,
            22.58667
          ],
          [
            88.36273,
            22.58622
          ],
          [
            88.36188,
            22.58293
          ],
          [
            88.36132,
            22.58077
          ],
          [
            88.36114,
            22.58011
          ],
          [
            88.36053,
            22.57803
          ],
          [
            88.35998,
            22.57623
          ],
          [
            88.35873,
            22.57236
          ],
          [
            88.35871,
            22.57229
          ],
          [
            88.35777,
            22.56935
          ],
          [
            88.35751,
            22.5687
          ],
          [
            88.35736,
            22.56845
          ],
          [
            88.35687,
            22.5682
          ],
          [
            88.35434,
            22.56704
          ],
          [
            88.35406,
            22.56692
          ],
          [
            88.35208,
            22.56601
          ],
          [
            88.35184,
            22.56579
          ],
          [
            88.35156,
            22.56521
          ],
          [
            88.35132,
            22.56441
          ],
          [
            88.35117,
            22.56364
          ],
          [
            88.35108,
            22.56318
          ],
          [
            88.35064,
            22.55984
          ],
          [
            88.35027,
            22.55664
          ],
          [
            88.35019,
            22.55568
          ],
          [
            88.35005,
            22.55498
          ],
          [
            88.35004,
            22.55492
          ],
          [
            88.34973,
            22.55362
          ],
          [
            88.34938,
            22.55207
          ],
          [
            88.34908,
            22.55067
          ],
          [
            88.34873,
            22.54938
          ],
          [
            88.34843,
            22.5483
          ],
          [
            88.348,
            22.5462
          ],
          [
            88.34741,
            22.54245
          ],
          [
            88.34724,
            22.54143
          ],
          [
            88.34694,
            22.53967
          ],
          [
            88.34633,
            22.53614
          ],
          [
            88.34614,
            22.53536
          ],
          [
            88.34605,
            22.53401
          ],
          [
            88.34597,
            22.53326
          ],
          [
            88.34595,
            22.53303
          ],
          [
            88.34584,
            22.53169
          ],
          [
            88.3455,
            22.5297
          ],
          [
            88.34542,
            22.52915
          ],
          [
            88.34557,
            22.52862
          ],
          [
            88.34609,
            22.52701
          ],
          [
            88.34629,
            22.5263
          ],
          [
            88.34642,
            22.52542
          ],
          [
            88.34651,
            22.52399
          ],
          [
            88.34651,
            22.52397
          ],
          [
            88.34666,
            22.52204
          ],
          [
            88.34667,
            22.52123
          ],
          [
            88.34654,
            22.5204
          ],
          [
            88.34593,
            22.51764
          ],
          [
            88.3458,
            22.51684
          ],
          [
            88.34581,
            22.51673
          ],
          [
            88.34587,
            22.51616
          ],
          [
            88.34602,
            22.51543
          ],
          [
            88.346,
            22.51457
          ],
          [
            88.34594,
            22.51306
          ],
          [
            88.34586,
            22.51156
          ],
          [
            88.34563,
            22.50967
          ],
          [
            88.34554,
            22.50844
          ],
          [
            88.34548,
            22.5072
          ],
          [
            88.34546,
            22.50687
          ],
          [
            88.3454,
            22.5057
          ],
          [
            88.34535,
            22.50464
          ],
          [
            88.34517,
            22.5035
          ],
          [
            88.34523,
            22.50329
          ],
          [
            88.3451,
            22.50159
          ],
          [
            88.34514,
            22.49939
          ],
          [
            88.34515,
            22.49884
          ],
          [
            88.34518,
            22.49756
          ],
          [
            88.34514,
            22.49645
          ],
          [
            88.34495,
            22.49426
          ],
          [
            88.34485,
            22.49314
          ],
          [
            88.34473,
            22.49221
          ],
          [
            88.34449,
            22.49132
          ],
          [
            88.34394,
            22.48997
          ],
          [
            88.34378,
            22.48954
          ],
          [
            88.34364,
            22.48917
          ],
          [
            88.34348,
            22.48885
          ],
          [
            88.34329,
            22.48855
          ],
          [
            88.34307,
            22.48831
          ],
          [
            88.34243,
            22.4877
          ],
          [
            88.34234,
            22.48761
          ],
          [
            88.34218,
            22.48743
          ],
          [
            88.34214,
            22.48737
          ],
          [
            88.3421,
            22.48731
          ],
          [
            88.34204,
            22.48722
          ],
          [
            88.34198,
            22.48713
          ],
          [
            88.34194,
            22.48706
          ],
          [
            88.3419,
            22.48695
          ],
          [
            88.34186,
            22.48683
          ],
          [
            88.34183,
            22.48671
          ],
          [
            88.34181,
            22.48659
          ],
          [
            88.3418,
            22.48647
          ],
          [
            88.34179,
            22.48635
          ],
          [
            88.3418,
            22.48623
          ],
          [
            88.34181,
            22.4861
          ],
          [
            88.34183,
            22.48598
          ],
          [
            88.34186,
            22.48587
          ],
          [
            88.3419,
            22.48575
          ],
          [
            88.34195,
            22.48563
          ],
          [
            88.342,
            22.48552
          ],
          [
            88.34207,
            22.48542
          ],
          [
            88.34214,
            22.48531
          ],
          [
            88.34221,
            22.48522
          ],
          [
            88.3423,
            22.48512
          ],
          [
            88.34239,
            22.48504
          ],
          [
            88.34248,
            22.48495
          ],
          [
            88.34259,
            22.48488
          ],
          [
            88.34319,
            22.48448
          ],
          [
            88.34377,
            22.48412
          ],
          [
            88.34416,
            22.48374
          ],
          [
            88.34444,
            22.48331
          ],
          [
            88.34462,
            22.48268
          ],
          [
            88.34478,
            22.48228
          ],
          [
            88.34499,
            22.48191
          ],
          [
            88.34534,
            22.48156
          ],
          [
            88.34641,
            22.48073
          ],
          [
            88.34682,
            22.48042
          ],
          [
            88.34746,
            22.47988
          ],
          [
            88.34814,
            22.4795
          ],
          [
            88.34894,
            22.47915
          ],
          [
            88.34978,
            22.47888
          ],
          [
            88.35087,
            22.47851
          ],
          [
            88.35152,
            22.47829
          ],
          [
            88.35198,
            22.47801
          ],
          [
            88.353,
            22.47725
          ],
          [
            88.35388,
            22.47659
          ],
          [
            88.35424,
            22.47635
          ],
          [
            88.35527,
            22.47592
          ],
          [
            88.35648,
            22.47545
          ],
          [
            88.35706,
            22.47535
          ],
          [
            88.35764,
            22.47528
          ],
          [
            88.35814,
            22.47517
          ],
          [
            88.35861,
            22.47492
          ],
          [
            88.36086,
            22.47347
          ],
          [
            88.36141,
            22.47312
          ],
          [
            88.3636,
            22.47175
          ],
          [
            88.36488,
            22.4711
          ],
          [
            88.36628,
            22.47041
          ],
          [
            88.36736,
            22.46997
          ],
          [
            88.36845,
            22.46965
          ],
          [
            88.36918,
            22.46949
          ],
          [
            88.37002,
            22.46942
          ],
          [
            88.37031,
            22.4694
          ],
          [
            88.37094,
            22.46929
          ],
          [
            88.37106,
            22.46927
          ],
          [
            88.37158,
            22.46907
          ],
          [
            88.37206,
            22.46887
          ],
          [
            88.37243,
            22.46862
          ],
          [
            88.37246,
            22.46859
          ],
          [
            88.37275,
            22.46831
          ],
          [
            88.37324,
            22.46771
          ],
          [
            88.37358,
            22.46739
          ],
          [
            88.37398,
            22.46715
          ],
          [
            88.37458,
            22.46687
          ],
          [
            88.37512,
            22.46656
          ],
          [
            88.3755,
            22.46626
          ],
          [
            88.37611,
            22.46547
          ],
          [
            88.37677,
            22.46473
          ],
          [
            88.37735,
            22.46432
          ],
          [
            88.37795,
            22.4641
          ],
          [
            88.37866,
            22.46397
          ],
          [
            88.37928,
            22.46399
          ],
          [
            88.37958,
            22.46404
          ],
          [
            88.38112,
            22.46431
          ],
          [
            88.38131,
            22.46434
          ],
          [
            88.38196,
            22.46455
          ],
          [
            88.38285,
            22.46491
          ],
          [
            88.38354,
            22.46517
          ],
          [
            88.38421,
            22.46534
          ],
          [
            88.38492,
            22.46542
          ],
          [
            88.38545,
            22.46536
          ],
          [
            88.38616,
            22.46517
          ],
          [
            88.38693,
            22.46498
          ],
          [
            88.38741,
            22.46489
          ],
          [
            88.38787,
            22.46493
          ],
          [
            88.38838,
            22.46504
          ],
          [
            88.38921,
            22.46534
          ],
          [
            88.3899,
            22.46557
          ],
          [
            88.39067,
            22.46582
          ],
          [
            88.39212,
            22.46606
          ],
          [
            88.3926,
            22.46614
          ],
          [
            88.39292,
            22.46618
          ],
          [
            88.39631,
            22.46667
          ],
          [
            88.39861,
            22.4669
          ],
          [
            88.39934,
            22.46698
          ],
          [
            88.39948,
            22.467
          ],
          [
            88.39961,
            22.46703
          ],
          [
            88.39973,
            22.46707
          ],
          [
            88.39986,
            22.46711
          ],
          [
            88.39998,
            22.46717
          ],
          [
            88.40009,
            22.46723
          ],
          [
            88.4002,
            22.4673
          ],
          [
            88.40031,
            22.46737
          ],
          [
            88.40041,
            22.46746
          ],
          [
            88.4005,
            22.46754
          ],
          [
            88.40059,
            22.46764
          ],
          [
            88.40067,
            22.46774
          ],
          [
            88.40074,
            22.46784
          ],
          [
            88.40081,
            22.46795
          ],
          [
            88.40086,
            22.46806
          ],
          [
            88.40091,
            22.46818
          ],
          [
            88.40095,
            22.4683
          ],
          [
            88.40098,
            22.46843
          ],
          [
            88.401,
            22.46855
          ],
          [
            88.40101,
            22.46868
          ],
          [
            88.40101,
            22.4688
          ],
          [
            88.401,
            22.46893
          ],
          [
            88.40099,
            22.46906
          ],
          [
            88.40096,
            22.46918
          ],
          [
            88.40092,
            22.4693
          ],
          [
            88.40087,
            22.46943
          ],
          [
            88.40082,
            22.46954
          ],
          [
            88.40075,
            22.46965
          ],
          [
            88.40068,
            22.46976
          ],
          [
            88.4006,
            22.46986
          ],
          [
            88.40051,
            22.46996
          ],
          [
            88.40041,
            22.47005
          ],
          [
            88.39992,
            22.47048
          ],
          [
            88.39897,
            22.47122
          ],
          [
            88.39873,
            22.47141
          ],
          [
            88.39798,
            22.47209
          ]
        ]
      },
      "properties": {
        "segment_id": "kol-blue-seg-01",
        "line_id": "kol-blue",
        "line_name": "Blue Line (Dakshineswar - Kavi Subhash)",
        "city_id": "kolkata",
        "city": "Kolkata",
        "operator": "Metro Railway, Kolkata",
        "status": "operational",
        "phase": "1",
        "length_km": 31.4,
        "gauge": "broad",
        "inaugurated_on": "1984-10-24",
        "expected_completion": null,
        "stations_count": 26,
        "color": "#0072CE",
        "source": "osm",
        "references": [
          "https://mtp.indianrailways.gov.in",
          "https://pib.gov.in/PressReleasePage.aspx?PRID=1699923"
        ],
        "completion_unconfirmed": false,
        "last_verified": null,
        "retrieved_at": "2026-10-07",
        "geometry_quality": "exact"
      }
    },
    {
      "type": "Feature",
      "geometry": {
        "type": "LineString",
        "coordinates": [
          [
            88.35069,
            22.56381
          ],
          [
            88.35027,
            22.56418
          ],
          [
            88.34922,
            22.5651
          ],
          [
            88.34885,
            22.56557
          ],
          [
            88.34865,
            22.56607
          ],
          [
            88.34874,
            22.56692
          ],
          [
            88.35055,
            22.57205
          ],
          [
            88.35083,
            22.57283
          ],
          [
            88.35237,
            22.5776
          ],
          [
            88.35242,
            22.57789
          ],
          [
            88.3524,
            22.57825
          ],
          [
            88.3523,
            22.57891
          ],
          [
            88.35213,
            22.57945
          ],
          [
            88.35184,
            22.57992
          ],
          [
            88.35148,
            22.5802
          ],
          [
            88.35105,
            22.58041
          ],
          [
            88.34928,
            22.58116
          ],
          [
            88.34337,
            22.58202
          ],
          [
            88.34016,
            22.58337
          ],
          [
            88.33878,
            22.58395
          ],
          [
            88.33632,
            22.58451
          ],
          [
            88.3351,
            22.58469
          ],
          [
            88.33464,
            22.58457
          ],
          [
            88.33428,
            22.58427
          ],
          [
            88.334,
            22.58378
          ],
          [
            88.333,
            22.58201
          ],
          [
            88.35069,
            22.56381
          ],
          [
            88.3516,
            22.56329
          ],
          [
            88.3529,
            22.56286
          ],
          [
            88.35505,
            22.56249
          ],
          [
            88.35667,
            22.56276
          ],
          [
            88.35786,
            22.5635
          ],
          [
            88.3593,
            22.56485
          ],
          [
            88.35974,
            22.56606
          ],
          [
            88.36068,
            22.56769
          ],
          [
            88.36118,
            22.56815
          ],
          [
            88.3617,
            22.56845
          ],
          [
            88.36233,
            22.56864
          ],
          [
            88.36291,
            22.56871
          ],
          [
            88.36358,
            22.56864
          ],
          [
            88.36934,
            22.56672
          ],
          [
            88.37005,
            22.56647
          ],
          [
            88.3711,
            22.56611
          ],
          [
            88.37238,
            22.5661
          ],
          [
            88.37339,
            22.56622
          ],
          [
            88.37737,
            22.56804
          ],
          [
            88.38148,
            22.56973
          ],
          [
            88.38306,
            22.57044
          ],
          [
            88.38513,
            22.5712
          ],
          [
            88.38742,
            22.57173
          ],
          [
            88.38901,
            22.57198
          ],
          [
            88.39026,
            22.57209
          ],
          [
            88.39106,
            22.57205
          ],
          [
            88.39173,
            22.57198
          ],
          [
            88.39247,
            22.57187
          ],
          [
            88.39374,
            22.57156
          ],
          [
            88.39474,
            22.57131
          ],
          [
            88.39496,
            22.57125
          ],
          [
            88.39523,
            22.57118
          ],
          [
            88.39555,
            22.57112
          ],
          [
            88.39622,
            22.57113
          ],
          [
            88.39768,
            22.57108
          ],
          [
            88.39771,
            22.57108
          ],
          [
            88.39813,
            22.57102
          ],
          [
            88.39824,
            22.571
          ],
          [
            88.39853,
            22.5709
          ],
          [
            88.39897,
            22.57074
          ],
          [
            88.39936,
            22.57064
          ],
          [
            88.3997,
            22.57054
          ],
          [
            88.39986,
            22.5705
          ],
          [
            88.40006,
            22.57046
          ],
          [
            88.40053,
            22.57039
          ],
          [
            88.40197,
            22.57021
          ],
          [
            88.40219,
            22.5702
          ],
          [
            88.40233,
            22.57019
          ],
          [
            88.40244,
            22.5702
          ],
          [
            88.40256,
            22.57021
          ],
          [
            88.40267,
            22.57024
          ],
          [
            88.40278,
            22.57029
          ],
          [
            88.40288,
            22.57034
          ],
          [
            88.40298,
            22.5704
          ],
          [
            88.40306,
            22.57046
          ],
          [
            88.40312,
            22.57052
          ],
          [
            88.4032,
            22.57059
          ],
          [
            88.40325,
            22.57067
          ],
          [
            88.4033,
            22.57075
          ],
          [
            88.40334,
            22.57082
          ],
          [
            88.40339,
            22.57095
          ],
          [
            88.40341,
            22.57107
          ],
          [
            88.40342,
            22.57117
          ],
          [
            88.40342,
            22.57136
          ],
          [
            88.40341,
            22.57149
          ],
          [
            88.40328,
            22.57216
          ],
          [
            88.40308,
            22.57297
          ],
          [
            88.40251,
            22.57518
          ],
          [
            88.40138,
            22.57982
          ],
          [
            88.40134,
            22.57997
          ],
          [
            88.40111,
            22.58065
          ],
          [
            88.40101,
            22.58103
          ],
          [
            88.40095,
            22.58137
          ],
          [
            88.40094,
            22.58185
          ],
          [
            88.401,
            22.58238
          ],
          [
            88.40123,
            22.58291
          ],
          [
            88.40141,
            22.58318
          ],
          [
            88.40172,
            22.58337
          ],
          [
            88.40323,
            22.58428
          ],
          [
            88.40519,
            22.58547
          ],
          [
            88.40792,
            22.58699
          ],
          [
            88.41012,
            22.58834
          ],
          [
            88.4133,
            22.59022
          ],
          [
            88.41369,
            22.59043
          ],
          [
            88.41383,
            22.5905
          ],
          [
            88.41393,
            22.59054
          ],
          [
            88.41403,
            22.59057
          ],
          [
            88.41414,
            22.59059
          ],
          [
            88.41425,
            22.59061
          ],
          [
            88.41435,
            22.59062
          ],
          [
            88.41446,
            22.59062
          ],
          [
            88.41456,
            22.59061
          ],
          [
            88.41467,
            22.5906
          ],
          [
            88.41477,
            22.59057
          ],
          [
            88.41564,
            22.5904
          ],
          [
            88.41743,
            22.59004
          ],
          [
            88.41897,
            22.58969
          ],
          [
            88.41924,
            22.58954
          ],
          [
            88.41945,
            22.58934
          ],
          [
            88.4202,
            22.5883
          ],
          [
            88.42157,
            22.58629
          ],
          [
            88.42272,
            22.58468
          ],
          [
            88.42466,
            22.58182
          ],
          [
            88.42512,
            22.58112
          ],
          [
            88.42542,
            22.58054
          ],
          [
            88.42571,
            22.58007
          ],
          [
            88.42597,
            22.57982
          ],
          [
            88.42608,
            22.57977
          ],
          [
            88.42618,
            22.57973
          ],
          [
            88.42629,
            22.5797
          ],
          [
            88.42641,
            22.57969
          ],
          [
            88.42651,
            22.57968
          ],
          [
            88.42661,
            22.57969
          ],
          [
            88.42672,
            22.57969
          ],
          [
            88.42682,
            22.57972
          ],
          [
            88.42698,
            22.57977
          ],
          [
            88.42706,
            22.5798
          ],
          [
            88.42714,
            22.57984
          ],
          [
            88.42738,
            22.57998
          ],
          [
            88.42787,
            22.58026
          ],
          [
            88.4284,
            22.58058
          ],
          [
            88.42902,
            22.58094
          ],
          [
            88.43069,
            22.58191
          ]
        ]
      },
      "properties": {
        "segment_id": "kol-green-seg-01",
        "line_id": "kol-green",
        "line_name": "Green Line (Howrah Maidan - Salt Lake Sector V)",
        "city_id": "kolkata",
        "city": "Kolkata",
        "operator": "KMRC",
        "status": "operational",
        "phase": "2",
        "length_km": 18.2,
        "gauge": "standard",
        "inaugurated_on": "2020-02-14",
        "expected_completion": null,
        "stations_count": 12,
        "color": "#009A44",
        "source": "osm",
        "references": [
          "https://www.kmrc.in",
          "https://www.pib.gov.in/PressReleasePage.aspx?PRID=1602930",
          "https://pib.gov.in/PressReleasePage.aspx?PRID=2011707",
          "https://pib.gov.in/PressReleasePage.aspx?PRID=2159869"
        ],
        "completion_unconfirmed": false,
        "last_verified": null,
        "retrieved_at": "2026-10-07",
        "geometry_quality": "exact"
      }
    },
    {
      "type": "Feature",
      "geometry": {
        "type": "LineString",
        "coordinates": [
          [
            88.30128,
            22.45166
          ],
          [
            88.3018,
            22.4524
          ],
          [
            88.30218,
            22.45291
          ],
          [
            88.30242,
            22.45327
          ],
          [
            88.30254,
            22.45345
          ],
          [
            88.30336,
            22.45463
          ],
          [
            88.30489,
            22.45684
          ],
          [
            88.30558,
            22.4578
          ],
          [
            88.30604,
            22.45849
          ],
          [
            88.30628,
            22.45894
          ],
          [
            88.30638,
            22.45925
          ],
          [
            88.30651,
            22.45976
          ],
          [
            88.30664,
            22.4609
          ],
          [
            88.30669,
            22.46124
          ],
          [
            88.30685,
            22.46217
          ],
          [
            88.30705,
            22.46294
          ],
          [
            88.30748,
            22.46442
          ],
          [
            88.30785,
            22.46566
          ],
          [
            88.30834,
            22.46703
          ],
          [
            88.30868,
            22.46774
          ],
          [
            88.30913,
            22.46856
          ],
          [
            88.3094,
            22.46907
          ],
          [
            88.30958,
            22.46943
          ],
          [
            88.30976,
            22.46997
          ],
          [
            88.30983,
            22.4704
          ],
          [
            88.30989,
            22.47141
          ],
          [
            88.30985,
            22.47193
          ],
          [
            88.30979,
            22.47251
          ],
          [
            88.30977,
            22.47281
          ],
          [
            88.30979,
            22.47321
          ],
          [
            88.30984,
            22.47391
          ],
          [
            88.30989,
            22.4749
          ],
          [
            88.30995,
            22.47562
          ],
          [
            88.31001,
            22.47638
          ],
          [
            88.31009,
            22.47693
          ],
          [
            88.31017,
            22.47754
          ],
          [
            88.31025,
            22.47863
          ],
          [
            88.31029,
            22.47892
          ],
          [
            88.31032,
            22.4795
          ],
          [
            88.31039,
            22.4802
          ],
          [
            88.31044,
            22.48067
          ],
          [
            88.3105,
            22.48098
          ],
          [
            88.31057,
            22.48125
          ],
          [
            88.31067,
            22.48154
          ],
          [
            88.31091,
            22.48207
          ],
          [
            88.31126,
            22.48278
          ],
          [
            88.31178,
            22.48386
          ],
          [
            88.31231,
            22.48502
          ],
          [
            88.31237,
            22.48514
          ],
          [
            88.31267,
            22.48581
          ],
          [
            88.31302,
            22.48668
          ],
          [
            88.31329,
            22.48742
          ],
          [
            88.31359,
            22.48817
          ],
          [
            88.31376,
            22.4886
          ],
          [
            88.3139,
            22.4889
          ],
          [
            88.31432,
            22.48978
          ],
          [
            88.3148,
            22.49078
          ],
          [
            88.31526,
            22.49178
          ],
          [
            88.31583,
            22.49313
          ],
          [
            88.31593,
            22.49336
          ],
          [
            88.31605,
            22.49364
          ],
          [
            88.31621,
            22.49407
          ],
          [
            88.3164,
            22.49473
          ],
          [
            88.31669,
            22.49578
          ],
          [
            88.31697,
            22.49684
          ],
          [
            88.31703,
            22.49711
          ],
          [
            88.31708,
            22.49734
          ],
          [
            88.31717,
            22.49796
          ],
          [
            88.31731,
            22.49881
          ],
          [
            88.31743,
            22.49957
          ],
          [
            88.3175,
            22.49995
          ],
          [
            88.31763,
            22.5005
          ],
          [
            88.31792,
            22.50158
          ],
          [
            88.31806,
            22.50208
          ],
          [
            88.31822,
            22.50257
          ],
          [
            88.31837,
            22.50291
          ],
          [
            88.31853,
            22.50328
          ],
          [
            88.31896,
            22.50434
          ],
          [
            88.31923,
            22.50497
          ],
          [
            88.31974,
            22.50626
          ],
          [
            88.31998,
            22.5069
          ],
          [
            88.32031,
            22.50771
          ],
          [
            88.32077,
            22.50894
          ],
          [
            88.32088,
            22.50928
          ],
          [
            88.32101,
            22.50974
          ],
          [
            88.32111,
            22.51018
          ],
          [
            88.32115,
            22.51032
          ],
          [
            88.32126,
            22.51075
          ],
          [
            88.32144,
            22.51129
          ],
          [
            88.32156,
            22.51165
          ],
          [
            88.32167,
            22.512
          ],
          [
            88.32215,
            22.51342
          ],
          [
            88.32242,
            22.51425
          ],
          [
            88.32259,
            22.51481
          ],
          [
            88.32278,
            22.5156
          ],
          [
            88.32362,
            22.51908
          ],
          [
            88.32375,
            22.51958
          ]
        ]
      },
      "properties": {
        "segment_id": "kol-purple-seg-01",
        "line_id": "kol-purple",
        "line_name": "Purple Line (Joka - Majerhat)",
        "city_id": "kolkata",
        "city": "Kolkata",
        "operator": "Metro Railway, Kolkata",
        "status": "operational",
        "phase": "3",
        "length_km": 8,
        "gauge": "broad",
        "inaugurated_on": "2023-01-02",
        "expected_completion": null,
        "stations_count": 7,
        "color": "#702082",
        "source": "osm",
        "references": [
          "https://pib.gov.in/PressReleasePage.aspx?PRID=1887680",
          "https://pib.gov.in/PressReleasePage.aspx?PRID=2011707"
        ],
        "completion_unconfirmed": false,
        "last_verified": null,
        "retrieved_at": "2026-10-07",
        "geometry_quality": "exact"
      }
    },
    {
      "type": "Feature",
      "geometry": {
        "type": "LineString",
        "coordinates": [
          [
            88.32603,
            22.52767
          ],
          [
            88.32686,
            22.53132
          ],
          [
            88.32718,
            22.53322
          ],
          [
            88.3274,
            22.53477
          ],
          [
            88.32753,
            22.53675
          ],
          [
            88.32745,
            22.5383
          ],
          [
            88.32743,
            22.53883
          ],
          [
            88.32757,
            22.53942
          ],
          [
            88.32792,
            22.54015
          ],
          [
            88.32979,
            22.54236
          ],
          [
            88.33167,
            22.54358
          ],
          [
            88.33915,
            22.54727
          ],
          [
            88.34191,
            22.54818
          ],
          [
            88.34446,
            22.54818
          ],
          [
            88.34543,
            22.54833
          ],
          [
            88.34607,
            22.54871
          ],
          [
            88.34691,
            22.54933
          ],
          [
            88.34747,
            22.54993
          ],
          [
            88.34802,
            22.55058
          ],
          [
            88.34817,
            22.5509
          ],
          [
            88.34889,
            22.55469
          ],
          [
            88.35065,
            22.56356
          ]
        ]
      },
      "properties": {
        "segment_id": "kol-purple-seg-02",
        "line_id": "kol-purple",
        "line_name": "Purple Line Extension (Majerhat - Esplanade)",
        "city_id": "kolkata",
        "city": "Kolkata",
        "operator": "Metro Railway, Kolkata",
        "status": "construction",
        "phase": "3",
        "length_km": 5.3,
        "gauge": "broad",
        "inaugurated_on": null,
        "expected_completion": "2028",
        "stations_count": 0,
        "color": "#702082",
        "source": "osm",
        "references": [
          "https://mtp.indianrailways.gov.in"
        ],
        "completion_unconfirmed": false,
        "last_verified": null,
        "retrieved_at": "2026-10-07",
        "geometry_quality": "exact"
      }
    },
    {
      "type": "Feature",
      "geometry": {
        "type": "LineString",
        "coordinates": [
          [
            88.39427,
            22.63993
          ],
          [
            88.3938,
            22.6383
          ],
          [
            88.39363,
            22.63749
          ],
          [
            88.3936,
            22.63737
          ],
          [
            88.39358,
            22.63725
          ],
          [
            88.39357,
            22.63713
          ],
          [
            88.39357,
            22.63701
          ],
          [
            88.39358,
            22.63689
          ],
          [
            88.3936,
            22.63676
          ],
          [
            88.39363,
            22.63664
          ],
          [
            88.39366,
            22.63655
          ],
          [
            88.39371,
            22.63644
          ],
          [
            88.39376,
            22.63633
          ],
          [
            88.39382,
            22.63623
          ],
          [
            88.39391,
            22.63611
          ],
          [
            88.39398,
            22.63602
          ],
          [
            88.39407,
            22.63592
          ],
          [
            88.39417,
            22.63582
          ],
          [
            88.39426,
            22.63574
          ],
          [
            88.39437,
            22.63567
          ],
          [
            88.39452,
            22.63558
          ],
          [
            88.39464,
            22.63551
          ],
          [
            88.39481,
            22.63544
          ],
          [
            88.39496,
            22.63539
          ],
          [
            88.39511,
            22.63534
          ],
          [
            88.39528,
            22.63529
          ],
          [
            88.39544,
            22.63524
          ],
          [
            88.39575,
            22.63517
          ],
          [
            88.39601,
            22.63512
          ],
          [
            88.39632,
            22.63507
          ],
          [
            88.3966,
            22.63502
          ],
          [
            88.3968,
            22.63498
          ],
          [
            88.39699,
            22.63493
          ],
          [
            88.3972,
            22.63485
          ],
          [
            88.39785,
            22.63457
          ],
          [
            88.39897,
            22.63403
          ],
          [
            88.40001,
            22.63353
          ],
          [
            88.40102,
            22.63305
          ],
          [
            88.40209,
            22.63255
          ],
          [
            88.40354,
            22.63186
          ],
          [
            88.4041,
            22.6316
          ],
          [
            88.40451,
            22.63141
          ],
          [
            88.40481,
            22.63127
          ],
          [
            88.40505,
            22.63118
          ],
          [
            88.40525,
            22.63111
          ],
          [
            88.40547,
            22.63104
          ],
          [
            88.40563,
            22.631
          ],
          [
            88.40579,
            22.63098
          ],
          [
            88.40592,
            22.63097
          ],
          [
            88.40594,
            22.63097
          ],
          [
            88.40609,
            22.63096
          ],
          [
            88.40623,
            22.63097
          ],
          [
            88.40641,
            22.63098
          ],
          [
            88.40659,
            22.63102
          ],
          [
            88.40676,
            22.63106
          ],
          [
            88.40693,
            22.63111
          ],
          [
            88.40711,
            22.63118
          ],
          [
            88.40729,
            22.63126
          ],
          [
            88.40745,
            22.63133
          ],
          [
            88.4078,
            22.63147
          ],
          [
            88.40797,
            22.63154
          ],
          [
            88.40812,
            22.63162
          ],
          [
            88.40827,
            22.6317
          ],
          [
            88.40845,
            22.63181
          ],
          [
            88.40859,
            22.63191
          ],
          [
            88.40879,
            22.63206
          ],
          [
            88.40905,
            22.63225
          ],
          [
            88.40932,
            22.63246
          ],
          [
            88.40952,
            22.63264
          ],
          [
            88.40974,
            22.63286
          ],
          [
            88.40993,
            22.63306
          ],
          [
            88.41007,
            22.63323
          ],
          [
            88.41016,
            22.63351
          ],
          [
            88.41028,
            22.63371
          ],
          [
            88.41039,
            22.63388
          ],
          [
            88.41071,
            22.63448
          ],
          [
            88.41095,
            22.63512
          ],
          [
            88.41151,
            22.63629
          ],
          [
            88.41177,
            22.63682
          ],
          [
            88.41214,
            22.6376
          ],
          [
            88.41251,
            22.63838
          ],
          [
            88.41258,
            22.63849
          ],
          [
            88.41265,
            22.63861
          ],
          [
            88.41273,
            22.63872
          ],
          [
            88.41294,
            22.63895
          ],
          [
            88.41306,
            22.63906
          ],
          [
            88.4132,
            22.63917
          ],
          [
            88.41331,
            22.63925
          ],
          [
            88.41343,
            22.63933
          ],
          [
            88.41355,
            22.63939
          ],
          [
            88.41368,
            22.63945
          ],
          [
            88.4138,
            22.6395
          ],
          [
            88.41396,
            22.63956
          ],
          [
            88.41416,
            22.63962
          ],
          [
            88.41438,
            22.63966
          ],
          [
            88.41504,
            22.63972
          ],
          [
            88.4155,
            22.63972
          ],
          [
            88.41577,
            22.63971
          ],
          [
            88.41595,
            22.63969
          ],
          [
            88.4161,
            22.63966
          ],
          [
            88.41628,
            22.63962
          ],
          [
            88.41693,
            22.63942
          ],
          [
            88.418,
            22.63907
          ],
          [
            88.41921,
            22.63868
          ],
          [
            88.42047,
            22.63828
          ],
          [
            88.42073,
            22.63819
          ],
          [
            88.42091,
            22.63811
          ],
          [
            88.42105,
            22.63805
          ],
          [
            88.42118,
            22.63798
          ],
          [
            88.4213,
            22.63791
          ],
          [
            88.42141,
            22.63783
          ],
          [
            88.42153,
            22.63773
          ],
          [
            88.42164,
            22.63763
          ],
          [
            88.42172,
            22.63755
          ],
          [
            88.42181,
            22.63745
          ],
          [
            88.42193,
            22.63729
          ],
          [
            88.42204,
            22.63712
          ],
          [
            88.42215,
            22.63698
          ],
          [
            88.42247,
            22.6365
          ],
          [
            88.42278,
            22.63609
          ],
          [
            88.4229,
            22.63593
          ],
          [
            88.42302,
            22.63579
          ],
          [
            88.42314,
            22.63566
          ],
          [
            88.42324,
            22.63555
          ],
          [
            88.42337,
            22.63545
          ],
          [
            88.42351,
            22.63536
          ],
          [
            88.42364,
            22.63528
          ],
          [
            88.42375,
            22.63523
          ],
          [
            88.42387,
            22.63518
          ],
          [
            88.42401,
            22.63514
          ],
          [
            88.42414,
            22.6351
          ],
          [
            88.42427,
            22.63508
          ],
          [
            88.42443,
            22.63506
          ],
          [
            88.42458,
            22.63505
          ],
          [
            88.42471,
            22.63506
          ],
          [
            88.42484,
            22.63507
          ],
          [
            88.42498,
            22.63509
          ],
          [
            88.42513,
            22.63513
          ],
          [
            88.42531,
            22.63518
          ],
          [
            88.42546,
            22.63524
          ],
          [
            88.42558,
            22.6353
          ],
          [
            88.42569,
            22.63536
          ],
          [
            88.42585,
            22.63548
          ],
          [
            88.42603,
            22.63564
          ],
          [
            88.42645,
            22.63606
          ],
          [
            88.42728,
            22.63691
          ],
          [
            88.42784,
            22.63749
          ],
          [
            88.42822,
            22.63784
          ],
          [
            88.4287,
            22.63829
          ],
          [
            88.42888,
            22.63845
          ],
          [
            88.42916,
            22.6387
          ],
          [
            88.42944,
            22.63898
          ],
          [
            88.42976,
            22.63928
          ],
          [
            88.43034,
            22.63984
          ],
          [
            88.43059,
            22.64007
          ],
          [
            88.43081,
            22.64027
          ],
          [
            88.43103,
            22.64044
          ],
          [
            88.4312,
            22.64056
          ],
          [
            88.43158,
            22.64083
          ],
          [
            88.43183,
            22.64098
          ],
          [
            88.43215,
            22.64115
          ],
          [
            88.43247,
            22.64129
          ],
          [
            88.43277,
            22.64147
          ],
          [
            88.43312,
            22.64167
          ],
          [
            88.43361,
            22.64193
          ],
          [
            88.4348,
            22.6426
          ],
          [
            88.43602,
            22.64343
          ],
          [
            88.43643,
            22.64372
          ],
          [
            88.43669,
            22.64401
          ],
          [
            88.43686,
            22.64441
          ],
          [
            88.43704,
            22.64531
          ],
          [
            88.43727,
            22.64731
          ]
        ]
      },
      "properties": {
        "segment_id": "kol-yellow-seg-01",
        "line_id": "kol-yellow",
        "line_name": "Yellow Line (Noapara - Jai Hind Airport)",
        "city_id": "kolkata",
        "city": "Kolkata",
        "operator": "Metro Railway, Kolkata",
        "status": "operational",
        "phase": "4",
        "length_km": 6.4,
        "gauge": "broad",
        "inaugurated_on": "2025-08-22",
        "expected_completion": null,
        "stations_count": 4,
        "color": "#FFD100",
        "source": "osm",
        "references": [
          "https://pib.gov.in/PressReleasePage.aspx?PRID=2159869"
        ],
        "completion_unconfirmed": false,
        "last_verified": null,
        "retrieved_at": "2026-10-07",
        "geometry_quality": "exact"
      }
    },
    {
      "type": "Feature",
      "geometry": {
        "type": "LineString",
        "coordinates": [
          [
            88.48397,
            22.72468
          ],
          [
            88.48286,
            22.72363
          ],
          [
            88.48225,
            22.72301
          ],
          [
            88.48164,
            22.72233
          ],
          [
            88.48079,
            22.72155
          ],
          [
            88.47945,
            22.7202
          ],
          [
            88.47862,
            22.71944
          ],
          [
            88.47585,
            22.7168
          ],
          [
            88.47522,
            22.71617
          ],
          [
            88.47361,
            22.71453
          ],
          [
            88.47111,
            22.71211
          ],
          [
            88.4686,
            22.70969
          ],
          [
            88.46764,
            22.70878
          ],
          [
            88.46591,
            22.70715
          ],
          [
            88.46317,
            22.70455
          ],
          [
            88.46179,
            22.70322
          ],
          [
            88.46058,
            22.70206
          ],
          [
            88.4592,
            22.70073
          ],
          [
            88.45695,
            22.69862
          ],
          [
            88.45528,
            22.69705
          ],
          [
            88.45431,
            22.696
          ],
          [
            88.45341,
            22.69504
          ],
          [
            88.45264,
            22.69427
          ],
          [
            88.45191,
            22.6936
          ],
          [
            88.45171,
            22.69333
          ],
          [
            88.45161,
            22.69305
          ],
          [
            88.45161,
            22.69285
          ],
          [
            88.45164,
            22.69261
          ],
          [
            88.45174,
            22.69232
          ],
          [
            88.45177,
            22.69196
          ],
          [
            88.45167,
            22.69144
          ],
          [
            88.45156,
            22.69065
          ],
          [
            88.45158,
            22.69018
          ],
          [
            88.45171,
            22.68968
          ],
          [
            88.45197,
            22.6891
          ],
          [
            88.45234,
            22.68843
          ],
          [
            88.45255,
            22.68777
          ],
          [
            88.45275,
            22.68669
          ],
          [
            88.45306,
            22.68601
          ],
          [
            88.4534,
            22.68553
          ],
          [
            88.45387,
            22.68498
          ],
          [
            88.45432,
            22.68421
          ],
          [
            88.45445,
            22.68381
          ],
          [
            88.45445,
            22.68351
          ],
          [
            88.45425,
            22.68306
          ],
          [
            88.454,
            22.68255
          ],
          [
            88.45393,
            22.68201
          ],
          [
            88.45405,
            22.68098
          ],
          [
            88.45412,
            22.68042
          ],
          [
            88.454,
            22.68014
          ],
          [
            88.45367,
            22.67999
          ],
          [
            88.45322,
            22.67992
          ],
          [
            88.45255,
            22.67987
          ],
          [
            88.45152,
            22.67973
          ],
          [
            88.45082,
            22.67964
          ],
          [
            88.45056,
            22.67959
          ],
          [
            88.45018,
            22.67951
          ],
          [
            88.45003,
            22.67947
          ],
          [
            88.44939,
            22.67929
          ],
          [
            88.44836,
            22.67885
          ],
          [
            88.44798,
            22.67868
          ],
          [
            88.44793,
            22.67862
          ],
          [
            88.44743,
            22.67827
          ],
          [
            88.44681,
            22.67773
          ],
          [
            88.44608,
            22.67663
          ],
          [
            88.44573,
            22.67599
          ],
          [
            88.44554,
            22.67539
          ],
          [
            88.44537,
            22.67414
          ],
          [
            88.44533,
            22.67381
          ],
          [
            88.44529,
            22.67337
          ],
          [
            88.44519,
            22.67222
          ],
          [
            88.44515,
            22.67164
          ],
          [
            88.44493,
            22.66906
          ],
          [
            88.44462,
            22.66685
          ],
          [
            88.44456,
            22.66624
          ],
          [
            88.44445,
            22.66565
          ],
          [
            88.4443,
            22.66517
          ],
          [
            88.44407,
            22.66464
          ],
          [
            88.44359,
            22.66374
          ],
          [
            88.4429,
            22.66241
          ],
          [
            88.44259,
            22.66201
          ],
          [
            88.44228,
            22.66144
          ],
          [
            88.44197,
            22.66063
          ],
          [
            88.4413,
            22.6588
          ],
          [
            88.4404,
            22.65644
          ],
          [
            88.44018,
            22.65589
          ],
          [
            88.43991,
            22.65508
          ],
          [
            88.43956,
            22.65421
          ],
          [
            88.43926,
            22.65362
          ],
          [
            88.43898,
            22.65324
          ],
          [
            88.43879,
            22.65286
          ],
          [
            88.43799,
            22.65146
          ],
          [
            88.4378,
            22.65086
          ],
          [
            88.43775,
            22.65061
          ],
          [
            88.43764,
            22.65015
          ],
          [
            88.43762,
            22.64978
          ],
          [
            88.43757,
            22.64947
          ],
          [
            88.43753,
            22.64901
          ],
          [
            88.43734,
            22.64738
          ]
        ]
      },
      "properties": {
        "segment_id": "kol-yellow-seg-02",
        "line_id": "kol-yellow",
        "line_name": "Yellow Line Extension (Jai Hind - Barasat)",
        "city_id": "kolkata",
        "city": "Kolkata",
        "operator": "Metro Railway, Kolkata",
        "status": "planned",
        "phase": "4",
        "length_km": 10.7,
        "gauge": "broad",
        "inaugurated_on": null,
        "expected_completion": null,
        "stations_count": 1,
        "color": "#FFD100",
        "source": "osm",
        "references": [
          "https://mtp.indianrailways.gov.in"
        ],
        "completion_unconfirmed": true,
        "last_verified": null,
        "retrieved_at": "2026-10-07",
        "geometry_quality": "exact"
      }
    },
    {
      "type": "Feature",
      "geometry": {
        "type": "LineString",
        "coordinates": [
          [
            88.39896,
            22.47041
          ],
          [
            88.39845,
            22.47075
          ],
          [
            88.39816,
            22.47098
          ],
          [
            88.39733,
            22.47167
          ],
          [
            88.3957,
            22.47313
          ],
          [
            88.39508,
            22.47368
          ],
          [
            88.39431,
            22.47434
          ],
          [
            88.39403,
            22.47453
          ],
          [
            88.39379,
            22.47466
          ],
          [
            88.39344,
            22.47485
          ],
          [
            88.39314,
            22.47502
          ],
          [
            88.39278,
            22.47526
          ],
          [
            88.39256,
            22.47543
          ],
          [
            88.39228,
            22.47567
          ],
          [
            88.39189,
            22.47603
          ],
          [
            88.39068,
            22.47712
          ],
          [
            88.39058,
            22.47722
          ],
          [
            88.3905,
            22.47732
          ],
          [
            88.39042,
            22.47742
          ],
          [
            88.39034,
            22.47753
          ],
          [
            88.39028,
            22.47764
          ],
          [
            88.39021,
            22.47775
          ],
          [
            88.39011,
            22.47799
          ],
          [
            88.39007,
            22.47811
          ],
          [
            88.39002,
            22.47824
          ],
          [
            88.38999,
            22.47837
          ],
          [
            88.38996,
            22.47856
          ],
          [
            88.38993,
            22.47872
          ],
          [
            88.38992,
            22.47885
          ],
          [
            88.38992,
            22.47899
          ],
          [
            88.38993,
            22.47912
          ],
          [
            88.38994,
            22.47928
          ],
          [
            88.38995,
            22.47941
          ],
          [
            88.38998,
            22.47955
          ],
          [
            88.39001,
            22.47967
          ],
          [
            88.39005,
            22.4798
          ],
          [
            88.39029,
            22.48031
          ],
          [
            88.39094,
            22.48145
          ],
          [
            88.39151,
            22.48267
          ],
          [
            88.39262,
            22.48469
          ],
          [
            88.39308,
            22.48559
          ],
          [
            88.3947,
            22.48871
          ],
          [
            88.3966,
            22.49225
          ],
          [
            88.3976,
            22.49408
          ],
          [
            88.39842,
            22.49564
          ],
          [
            88.39874,
            22.49633
          ],
          [
            88.39896,
            22.49697
          ],
          [
            88.39947,
            22.49834
          ],
          [
            88.39986,
            22.49974
          ],
          [
            88.40024,
            22.50132
          ],
          [
            88.40063,
            22.50352
          ],
          [
            88.40097,
            22.5053
          ],
          [
            88.40114,
            22.50628
          ],
          [
            88.40121,
            22.50682
          ],
          [
            88.40145,
            22.50846
          ],
          [
            88.40158,
            22.50936
          ],
          [
            88.40165,
            22.50979
          ],
          [
            88.40174,
            22.51039
          ],
          [
            88.40181,
            22.51122
          ],
          [
            88.40183,
            22.51138
          ],
          [
            88.40181,
            22.51193
          ],
          [
            88.40181,
            22.51236
          ],
          [
            88.40181,
            22.51245
          ],
          [
            88.40174,
            22.51334
          ],
          [
            88.40165,
            22.51379
          ],
          [
            88.4014,
            22.51485
          ],
          [
            88.40111,
            22.51591
          ],
          [
            88.40058,
            22.51719
          ],
          [
            88.39984,
            22.51858
          ],
          [
            88.39872,
            22.52048
          ],
          [
            88.39708,
            22.52323
          ],
          [
            88.39621,
            22.52467
          ],
          [
            88.39568,
            22.52556
          ],
          [
            88.39529,
            22.52626
          ],
          [
            88.39522,
            22.52642
          ],
          [
            88.39515,
            22.52659
          ],
          [
            88.3951,
            22.52676
          ],
          [
            88.39505,
            22.52693
          ],
          [
            88.39502,
            22.5271
          ],
          [
            88.39499,
            22.52728
          ],
          [
            88.39497,
            22.52745
          ],
          [
            88.39496,
            22.52763
          ],
          [
            88.39496,
            22.52782
          ],
          [
            88.39497,
            22.528
          ],
          [
            88.39499,
            22.52818
          ],
          [
            88.39502,
            22.52836
          ],
          [
            88.39506,
            22.52854
          ],
          [
            88.39511,
            22.52872
          ],
          [
            88.39574,
            22.53048
          ],
          [
            88.39604,
            22.53167
          ],
          [
            88.39619,
            22.53225
          ],
          [
            88.39639,
            22.533
          ],
          [
            88.39686,
            22.53471
          ],
          [
            88.39748,
            22.53724
          ],
          [
            88.39837,
            22.54067
          ],
          [
            88.39859,
            22.54136
          ],
          [
            88.39894,
            22.54266
          ],
          [
            88.39902,
            22.54295
          ],
          [
            88.39924,
            22.54381
          ],
          [
            88.39952,
            22.5449
          ],
          [
            88.39988,
            22.54639
          ],
          [
            88.40023,
            22.54722
          ],
          [
            88.40074,
            22.548
          ],
          [
            88.40102,
            22.54828
          ],
          [
            88.40124,
            22.54848
          ],
          [
            88.40277,
            22.54975
          ],
          [
            88.40397,
            22.55073
          ],
          [
            88.40454,
            22.55119
          ],
          [
            88.40468,
            22.5513
          ]
        ]
      },
      "properties": {
        "segment_id": "kol-orange-seg-01",
        "line_id": "kol-orange",
        "line_name": "Orange Line (Kavi Subhash - Beleghata)",
        "city_id": "kolkata",
        "city": "Kolkata",
        "operator": "Metro Railway, Kolkata",
        "status": "operational",
        "phase": "6",
        "length_km": 10.1,
        "gauge": "broad",
        "inaugurated_on": "2024-03-15",
        "expected_completion": null,
        "stations_count": 9,
        "color": "#FF8200",
        "source": "osm",
        "references": [
          "https://pib.gov.in/PressReleasePage.aspx?PRID=2011707",
          "https://pib.gov.in/PressReleasePage.aspx?PRID=2159869"
        ],
        "completion_unconfirmed": false,
        "last_verified": null,
        "retrieved_at": "2026-10-07",
        "geometry_quality": "exact"
      }
    },
    {
      "type": "Feature",
      "geometry": {
        "type": "LineString",
        "coordinates": [
          [
            88.40468,
            22.5513
          ],
          [
            88.4052,
            22.55169
          ],
          [
            88.40618,
            22.55231
          ],
          [
            88.40723,
            22.55267
          ],
          [
            88.408,
            22.55284
          ],
          [
            88.40817,
            22.55289
          ],
          [
            88.40834,
            22.55295
          ],
          [
            88.4085,
            22.55302
          ],
          [
            88.40866,
            22.55309
          ],
          [
            88.40882,
            22.55317
          ],
          [
            88.40898,
            22.55326
          ],
          [
            88.40913,
            22.55335
          ],
          [
            88.40927,
            22.55345
          ],
          [
            88.40941,
            22.55355
          ],
          [
            88.40954,
            22.55367
          ],
          [
            88.40968,
            22.55379
          ],
          [
            88.4098,
            22.55392
          ],
          [
            88.40993,
            22.55406
          ],
          [
            88.41004,
            22.5542
          ],
          [
            88.41014,
            22.55435
          ],
          [
            88.41024,
            22.5545
          ],
          [
            88.41033,
            22.55465
          ],
          [
            88.41041,
            22.55481
          ],
          [
            88.41049,
            22.55497
          ],
          [
            88.41055,
            22.55514
          ],
          [
            88.4106,
            22.55531
          ],
          [
            88.41065,
            22.55548
          ],
          [
            88.41069,
            22.55565
          ],
          [
            88.41119,
            22.55724
          ],
          [
            88.41125,
            22.55754
          ],
          [
            88.4113,
            22.55775
          ],
          [
            88.41135,
            22.55785
          ],
          [
            88.41144,
            22.55802
          ],
          [
            88.41165,
            22.55821
          ],
          [
            88.41194,
            22.55831
          ],
          [
            88.41244,
            22.55846
          ],
          [
            88.41269,
            22.55856
          ],
          [
            88.413,
            22.55879
          ],
          [
            88.41347,
            22.55937
          ],
          [
            88.41384,
            22.55987
          ],
          [
            88.41435,
            22.56056
          ],
          [
            88.41477,
            22.56132
          ],
          [
            88.41509,
            22.56197
          ],
          [
            88.41585,
            22.56338
          ],
          [
            88.41701,
            22.56559
          ],
          [
            88.41813,
            22.56769
          ],
          [
            88.41892,
            22.56919
          ],
          [
            88.4196,
            22.57049
          ],
          [
            88.42072,
            22.57265
          ],
          [
            88.42175,
            22.57471
          ],
          [
            88.42281,
            22.57656
          ],
          [
            88.42314,
            22.57694
          ],
          [
            88.42361,
            22.57733
          ],
          [
            88.42451,
            22.57785
          ],
          [
            88.42535,
            22.57835
          ],
          [
            88.42727,
            22.57948
          ],
          [
            88.42976,
            22.58095
          ],
          [
            88.43162,
            22.58212
          ],
          [
            88.4322,
            22.5824
          ],
          [
            88.43256,
            22.5825
          ],
          [
            88.43282,
            22.58254
          ],
          [
            88.43301,
            22.58255
          ],
          [
            88.43322,
            22.58253
          ],
          [
            88.43338,
            22.5825
          ],
          [
            88.43377,
            22.58239
          ],
          [
            88.43425,
            22.5822
          ],
          [
            88.43485,
            22.58196
          ],
          [
            88.43614,
            22.5814
          ],
          [
            88.43739,
            22.58085
          ],
          [
            88.43781,
            22.58063
          ],
          [
            88.43816,
            22.58037
          ],
          [
            88.43854,
            22.58025
          ],
          [
            88.43908,
            22.58016
          ],
          [
            88.43973,
            22.58007
          ],
          [
            88.44088,
            22.58006
          ],
          [
            88.44223,
            22.58007
          ],
          [
            88.44268,
            22.58015
          ],
          [
            88.4433,
            22.58043
          ],
          [
            88.44391,
            22.5807
          ],
          [
            88.44429,
            22.58078
          ],
          [
            88.44452,
            22.58079
          ],
          [
            88.44547,
            22.58089
          ],
          [
            88.44681,
            22.581
          ],
          [
            88.44859,
            22.58114
          ],
          [
            88.45102,
            22.58138
          ],
          [
            88.45263,
            22.58159
          ],
          [
            88.45352,
            22.5816
          ],
          [
            88.45451,
            22.58154
          ],
          [
            88.45581,
            22.58132
          ],
          [
            88.45861,
            22.58082
          ],
          [
            88.46119,
            22.5804
          ],
          [
            88.46456,
            22.5798
          ],
          [
            88.46737,
            22.57928
          ],
          [
            88.46916,
            22.57901
          ],
          [
            88.46959,
            22.57899
          ],
          [
            88.46976,
            22.57899
          ],
          [
            88.46993,
            22.579
          ],
          [
            88.4701,
            22.57902
          ],
          [
            88.47026,
            22.57905
          ],
          [
            88.47043,
            22.57909
          ],
          [
            88.47059,
            22.57914
          ],
          [
            88.47075,
            22.57919
          ],
          [
            88.47091,
            22.57925
          ],
          [
            88.47106,
            22.57932
          ],
          [
            88.4712,
            22.5794
          ],
          [
            88.47135,
            22.57949
          ],
          [
            88.47148,
            22.57958
          ],
          [
            88.47161,
            22.57968
          ],
          [
            88.47174,
            22.57979
          ],
          [
            88.47185,
            22.5799
          ],
          [
            88.47196,
            22.58002
          ],
          [
            88.47207,
            22.58014
          ],
          [
            88.47216,
            22.58027
          ],
          [
            88.47225,
            22.5804
          ],
          [
            88.47232,
            22.58054
          ],
          [
            88.4724,
            22.58068
          ],
          [
            88.47246,
            22.58083
          ],
          [
            88.47285,
            22.58185
          ],
          [
            88.47349,
            22.58367
          ],
          [
            88.47401,
            22.58496
          ],
          [
            88.47452,
            22.58625
          ],
          [
            88.47465,
            22.5866
          ],
          [
            88.47485,
            22.58707
          ],
          [
            88.47503,
            22.58761
          ],
          [
            88.47511,
            22.58794
          ],
          [
            88.47516,
            22.58827
          ],
          [
            88.47516,
            22.5885
          ],
          [
            88.47516,
            22.58872
          ],
          [
            88.47516,
            22.58891
          ],
          [
            88.47512,
            22.58916
          ],
          [
            88.47509,
            22.58932
          ],
          [
            88.47505,
            22.58953
          ],
          [
            88.47492,
            22.58993
          ],
          [
            88.47464,
            22.59072
          ],
          [
            88.4743,
            22.59167
          ],
          [
            88.47395,
            22.59272
          ],
          [
            88.47322,
            22.59479
          ],
          [
            88.47306,
            22.59523
          ],
          [
            88.47282,
            22.59585
          ],
          [
            88.47238,
            22.59712
          ],
          [
            88.47217,
            22.59771
          ],
          [
            88.47187,
            22.59858
          ],
          [
            88.47156,
            22.59948
          ],
          [
            88.47134,
            22.60014
          ],
          [
            88.47088,
            22.60144
          ],
          [
            88.47042,
            22.6027
          ],
          [
            88.46973,
            22.60451
          ],
          [
            88.4695,
            22.60515
          ],
          [
            88.4693,
            22.60587
          ],
          [
            88.46894,
            22.60691
          ],
          [
            88.46874,
            22.60743
          ],
          [
            88.46842,
            22.60799
          ],
          [
            88.46834,
            22.60814
          ],
          [
            88.46825,
            22.6083
          ],
          [
            88.46817,
            22.60847
          ],
          [
            88.46804,
            22.60876
          ],
          [
            88.46786,
            22.60923
          ],
          [
            88.46774,
            22.60955
          ],
          [
            88.4675,
            22.61027
          ],
          [
            88.46712,
            22.61126
          ],
          [
            88.46697,
            22.61178
          ],
          [
            88.46682,
            22.61223
          ],
          [
            88.46654,
            22.613
          ],
          [
            88.46628,
            22.61374
          ],
          [
            88.46608,
            22.61432
          ],
          [
            88.46588,
            22.61489
          ],
          [
            88.46571,
            22.61538
          ],
          [
            88.46551,
            22.61593
          ],
          [
            88.46535,
            22.61635
          ],
          [
            88.4652,
            22.61679
          ],
          [
            88.46502,
            22.61732
          ],
          [
            88.46492,
            22.61762
          ],
          [
            88.46488,
            22.61774
          ],
          [
            88.46479,
            22.61794
          ],
          [
            88.46471,
            22.6181
          ],
          [
            88.46463,
            22.61822
          ],
          [
            88.46458,
            22.6183
          ],
          [
            88.4645,
            22.61842
          ],
          [
            88.46439,
            22.61854
          ],
          [
            88.46427,
            22.61867
          ],
          [
            88.46421,
            22.61873
          ],
          [
            88.46408,
            22.61885
          ],
          [
            88.46392,
            22.61898
          ],
          [
            88.46379,
            22.61906
          ],
          [
            88.46367,
            22.61913
          ],
          [
            88.46354,
            22.6192
          ],
          [
            88.46344,
            22.61925
          ],
          [
            88.46321,
            22.61935
          ],
          [
            88.46306,
            22.61941
          ],
          [
            88.46293,
            22.61945
          ],
          [
            88.46257,
            22.61951
          ],
          [
            88.46194,
            22.61963
          ],
          [
            88.46114,
            22.61977
          ],
          [
            88.45963,
            22.62003
          ],
          [
            88.45574,
            22.62065
          ],
          [
            88.45173,
            22.6213
          ],
          [
            88.45003,
            22.62163
          ],
          [
            88.4481,
            22.62204
          ],
          [
            88.44754,
            22.62213
          ],
          [
            88.44655,
            22.62227
          ],
          [
            88.44529,
            22.62241
          ],
          [
            88.44475,
            22.62249
          ],
          [
            88.44409,
            22.62261
          ],
          [
            88.44282,
            22.62288
          ],
          [
            88.44205,
            22.62307
          ],
          [
            88.44161,
            22.62325
          ],
          [
            88.44111,
            22.62354
          ],
          [
            88.44068,
            22.6238
          ],
          [
            88.44029,
            22.62402
          ],
          [
            88.43991,
            22.62423
          ],
          [
            88.43946,
            22.62445
          ],
          [
            88.43906,
            22.62464
          ],
          [
            88.43834,
            22.62493
          ],
          [
            88.43785,
            22.62512
          ],
          [
            88.43742,
            22.62526
          ],
          [
            88.43556,
            22.62589
          ],
          [
            88.4341,
            22.62632
          ],
          [
            88.4338,
            22.62644
          ],
          [
            88.43353,
            22.62668
          ],
          [
            88.43347,
            22.62689
          ],
          [
            88.43351,
            22.62722
          ],
          [
            88.43395,
            22.62941
          ],
          [
            88.43425,
            22.63057
          ],
          [
            88.43434,
            22.63102
          ],
          [
            88.43459,
            22.63212
          ],
          [
            88.4347,
            22.63287
          ],
          [
            88.43472,
            22.63337
          ],
          [
            88.43463,
            22.63412
          ],
          [
            88.43444,
            22.63493
          ],
          [
            88.43416,
            22.63607
          ],
          [
            88.43411,
            22.63636
          ],
          [
            88.43391,
            22.63742
          ],
          [
            88.43365,
            22.63856
          ],
          [
            88.43349,
            22.63913
          ],
          [
            88.43327,
            22.63969
          ],
          [
            88.43315,
            22.64
          ],
          [
            88.4331,
            22.64018
          ],
          [
            88.43305,
            22.64055
          ],
          [
            88.43311,
            22.64089
          ],
          [
            88.43327,
            22.64122
          ],
          [
            88.43363,
            22.64159
          ],
          [
            88.43403,
            22.64189
          ],
          [
            88.4351,
            22.64258
          ],
          [
            88.4362,
            22.64324
          ],
          [
            88.43655,
            22.64346
          ],
          [
            88.43687,
            22.64374
          ],
          [
            88.43705,
            22.64397
          ],
          [
            88.43718,
            22.64428
          ],
          [
            88.43721,
            22.6444
          ],
          [
            88.43724,
            22.64451
          ],
          [
            88.43733,
            22.64527
          ],
          [
            88.43748,
            22.64667
          ],
          [
            88.43755,
            22.64726
          ],
          [
            88.43763,
            22.64805
          ]
        ]
      },
      "properties": {
        "segment_id": "kol-orange-seg-02",
        "line_id": "kol-orange",
        "line_name": "Orange Line Extension (Beleghata - Jai Hind Airport)",
        "city_id": "kolkata",
        "city": "Kolkata",
        "operator": "Metro Railway, Kolkata",
        "status": "construction",
        "phase": "6",
        "length_km": 19.4,
        "gauge": "broad",
        "inaugurated_on": null,
        "expected_completion": "2027",
        "stations_count": 2,
        "color": "#FF8200",
        "source": "osm",
        "references": [
          "https://mtp.indianrailways.gov.in"
        ],
        "completion_unconfirmed": false,
        "last_verified": null,
        "retrieved_at": "2026-10-07",
        "geometry_quality": "exact"
      }
    },
    {
      "type": "Feature",
      "geometry": {
        "type": "LineString",
        "coordinates": [
          [
            80.30868,
            13.18293
          ],
          [
            80.30904,
            13.18395
          ],
          [
            80.30918,
            13.18435
          ],
          [
            80.30868,
            13.18293
          ],
          [
            80.30861,
            13.18268
          ],
          [
            80.30857,
            13.18257
          ],
          [
            80.30853,
            13.18246
          ],
          [
            80.3085,
            13.18238
          ],
          [
            80.30849,
            13.18236
          ],
          [
            80.30845,
            13.18227
          ],
          [
            80.3084,
            13.18219
          ],
          [
            80.30833,
            13.18207
          ],
          [
            80.30822,
            13.1819
          ],
          [
            80.30817,
            13.1818
          ],
          [
            80.30813,
            13.18173
          ],
          [
            80.30802,
            13.18149
          ],
          [
            80.30795,
            13.18131
          ],
          [
            80.30789,
            13.18116
          ],
          [
            80.30772,
            13.18054
          ],
          [
            80.30769,
            13.18043
          ],
          [
            80.30753,
            13.17987
          ],
          [
            80.30737,
            13.17929
          ],
          [
            80.30603,
            13.17449
          ],
          [
            80.30541,
            13.17227
          ],
          [
            80.30529,
            13.1718
          ],
          [
            80.30488,
            13.17013
          ],
          [
            80.30419,
            13.16755
          ],
          [
            80.30358,
            13.16515
          ],
          [
            80.30353,
            13.16483
          ],
          [
            80.30351,
            13.16448
          ],
          [
            80.30349,
            13.16395
          ],
          [
            80.30342,
            13.16317
          ],
          [
            80.30336,
            13.1628
          ],
          [
            80.30324,
            13.16244
          ],
          [
            80.30279,
            13.16136
          ],
          [
            80.30261,
            13.1608
          ],
          [
            80.30243,
            13.16007
          ],
          [
            80.30213,
            13.15887
          ],
          [
            80.302,
            13.1585
          ],
          [
            80.3017,
            13.15767
          ],
          [
            80.30162,
            13.15738
          ],
          [
            80.30123,
            13.15594
          ],
          [
            80.30107,
            13.15552
          ],
          [
            80.30065,
            13.15433
          ],
          [
            80.30054,
            13.15386
          ],
          [
            80.30038,
            13.15302
          ],
          [
            80.30027,
            13.1527
          ],
          [
            80.29941,
            13.15066
          ],
          [
            80.29776,
            13.14665
          ],
          [
            80.29748,
            13.14598
          ],
          [
            80.29679,
            13.14422
          ],
          [
            80.29634,
            13.14313
          ],
          [
            80.29446,
            13.13831
          ],
          [
            80.29302,
            13.13451
          ],
          [
            80.29223,
            13.13235
          ],
          [
            80.29166,
            13.13077
          ],
          [
            80.29101,
            13.12909
          ],
          [
            80.29068,
            13.12827
          ],
          [
            80.29013,
            13.12719
          ],
          [
            80.28888,
            13.12452
          ],
          [
            80.28496,
            13.11617
          ],
          [
            80.28476,
            13.11576
          ],
          [
            80.28296,
            13.11212
          ],
          [
            80.28176,
            13.10981
          ],
          [
            80.28167,
            13.10965
          ],
          [
            80.28159,
            13.1095
          ],
          [
            80.28153,
            13.10936
          ],
          [
            80.28136,
            13.109
          ],
          [
            80.28131,
            13.10889
          ],
          [
            80.28128,
            13.10881
          ],
          [
            80.28126,
            13.10875
          ],
          [
            80.28124,
            13.1087
          ],
          [
            80.28102,
            13.10796
          ],
          [
            80.28078,
            13.10717
          ],
          [
            80.28066,
            13.10675
          ],
          [
            80.28051,
            13.10621
          ],
          [
            80.28044,
            13.10598
          ],
          [
            80.2803,
            13.10516
          ],
          [
            80.28028,
            13.10443
          ],
          [
            80.28044,
            13.10362
          ],
          [
            80.28086,
            13.10299
          ],
          [
            80.28151,
            13.1025
          ],
          [
            80.28264,
            13.10205
          ],
          [
            80.28341,
            13.10182
          ],
          [
            80.28586,
            13.10109
          ],
          [
            80.28655,
            13.10056
          ],
          [
            80.28671,
            13.09998
          ],
          [
            80.28644,
            13.09741
          ],
          [
            80.28616,
            13.09536
          ],
          [
            80.28605,
            13.09466
          ],
          [
            80.286,
            13.09419
          ],
          [
            80.28591,
            13.0929
          ],
          [
            80.2858,
            13.09129
          ],
          [
            80.2856,
            13.09024
          ],
          [
            80.28539,
            13.08885
          ],
          [
            80.28506,
            13.08758
          ],
          [
            80.28499,
            13.08721
          ],
          [
            80.28475,
            13.08591
          ],
          [
            80.28399,
            13.0843
          ],
          [
            80.28341,
            13.08343
          ],
          [
            80.28289,
            13.08288
          ],
          [
            80.28234,
            13.08252
          ],
          [
            80.2813,
            13.08228
          ],
          [
            80.27967,
            13.08216
          ],
          [
            80.27794,
            13.08201
          ],
          [
            80.2773,
            13.08199
          ],
          [
            80.27573,
            13.08201
          ],
          [
            80.27535,
            13.08193
          ],
          [
            80.27476,
            13.08182
          ],
          [
            80.27392,
            13.08169
          ],
          [
            80.27277,
            13.08146
          ],
          [
            80.27144,
            13.08078
          ],
          [
            80.27105,
            13.08026
          ],
          [
            80.27077,
            13.07949
          ],
          [
            80.27063,
            13.07871
          ],
          [
            80.27067,
            13.078
          ],
          [
            80.27109,
            13.07707
          ],
          [
            80.27379,
            13.07295
          ],
          [
            80.27426,
            13.07183
          ],
          [
            80.27415,
            13.07089
          ],
          [
            80.27379,
            13.07039
          ],
          [
            80.27321,
            13.06972
          ],
          [
            80.27311,
            13.06962
          ],
          [
            80.27202,
            13.0685
          ],
          [
            80.27107,
            13.06789
          ],
          [
            80.2704,
            13.06714
          ],
          [
            80.27008,
            13.0669
          ],
          [
            80.26976,
            13.06666
          ],
          [
            80.26933,
            13.06644
          ],
          [
            80.2684,
            13.0663
          ],
          [
            80.26772,
            13.06583
          ],
          [
            80.26586,
            13.06435
          ],
          [
            80.26339,
            13.06237
          ],
          [
            80.26218,
            13.06134
          ],
          [
            80.26112,
            13.06048
          ],
          [
            80.25933,
            13.05905
          ],
          [
            80.25877,
            13.05858
          ],
          [
            80.25782,
            13.05779
          ],
          [
            80.25684,
            13.05675
          ],
          [
            80.25657,
            13.05646
          ],
          [
            80.25581,
            13.05585
          ],
          [
            80.25314,
            13.05386
          ],
          [
            80.25195,
            13.05294
          ],
          [
            80.25093,
            13.05216
          ],
          [
            80.25059,
            13.05185
          ],
          [
            80.25027,
            13.05129
          ],
          [
            80.24998,
            13.05008
          ],
          [
            80.24968,
            13.04856
          ],
          [
            80.24956,
            13.04832
          ],
          [
            80.24877,
            13.04742
          ],
          [
            80.24854,
            13.04695
          ],
          [
            80.2483,
            13.04586
          ],
          [
            80.24664,
            13.03748
          ],
          [
            80.24645,
            13.03681
          ],
          [
            80.24639,
            13.03649
          ],
          [
            80.24635,
            13.03617
          ],
          [
            80.24618,
            13.03553
          ],
          [
            80.24601,
            13.03512
          ],
          [
            80.24586,
            13.03491
          ],
          [
            80.24346,
            13.03304
          ],
          [
            80.24227,
            13.03222
          ],
          [
            80.24198,
            13.03207
          ],
          [
            80.24119,
            13.03168
          ],
          [
            80.24058,
            13.03138
          ],
          [
            80.23926,
            13.03072
          ],
          [
            80.2374,
            13.02967
          ],
          [
            80.2361,
            13.02848
          ],
          [
            80.23547,
            13.02794
          ],
          [
            80.23449,
            13.02741
          ],
          [
            80.23335,
            13.02671
          ],
          [
            80.23293,
            13.02648
          ],
          [
            80.23248,
            13.02631
          ],
          [
            80.23079,
            13.02579
          ],
          [
            80.2303,
            13.02555
          ],
          [
            80.22923,
            13.02476
          ],
          [
            80.22871,
            13.02444
          ],
          [
            80.22809,
            13.02394
          ],
          [
            80.22799,
            13.02386
          ],
          [
            80.22781,
            13.02369
          ],
          [
            80.22743,
            13.02327
          ],
          [
            80.22698,
            13.02267
          ],
          [
            80.22626,
            13.02186
          ],
          [
            80.22578,
            13.02118
          ],
          [
            80.22551,
            13.02068
          ],
          [
            80.22539,
            13.02041
          ],
          [
            80.22532,
            13.02023
          ],
          [
            80.22525,
            13.02007
          ],
          [
            80.2252,
            13.01998
          ],
          [
            80.22517,
            13.0199
          ],
          [
            80.22515,
            13.01984
          ],
          [
            80.2251,
            13.01966
          ],
          [
            80.22507,
            13.01952
          ],
          [
            80.22505,
            13.01943
          ],
          [
            80.22503,
            13.01927
          ],
          [
            80.22502,
            13.01916
          ],
          [
            80.22502,
            13.01897
          ],
          [
            80.22502,
            13.0189
          ],
          [
            80.22504,
            13.01855
          ],
          [
            80.22506,
            13.01842
          ],
          [
            80.22508,
            13.01828
          ],
          [
            80.22511,
            13.01808
          ],
          [
            80.22515,
            13.01797
          ],
          [
            80.22545,
            13.01716
          ],
          [
            80.22551,
            13.01701
          ],
          [
            80.22555,
            13.01688
          ],
          [
            80.22559,
            13.01669
          ],
          [
            80.22561,
            13.01654
          ],
          [
            80.2256,
            13.01641
          ],
          [
            80.22557,
            13.01621
          ],
          [
            80.22554,
            13.01604
          ],
          [
            80.22549,
            13.0159
          ],
          [
            80.22542,
            13.01576
          ],
          [
            80.22533,
            13.01561
          ],
          [
            80.22524,
            13.0155
          ],
          [
            80.22506,
            13.01532
          ],
          [
            80.22489,
            13.01518
          ],
          [
            80.22475,
            13.01507
          ],
          [
            80.2244,
            13.01481
          ],
          [
            80.22417,
            13.01462
          ],
          [
            80.22337,
            13.01398
          ],
          [
            80.22302,
            13.0137
          ],
          [
            80.22292,
            13.01362
          ],
          [
            80.22248,
            13.01326
          ],
          [
            80.22197,
            13.01283
          ],
          [
            80.22162,
            13.01255
          ],
          [
            80.22135,
            13.01235
          ],
          [
            80.22122,
            13.01228
          ],
          [
            80.22105,
            13.0122
          ],
          [
            80.22079,
            13.01211
          ],
          [
            80.22043,
            13.01199
          ],
          [
            80.22026,
            13.01193
          ],
          [
            80.21995,
            13.01184
          ],
          [
            80.21951,
            13.0117
          ],
          [
            80.21905,
            13.01155
          ],
          [
            80.21859,
            13.01141
          ],
          [
            80.21806,
            13.01121
          ],
          [
            80.21781,
            13.01113
          ],
          [
            80.21764,
            13.01106
          ],
          [
            80.21749,
            13.01098
          ],
          [
            80.21735,
            13.0109
          ],
          [
            80.21725,
            13.01083
          ],
          [
            80.21713,
            13.01075
          ],
          [
            80.21696,
            13.01062
          ],
          [
            80.21662,
            13.01038
          ],
          [
            80.21627,
            13.01014
          ],
          [
            80.21605,
            13.01001
          ],
          [
            80.21586,
            13.00993
          ],
          [
            80.21573,
            13.00987
          ],
          [
            80.21562,
            13.00983
          ],
          [
            80.21549,
            13.00979
          ],
          [
            80.21534,
            13.00975
          ],
          [
            80.21515,
            13.0097
          ],
          [
            80.21459,
            13.00957
          ],
          [
            80.21394,
            13.00942
          ],
          [
            80.21309,
            13.00923
          ],
          [
            80.21255,
            13.0091
          ],
          [
            80.21227,
            13.00905
          ],
          [
            80.2121,
            13.009
          ],
          [
            80.21186,
            13.00894
          ],
          [
            80.21158,
            13.00886
          ],
          [
            80.21127,
            13.00876
          ],
          [
            80.21072,
            13.00855
          ],
          [
            80.21046,
            13.00846
          ],
          [
            80.20999,
            13.0083
          ],
          [
            80.20978,
            13.00823
          ],
          [
            80.20947,
            13.00815
          ],
          [
            80.20917,
            13.00808
          ],
          [
            80.20895,
            13.00803
          ],
          [
            80.2087,
            13.00801
          ],
          [
            80.20812,
            13.00793
          ],
          [
            80.20767,
            13.00791
          ],
          [
            80.20702,
            13.00781
          ],
          [
            80.20659,
            13.00775
          ],
          [
            80.20638,
            13.00771
          ],
          [
            80.20622,
            13.00769
          ],
          [
            80.20602,
            13.00764
          ],
          [
            80.20588,
            13.00761
          ],
          [
            80.20568,
            13.00755
          ],
          [
            80.20553,
            13.00751
          ],
          [
            80.20537,
            13.00746
          ],
          [
            80.20523,
            13.00741
          ],
          [
            80.20513,
            13.00737
          ],
          [
            80.20502,
            13.00733
          ],
          [
            80.20484,
            13.00726
          ],
          [
            80.20462,
            13.00715
          ],
          [
            80.20442,
            13.00706
          ],
          [
            80.20423,
            13.00696
          ],
          [
            80.20408,
            13.00687
          ],
          [
            80.20385,
            13.00673
          ],
          [
            80.20372,
            13.00665
          ],
          [
            80.20359,
            13.00656
          ],
          [
            80.20342,
            13.00644
          ],
          [
            80.2033,
            13.00634
          ],
          [
            80.20316,
            13.00623
          ],
          [
            80.20299,
            13.00611
          ],
          [
            80.20283,
            13.00598
          ],
          [
            80.20271,
            13.00589
          ],
          [
            80.20261,
            13.00583
          ],
          [
            80.20252,
            13.00576
          ],
          [
            80.20244,
            13.00569
          ],
          [
            80.20234,
            13.0056
          ],
          [
            80.20221,
            13.00541
          ],
          [
            80.20211,
            13.00528
          ],
          [
            80.20199,
            13.00511
          ],
          [
            80.20186,
            13.00488
          ],
          [
            80.20156,
            13.00421
          ],
          [
            80.20147,
            13.00401
          ],
          [
            80.20116,
            13.0034
          ],
          [
            80.2009,
            13.00281
          ],
          [
            80.20078,
            13.00258
          ],
          [
            80.2007,
            13.00236
          ],
          [
            80.20061,
            13.00223
          ],
          [
            80.20039,
            13.00201
          ],
          [
            80.20021,
            13.00188
          ],
          [
            80.20005,
            13.0018
          ],
          [
            80.19991,
            13.00175
          ],
          [
            80.19978,
            13.00172
          ],
          [
            80.19961,
            13.00169
          ],
          [
            80.19951,
            13.00169
          ],
          [
            80.19943,
            13.00169
          ],
          [
            80.19929,
            13.0017
          ],
          [
            80.1985,
            13.00183
          ],
          [
            80.19811,
            13.00189
          ],
          [
            80.19774,
            13.00196
          ],
          [
            80.1974,
            13.00201
          ],
          [
            80.19723,
            13.00202
          ],
          [
            80.19714,
            13.00202
          ],
          [
            80.19699,
            13.00199
          ],
          [
            80.19684,
            13.00196
          ],
          [
            80.19668,
            13.00189
          ],
          [
            80.19654,
            13.00182
          ],
          [
            80.19642,
            13.00175
          ],
          [
            80.19618,
            13.00156
          ],
          [
            80.19575,
            13.00121
          ],
          [
            80.19544,
            13.00097
          ],
          [
            80.19457,
            13.0003
          ],
          [
            80.194,
            12.99985
          ],
          [
            80.1936,
            12.99953
          ],
          [
            80.19271,
            12.99881
          ],
          [
            80.19206,
            12.99831
          ],
          [
            80.19175,
            12.99807
          ],
          [
            80.19158,
            12.99796
          ],
          [
            80.19143,
            12.99788
          ],
          [
            80.19095,
            12.99762
          ],
          [
            80.19072,
            12.99749
          ],
          [
            80.19058,
            12.9974
          ],
          [
            80.19042,
            12.99728
          ],
          [
            80.19028,
            12.99716
          ],
          [
            80.19016,
            12.99706
          ],
          [
            80.18977,
            12.99669
          ],
          [
            80.18945,
            12.99641
          ],
          [
            80.18927,
            12.99626
          ],
          [
            80.18913,
            12.99615
          ],
          [
            80.18896,
            12.99602
          ],
          [
            80.18874,
            12.99589
          ],
          [
            80.18843,
            12.99572
          ],
          [
            80.18793,
            12.99547
          ],
          [
            80.18756,
            12.99529
          ],
          [
            80.18712,
            12.99507
          ],
          [
            80.1868,
            12.9949
          ],
          [
            80.18645,
            12.9947
          ],
          [
            80.18599,
            12.99445
          ],
          [
            80.18557,
            12.99423
          ],
          [
            80.18517,
            12.99401
          ],
          [
            80.18447,
            12.99362
          ],
          [
            80.18354,
            12.99311
          ],
          [
            80.18317,
            12.9929
          ],
          [
            80.18286,
            12.9927
          ],
          [
            80.18268,
            12.99258
          ],
          [
            80.18226,
            12.9923
          ],
          [
            80.18214,
            12.99221
          ],
          [
            80.18179,
            12.99194
          ],
          [
            80.18144,
            12.99167
          ],
          [
            80.1812,
            12.9915
          ],
          [
            80.18094,
            12.99129
          ],
          [
            80.18063,
            12.99106
          ],
          [
            80.18032,
            12.99081
          ],
          [
            80.17993,
            12.99051
          ],
          [
            80.17971,
            12.99034
          ],
          [
            80.17925,
            12.98997
          ],
          [
            80.17903,
            12.9898
          ],
          [
            80.17888,
            12.98967
          ],
          [
            80.17868,
            12.98949
          ],
          [
            80.17858,
            12.98939
          ],
          [
            80.17852,
            12.98933
          ],
          [
            80.17827,
            12.98907
          ],
          [
            80.17811,
            12.9889
          ],
          [
            80.17799,
            12.98878
          ],
          [
            80.17785,
            12.98865
          ],
          [
            80.17771,
            12.98853
          ],
          [
            80.17743,
            12.98833
          ],
          [
            80.17713,
            12.98812
          ],
          [
            80.1766,
            12.98773
          ],
          [
            80.17647,
            12.98764
          ],
          [
            80.17628,
            12.98751
          ],
          [
            80.17599,
            12.98731
          ],
          [
            80.17574,
            12.98714
          ],
          [
            80.17545,
            12.98694
          ],
          [
            80.17506,
            12.98666
          ],
          [
            80.17477,
            12.98646
          ],
          [
            80.17437,
            12.98619
          ],
          [
            80.17414,
            12.98603
          ],
          [
            80.17404,
            12.98596
          ],
          [
            80.17386,
            12.98585
          ],
          [
            80.17381,
            12.98581
          ],
          [
            80.17352,
            12.98562
          ],
          [
            80.17306,
            12.98531
          ],
          [
            80.17297,
            12.98525
          ],
          [
            80.17284,
            12.98517
          ],
          [
            80.17277,
            12.98513
          ],
          [
            80.17259,
            12.98503
          ],
          [
            80.17226,
            12.98487
          ],
          [
            80.17208,
            12.98478
          ],
          [
            80.17167,
            12.98459
          ],
          [
            80.17113,
            12.98433
          ],
          [
            80.17104,
            12.98428
          ],
          [
            80.1708,
            12.98414
          ],
          [
            80.17035,
            12.98386
          ],
          [
            80.17,
            12.98366
          ],
          [
            80.16989,
            12.98358
          ],
          [
            80.16972,
            12.98348
          ],
          [
            80.16927,
            12.9832
          ],
          [
            80.16902,
            12.98305
          ],
          [
            80.16858,
            12.98276
          ],
          [
            80.16812,
            12.98248
          ],
          [
            80.16761,
            12.98217
          ],
          [
            80.16753,
            12.98212
          ],
          [
            80.16742,
            12.98205
          ],
          [
            80.16724,
            12.98196
          ],
          [
            80.16716,
            12.98191
          ],
          [
            80.16689,
            12.98179
          ],
          [
            80.16686,
            12.98177
          ],
          [
            80.16667,
            12.9817
          ],
          [
            80.16656,
            12.98165
          ],
          [
            80.16616,
            12.98151
          ],
          [
            80.16579,
            12.98137
          ],
          [
            80.16559,
            12.9813
          ],
          [
            80.16552,
            12.98127
          ],
          [
            80.16532,
            12.98119
          ],
          [
            80.16504,
            12.9811
          ],
          [
            80.16488,
            12.98103
          ],
          [
            80.16476,
            12.98099
          ],
          [
            80.16451,
            12.9809
          ],
          [
            80.16418,
            12.98077
          ]
        ]
      },
      "properties": {
        "segment_id": "che-blue-seg-01",
        "line_id": "che-blue",
        "line_name": "Blue Line (Wimco Nagar Depot - Chennai Airport)",
        "city_id": "chennai",
        "city": "Chennai",
        "operator": "CMRL",
        "status": "operational",
        "phase": "1",
        "length_km": 31.6,
        "gauge": "standard",
        "inaugurated_on": "2016-09-21",
        "expected_completion": null,
        "stations_count": 26,
        "color": "#0072CE",
        "source": "osm",
        "references": [
          "https://chennaimetrorail.org",
          "https://pib.gov.in/PressReleasePage.aspx?PRID=1696235"
        ],
        "completion_unconfirmed": false,
        "last_verified": null,
        "retrieved_at": "2026-10-07",
        "geometry_quality": "exact"
      }
    },
    {
      "type": "Feature",
      "geometry": {
        "type": "LineString",
        "coordinates": [
          [
            80.2516,
            13.07879
          ],
          [
            80.25186,
            13.0788
          ],
          [
            80.25225,
            13.0788
          ],
          [
            80.25297,
            13.07877
          ],
          [
            80.25404,
            13.07885
          ],
          [
            80.25513,
            13.07897
          ],
          [
            80.25575,
            13.07904
          ],
          [
            80.25638,
            13.0791
          ],
          [
            80.25665,
            13.07913
          ],
          [
            80.25688,
            13.07915
          ],
          [
            80.25696,
            13.07916
          ],
          [
            80.25705,
            13.07916
          ],
          [
            80.25742,
            13.0792
          ],
          [
            80.25883,
            13.07936
          ],
          [
            80.25949,
            13.07943
          ],
          [
            80.26033,
            13.07952
          ],
          [
            80.26093,
            13.07967
          ],
          [
            80.26132,
            13.0798
          ],
          [
            80.26143,
            13.07983
          ],
          [
            80.26189,
            13.08002
          ],
          [
            80.26306,
            13.08027
          ],
          [
            80.26396,
            13.08046
          ],
          [
            80.26472,
            13.08061
          ],
          [
            80.26529,
            13.08072
          ],
          [
            80.26725,
            13.0807
          ],
          [
            80.26864,
            13.08072
          ],
          [
            80.27062,
            13.08078
          ],
          [
            80.27084,
            13.08083
          ],
          [
            80.27093,
            13.08087
          ],
          [
            80.27101,
            13.0809
          ],
          [
            80.27135,
            13.08104
          ],
          [
            80.27192,
            13.08122
          ],
          [
            80.27196,
            13.08124
          ],
          [
            80.27277,
            13.08155
          ],
          [
            80.27391,
            13.08174
          ],
          [
            80.27475,
            13.0819
          ],
          [
            80.2516,
            13.07879
          ],
          [
            80.25136,
            13.07879
          ],
          [
            80.25081,
            13.07877
          ],
          [
            80.25047,
            13.07877
          ],
          [
            80.25015,
            13.07876
          ],
          [
            80.2499,
            13.07872
          ],
          [
            80.24878,
            13.07849
          ],
          [
            80.24721,
            13.07817
          ],
          [
            80.24704,
            13.07813
          ],
          [
            80.24624,
            13.07798
          ],
          [
            80.24442,
            13.07783
          ],
          [
            80.24298,
            13.07767
          ],
          [
            80.24262,
            13.07763
          ],
          [
            80.24209,
            13.07754
          ],
          [
            80.24184,
            13.07751
          ],
          [
            80.24088,
            13.07729
          ],
          [
            80.24058,
            13.07722
          ],
          [
            80.24004,
            13.07709
          ],
          [
            80.23802,
            13.07662
          ],
          [
            80.23676,
            13.07635
          ],
          [
            80.23548,
            13.07612
          ],
          [
            80.23487,
            13.07599
          ],
          [
            80.23378,
            13.07578
          ],
          [
            80.23344,
            13.07568
          ],
          [
            80.23287,
            13.07554
          ],
          [
            80.23159,
            13.07517
          ],
          [
            80.23087,
            13.07516
          ],
          [
            80.23058,
            13.07518
          ],
          [
            80.2292,
            13.07528
          ],
          [
            80.22751,
            13.0754
          ],
          [
            80.22659,
            13.07548
          ],
          [
            80.22603,
            13.07553
          ],
          [
            80.2255,
            13.07577
          ],
          [
            80.22518,
            13.07608
          ],
          [
            80.22501,
            13.07633
          ],
          [
            80.22491,
            13.07669
          ],
          [
            80.2249,
            13.07733
          ],
          [
            80.22512,
            13.07992
          ],
          [
            80.22518,
            13.08063
          ],
          [
            80.22518,
            13.08102
          ],
          [
            80.22508,
            13.0813
          ],
          [
            80.22445,
            13.08244
          ],
          [
            80.22323,
            13.08356
          ],
          [
            80.22211,
            13.08407
          ],
          [
            80.22129,
            13.08438
          ],
          [
            80.22073,
            13.08451
          ],
          [
            80.21861,
            13.08459
          ],
          [
            80.21823,
            13.08459
          ],
          [
            80.21802,
            13.08459
          ],
          [
            80.21772,
            13.08461
          ],
          [
            80.21399,
            13.08474
          ],
          [
            80.21168,
            13.08483
          ],
          [
            80.21058,
            13.08487
          ],
          [
            80.2101,
            13.08493
          ],
          [
            80.20982,
            13.08493
          ],
          [
            80.20918,
            13.08496
          ],
          [
            80.20889,
            13.08497
          ],
          [
            80.20841,
            13.08499
          ],
          [
            80.20726,
            13.08503
          ],
          [
            80.20651,
            13.08507
          ],
          [
            80.20646,
            13.08507
          ],
          [
            80.20443,
            13.08513
          ],
          [
            80.20405,
            13.08515
          ],
          [
            80.203,
            13.08519
          ],
          [
            80.20291,
            13.0852
          ],
          [
            80.20159,
            13.08524
          ],
          [
            80.20119,
            13.08525
          ],
          [
            80.20066,
            13.08528
          ],
          [
            80.19956,
            13.08533
          ],
          [
            80.19915,
            13.08523
          ],
          [
            80.19894,
            13.08513
          ],
          [
            80.19876,
            13.08503
          ],
          [
            80.19859,
            13.08483
          ],
          [
            80.19839,
            13.08455
          ],
          [
            80.19834,
            13.08429
          ],
          [
            80.19838,
            13.08208
          ],
          [
            80.19837,
            13.08123
          ],
          [
            80.19839,
            13.08037
          ],
          [
            80.1985,
            13.07983
          ],
          [
            80.19854,
            13.0796
          ],
          [
            80.19855,
            13.07943
          ],
          [
            80.19855,
            13.07924
          ],
          [
            80.19854,
            13.07913
          ],
          [
            80.1985,
            13.07901
          ],
          [
            80.19846,
            13.0789
          ],
          [
            80.19839,
            13.07875
          ],
          [
            80.19834,
            13.07865
          ],
          [
            80.19824,
            13.07853
          ],
          [
            80.19818,
            13.07845
          ],
          [
            80.1981,
            13.07837
          ],
          [
            80.19802,
            13.07831
          ],
          [
            80.19793,
            13.07824
          ],
          [
            80.19785,
            13.07818
          ],
          [
            80.19775,
            13.07813
          ],
          [
            80.19765,
            13.07808
          ],
          [
            80.19753,
            13.07804
          ],
          [
            80.19742,
            13.07801
          ],
          [
            80.19733,
            13.07799
          ],
          [
            80.19723,
            13.07798
          ],
          [
            80.19709,
            13.07798
          ],
          [
            80.19686,
            13.07798
          ],
          [
            80.1965,
            13.07798
          ],
          [
            80.19627,
            13.07798
          ],
          [
            80.19615,
            13.07797
          ],
          [
            80.196,
            13.07794
          ],
          [
            80.19587,
            13.07789
          ],
          [
            80.19576,
            13.07785
          ],
          [
            80.19564,
            13.07779
          ],
          [
            80.19555,
            13.07773
          ],
          [
            80.19545,
            13.07765
          ],
          [
            80.19534,
            13.07755
          ],
          [
            80.19526,
            13.07746
          ],
          [
            80.19519,
            13.07736
          ],
          [
            80.19513,
            13.07725
          ],
          [
            80.19508,
            13.07715
          ],
          [
            80.19503,
            13.07701
          ],
          [
            80.195,
            13.07692
          ],
          [
            80.19497,
            13.07674
          ],
          [
            80.19496,
            13.07654
          ],
          [
            80.19496,
            13.07622
          ],
          [
            80.19496,
            13.0761
          ],
          [
            80.19495,
            13.07533
          ],
          [
            80.19493,
            13.07498
          ],
          [
            80.19492,
            13.07452
          ],
          [
            80.1949,
            13.07409
          ],
          [
            80.19489,
            13.07344
          ],
          [
            80.19487,
            13.07278
          ],
          [
            80.19486,
            13.07249
          ],
          [
            80.19486,
            13.07197
          ],
          [
            80.19486,
            13.07141
          ],
          [
            80.19485,
            13.07105
          ],
          [
            80.19485,
            13.0707
          ],
          [
            80.19487,
            13.07054
          ],
          [
            80.19491,
            13.0704
          ],
          [
            80.19493,
            13.07031
          ],
          [
            80.19499,
            13.07018
          ],
          [
            80.19505,
            13.07007
          ],
          [
            80.1951,
            13.06999
          ],
          [
            80.19519,
            13.06987
          ],
          [
            80.1953,
            13.06977
          ],
          [
            80.19541,
            13.06967
          ],
          [
            80.19551,
            13.06959
          ],
          [
            80.19564,
            13.06952
          ],
          [
            80.19577,
            13.06946
          ],
          [
            80.19591,
            13.06942
          ],
          [
            80.19602,
            13.06939
          ],
          [
            80.19615,
            13.06937
          ],
          [
            80.19639,
            13.06935
          ],
          [
            80.19672,
            13.06937
          ],
          [
            80.19749,
            13.06938
          ],
          [
            80.1976,
            13.06938
          ],
          [
            80.19847,
            13.06939
          ],
          [
            80.19956,
            13.06942
          ],
          [
            80.19995,
            13.06942
          ],
          [
            80.20023,
            13.06941
          ],
          [
            80.20042,
            13.06939
          ],
          [
            80.20064,
            13.06934
          ],
          [
            80.20096,
            13.06924
          ],
          [
            80.20127,
            13.06911
          ],
          [
            80.20158,
            13.06898
          ],
          [
            80.20197,
            13.06885
          ],
          [
            80.20226,
            13.06879
          ],
          [
            80.20326,
            13.06865
          ],
          [
            80.20394,
            13.06856
          ],
          [
            80.20462,
            13.06846
          ],
          [
            80.20504,
            13.06841
          ],
          [
            80.20543,
            13.06838
          ],
          [
            80.20574,
            13.06836
          ],
          [
            80.20613,
            13.06835
          ],
          [
            80.2066,
            13.06836
          ],
          [
            80.20681,
            13.06836
          ],
          [
            80.20695,
            13.06835
          ],
          [
            80.2071,
            13.06833
          ],
          [
            80.20721,
            13.06832
          ],
          [
            80.20731,
            13.06829
          ],
          [
            80.20745,
            13.06825
          ],
          [
            80.20764,
            13.06817
          ],
          [
            80.20785,
            13.06806
          ],
          [
            80.20825,
            13.0678
          ],
          [
            80.20898,
            13.06734
          ],
          [
            80.20924,
            13.06717
          ],
          [
            80.20949,
            13.067
          ],
          [
            80.20965,
            13.06687
          ],
          [
            80.20975,
            13.06679
          ],
          [
            80.20988,
            13.06665
          ],
          [
            80.2102,
            13.0663
          ],
          [
            80.2105,
            13.06593
          ],
          [
            80.2107,
            13.06569
          ],
          [
            80.21112,
            13.06514
          ],
          [
            80.21127,
            13.06492
          ],
          [
            80.21153,
            13.06436
          ],
          [
            80.21162,
            13.06386
          ],
          [
            80.21165,
            13.06359
          ],
          [
            80.21171,
            13.06265
          ],
          [
            80.21171,
            13.06235
          ],
          [
            80.21169,
            13.06192
          ],
          [
            80.21168,
            13.06166
          ],
          [
            80.21166,
            13.0614
          ],
          [
            80.21164,
            13.06111
          ],
          [
            80.21161,
            13.06035
          ],
          [
            80.21159,
            13.05977
          ],
          [
            80.21157,
            13.05941
          ],
          [
            80.21157,
            13.05911
          ],
          [
            80.21155,
            13.05887
          ],
          [
            80.21154,
            13.05868
          ],
          [
            80.21152,
            13.05794
          ],
          [
            80.21152,
            13.05736
          ],
          [
            80.2115,
            13.05688
          ],
          [
            80.21148,
            13.05611
          ],
          [
            80.21147,
            13.05537
          ],
          [
            80.21146,
            13.05477
          ],
          [
            80.21147,
            13.05456
          ],
          [
            80.21148,
            13.05449
          ],
          [
            80.2115,
            13.0544
          ],
          [
            80.21153,
            13.05424
          ],
          [
            80.21157,
            13.05406
          ],
          [
            80.21174,
            13.0534
          ],
          [
            80.21178,
            13.05326
          ],
          [
            80.21199,
            13.05246
          ],
          [
            80.21207,
            13.05211
          ],
          [
            80.21211,
            13.05195
          ],
          [
            80.21212,
            13.0518
          ],
          [
            80.21213,
            13.05167
          ],
          [
            80.21212,
            13.05152
          ],
          [
            80.21211,
            13.05128
          ],
          [
            80.21209,
            13.05093
          ],
          [
            80.21205,
            13.05013
          ],
          [
            80.21203,
            13.04978
          ],
          [
            80.21204,
            13.04949
          ],
          [
            80.21208,
            13.04894
          ],
          [
            80.21212,
            13.04851
          ],
          [
            80.21216,
            13.04804
          ],
          [
            80.21224,
            13.04718
          ],
          [
            80.21226,
            13.04691
          ],
          [
            80.21227,
            13.04641
          ],
          [
            80.21228,
            13.04588
          ],
          [
            80.21232,
            13.04461
          ],
          [
            80.21233,
            13.04414
          ],
          [
            80.21234,
            13.04369
          ],
          [
            80.21234,
            13.04309
          ],
          [
            80.21233,
            13.04261
          ],
          [
            80.21233,
            13.04214
          ],
          [
            80.21233,
            13.0416
          ],
          [
            80.21233,
            13.04111
          ],
          [
            80.21233,
            13.04059
          ],
          [
            80.21234,
            13.04008
          ],
          [
            80.21235,
            13.03989
          ],
          [
            80.21235,
            13.03962
          ],
          [
            80.21236,
            13.03937
          ],
          [
            80.21238,
            13.0391
          ],
          [
            80.21239,
            13.0388
          ],
          [
            80.2124,
            13.03861
          ],
          [
            80.21241,
            13.0384
          ],
          [
            80.21242,
            13.03813
          ],
          [
            80.21242,
            13.03803
          ],
          [
            80.21243,
            13.03782
          ],
          [
            80.21246,
            13.03746
          ],
          [
            80.21248,
            13.03727
          ],
          [
            80.21248,
            13.03711
          ],
          [
            80.21247,
            13.03689
          ],
          [
            80.21246,
            13.03679
          ],
          [
            80.21242,
            13.03668
          ],
          [
            80.21238,
            13.03655
          ],
          [
            80.21233,
            13.03646
          ],
          [
            80.21229,
            13.03636
          ],
          [
            80.21221,
            13.03624
          ],
          [
            80.21214,
            13.03616
          ],
          [
            80.21205,
            13.03607
          ],
          [
            80.21198,
            13.036
          ],
          [
            80.21188,
            13.03593
          ],
          [
            80.21179,
            13.03587
          ],
          [
            80.21163,
            13.03577
          ],
          [
            80.21121,
            13.03551
          ],
          [
            80.2105,
            13.03509
          ],
          [
            80.21038,
            13.03503
          ],
          [
            80.21024,
            13.03494
          ],
          [
            80.21013,
            13.03486
          ],
          [
            80.21005,
            13.03479
          ],
          [
            80.20995,
            13.03468
          ],
          [
            80.20985,
            13.03455
          ],
          [
            80.20978,
            13.0344
          ],
          [
            80.20973,
            13.03427
          ],
          [
            80.2097,
            13.03416
          ],
          [
            80.20968,
            13.03406
          ],
          [
            80.20966,
            13.03394
          ],
          [
            80.20966,
            13.03383
          ],
          [
            80.20968,
            13.03355
          ],
          [
            80.20969,
            13.03332
          ],
          [
            80.2097,
            13.03312
          ],
          [
            80.20971,
            13.03296
          ],
          [
            80.20971,
            13.0328
          ],
          [
            80.2097,
            13.03264
          ],
          [
            80.20969,
            13.03249
          ],
          [
            80.20967,
            13.03237
          ],
          [
            80.20965,
            13.03226
          ],
          [
            80.20963,
            13.03214
          ],
          [
            80.2096,
            13.03201
          ],
          [
            80.20949,
            13.03165
          ],
          [
            80.2094,
            13.03134
          ],
          [
            80.20934,
            13.03114
          ],
          [
            80.20925,
            13.03082
          ],
          [
            80.20912,
            13.0304
          ],
          [
            80.20902,
            13.03007
          ],
          [
            80.20889,
            13.02965
          ],
          [
            80.20878,
            13.02927
          ],
          [
            80.20867,
            13.02892
          ],
          [
            80.20863,
            13.0288
          ],
          [
            80.20855,
            13.02861
          ],
          [
            80.2085,
            13.0285
          ],
          [
            80.20842,
            13.02837
          ],
          [
            80.20835,
            13.02827
          ],
          [
            80.20818,
            13.02805
          ],
          [
            80.20786,
            13.02763
          ],
          [
            80.20771,
            13.02743
          ],
          [
            80.20756,
            13.02722
          ],
          [
            80.20734,
            13.02682
          ],
          [
            80.20725,
            13.02665
          ],
          [
            80.20719,
            13.02647
          ],
          [
            80.20713,
            13.02629
          ],
          [
            80.20704,
            13.02599
          ],
          [
            80.20699,
            13.02577
          ],
          [
            80.20697,
            13.02567
          ],
          [
            80.20696,
            13.02557
          ],
          [
            80.20694,
            13.0254
          ],
          [
            80.20692,
            13.02522
          ],
          [
            80.2069,
            13.02496
          ],
          [
            80.20688,
            13.02473
          ],
          [
            80.20686,
            13.02461
          ],
          [
            80.20684,
            13.02447
          ],
          [
            80.20682,
            13.02434
          ],
          [
            80.20678,
            13.02415
          ],
          [
            80.20673,
            13.02397
          ],
          [
            80.2067,
            13.0238
          ],
          [
            80.20663,
            13.0235
          ],
          [
            80.20658,
            13.02326
          ],
          [
            80.2065,
            13.02285
          ],
          [
            80.20646,
            13.02259
          ],
          [
            80.20643,
            13.02239
          ],
          [
            80.20642,
            13.02226
          ],
          [
            80.2064,
            13.02215
          ],
          [
            80.20639,
            13.02198
          ],
          [
            80.20639,
            13.02185
          ],
          [
            80.20638,
            13.02135
          ],
          [
            80.20638,
            13.02084
          ],
          [
            80.20636,
            13.0203
          ],
          [
            80.20635,
            13.01998
          ],
          [
            80.20635,
            13.01985
          ],
          [
            80.20634,
            13.01965
          ],
          [
            80.20632,
            13.01948
          ],
          [
            80.20629,
            13.01934
          ],
          [
            80.20626,
            13.01921
          ],
          [
            80.20623,
            13.01907
          ],
          [
            80.20616,
            13.01888
          ],
          [
            80.20606,
            13.01862
          ],
          [
            80.20595,
            13.01829
          ],
          [
            80.20588,
            13.01811
          ],
          [
            80.20579,
            13.01785
          ],
          [
            80.20564,
            13.01745
          ],
          [
            80.20552,
            13.01714
          ],
          [
            80.20545,
            13.01695
          ],
          [
            80.20509,
            13.01592
          ],
          [
            80.205,
            13.01564
          ],
          [
            80.20485,
            13.01531
          ],
          [
            80.20473,
            13.01508
          ],
          [
            80.20449,
            13.01441
          ],
          [
            80.20434,
            13.01402
          ],
          [
            80.2042,
            13.01365
          ],
          [
            80.2041,
            13.01335
          ],
          [
            80.20397,
            13.01299
          ],
          [
            80.2039,
            13.0128
          ],
          [
            80.20376,
            13.01244
          ],
          [
            80.20364,
            13.01213
          ],
          [
            80.20358,
            13.01191
          ],
          [
            80.20342,
            13.01156
          ],
          [
            80.20331,
            13.0112
          ],
          [
            80.20324,
            13.01091
          ],
          [
            80.2032,
            13.01066
          ],
          [
            80.20319,
            13.01042
          ],
          [
            80.20318,
            13.01019
          ],
          [
            80.20317,
            13.00991
          ],
          [
            80.20317,
            13.00966
          ],
          [
            80.20319,
            13.00928
          ],
          [
            80.2032,
            13.00889
          ],
          [
            80.20322,
            13.00853
          ],
          [
            80.20322,
            13.0084
          ],
          [
            80.2032,
            13.00824
          ],
          [
            80.20317,
            13.00805
          ],
          [
            80.20312,
            13.00781
          ],
          [
            80.20308,
            13.00767
          ],
          [
            80.20305,
            13.00757
          ],
          [
            80.20297,
            13.00737
          ],
          [
            80.20289,
            13.00723
          ],
          [
            80.20273,
            13.00689
          ],
          [
            80.20255,
            13.0065
          ],
          [
            80.2023,
            13.00595
          ],
          [
            80.20233,
            13.00588
          ],
          [
            80.20224,
            13.00568
          ],
          [
            80.20215,
            13.00549
          ],
          [
            80.20206,
            13.00531
          ],
          [
            80.20197,
            13.00511
          ],
          [
            80.20186,
            13.00487
          ],
          [
            80.20155,
            13.00422
          ],
          [
            80.20116,
            13.00339
          ],
          [
            80.20095,
            13.00291
          ],
          [
            80.20083,
            13.00276
          ],
          [
            80.20074,
            13.0026
          ],
          [
            80.20065,
            13.00243
          ],
          [
            80.20051,
            13.00221
          ],
          [
            80.20042,
            13.00199
          ],
          [
            80.20037,
            13.00184
          ],
          [
            80.20033,
            13.00172
          ],
          [
            80.20032,
            13.00152
          ],
          [
            80.2003,
            13.00044
          ],
          [
            80.20029,
            13.00019
          ],
          [
            80.2003,
            12.99976
          ],
          [
            80.2003,
            12.99919
          ],
          [
            80.20032,
            12.99888
          ],
          [
            80.20036,
            12.99867
          ],
          [
            80.2004,
            12.99817
          ],
          [
            80.2004,
            12.99812
          ],
          [
            80.20055,
            12.99747
          ],
          [
            80.20059,
            12.99701
          ],
          [
            80.2006,
            12.99683
          ],
          [
            80.2006,
            12.99668
          ],
          [
            80.20059,
            12.99655
          ],
          [
            80.20056,
            12.99645
          ],
          [
            80.20052,
            12.99635
          ],
          [
            80.20046,
            12.9962
          ],
          [
            80.20039,
            12.99607
          ],
          [
            80.20028,
            12.99593
          ],
          [
            80.20017,
            12.99582
          ],
          [
            80.20007,
            12.99573
          ],
          [
            80.19992,
            12.99563
          ],
          [
            80.19979,
            12.99555
          ],
          [
            80.19966,
            12.9955
          ],
          [
            80.19926,
            12.99534
          ],
          [
            80.19873,
            12.99515
          ],
          [
            80.19838,
            12.99502
          ],
          [
            80.19837,
            12.99501
          ],
          [
            80.19817,
            12.99494
          ],
          [
            80.19807,
            12.9949
          ],
          [
            80.19682,
            12.99443
          ],
          [
            80.19658,
            12.99434
          ]
        ]
      },
      "properties": {
        "segment_id": "che-green-seg-01",
        "line_id": "che-green",
        "line_name": "Green Line (Chennai Central - St. Thomas Mount)",
        "city_id": "chennai",
        "city": "Chennai",
        "operator": "CMRL",
        "status": "operational",
        "phase": "1",
        "length_km": 24,
        "gauge": "standard",
        "inaugurated_on": "2015-06-29",
        "expected_completion": null,
        "stations_count": 17,
        "color": "#009A44",
        "source": "osm",
        "references": [
          "https://chennaimetrorail.org"
        ],
        "completion_unconfirmed": false,
        "last_verified": null,
        "retrieved_at": "2026-10-07",
        "geometry_quality": "exact"
      }
    },
    {
      "type": "Feature",
      "geometry": {
        "type": "LineString",
        "coordinates": [
          [
            80.21273,
            13.05002
          ],
          [
            80.21104,
            13.04977
          ],
          [
            80.20991,
            13.0496
          ],
          [
            80.20857,
            13.04939
          ],
          [
            80.20694,
            13.04882
          ],
          [
            80.20678,
            13.04877
          ],
          [
            80.20534,
            13.04832
          ],
          [
            80.20432,
            13.04803
          ],
          [
            80.20331,
            13.04773
          ],
          [
            80.20232,
            13.04751
          ],
          [
            80.20157,
            13.0474
          ],
          [
            80.20087,
            13.04738
          ],
          [
            80.1993,
            13.0474
          ],
          [
            80.19737,
            13.04743
          ],
          [
            80.19644,
            13.04744
          ],
          [
            80.19582,
            13.04744
          ],
          [
            80.1952,
            13.04741
          ],
          [
            80.19501,
            13.04735
          ],
          [
            80.19487,
            13.04729
          ],
          [
            80.19415,
            13.04681
          ],
          [
            80.1935,
            13.0467
          ],
          [
            80.19081,
            13.04654
          ],
          [
            80.18934,
            13.04646
          ],
          [
            80.18881,
            13.04632
          ],
          [
            80.1873,
            13.04579
          ],
          [
            80.18704,
            13.04564
          ],
          [
            80.18637,
            13.04512
          ],
          [
            80.18592,
            13.04484
          ],
          [
            80.18499,
            13.04437
          ],
          [
            80.18322,
            13.04359
          ],
          [
            80.18222,
            13.04313
          ],
          [
            80.18178,
            13.04267
          ],
          [
            80.18121,
            13.04245
          ],
          [
            80.18025,
            13.04217
          ],
          [
            80.17958,
            13.04203
          ],
          [
            80.17902,
            13.04199
          ],
          [
            80.17712,
            13.04203
          ],
          [
            80.17626,
            13.04184
          ],
          [
            80.17312,
            13.04092
          ],
          [
            80.17283,
            13.04084
          ],
          [
            80.17217,
            13.0405
          ],
          [
            80.17187,
            13.04035
          ],
          [
            80.17152,
            13.04018
          ],
          [
            80.17142,
            13.04014
          ],
          [
            80.1709,
            13.03988
          ],
          [
            80.17069,
            13.03976
          ],
          [
            80.16947,
            13.03914
          ],
          [
            80.16893,
            13.03892
          ],
          [
            80.16775,
            13.03866
          ],
          [
            80.16609,
            13.03837
          ],
          [
            80.16504,
            13.03827
          ],
          [
            80.16337,
            13.03815
          ],
          [
            80.16197,
            13.03787
          ],
          [
            80.16013,
            13.03761
          ],
          [
            80.15949,
            13.03746
          ],
          [
            80.15865,
            13.03717
          ],
          [
            80.1576,
            13.03663
          ],
          [
            80.1572,
            13.03629
          ],
          [
            80.15646,
            13.03553
          ],
          [
            80.15627,
            13.03538
          ],
          [
            80.15605,
            13.03525
          ],
          [
            80.15591,
            13.03519
          ],
          [
            80.15575,
            13.03513
          ],
          [
            80.15557,
            13.03509
          ],
          [
            80.15534,
            13.03505
          ],
          [
            80.1552,
            13.03504
          ],
          [
            80.15505,
            13.03507
          ],
          [
            80.15495,
            13.0351
          ],
          [
            80.1534,
            13.0359
          ],
          [
            80.15302,
            13.03613
          ],
          [
            80.15283,
            13.03622
          ],
          [
            80.15269,
            13.03624
          ],
          [
            80.15114,
            13.0362
          ],
          [
            80.14804,
            13.03614
          ],
          [
            80.14664,
            13.03617
          ],
          [
            80.1464,
            13.03618
          ],
          [
            80.1458,
            13.03625
          ],
          [
            80.14485,
            13.0364
          ],
          [
            80.14259,
            13.03672
          ],
          [
            80.13985,
            13.03713
          ],
          [
            80.13856,
            13.03732
          ],
          [
            80.13701,
            13.03751
          ],
          [
            80.13664,
            13.03758
          ],
          [
            80.13606,
            13.03774
          ],
          [
            80.13515,
            13.03808
          ],
          [
            80.13259,
            13.03912
          ],
          [
            80.13088,
            13.03975
          ],
          [
            80.12858,
            13.04061
          ],
          [
            80.1267,
            13.04135
          ],
          [
            80.12548,
            13.0419
          ],
          [
            80.12414,
            13.04247
          ],
          [
            80.12287,
            13.04305
          ],
          [
            80.12092,
            13.04381
          ],
          [
            80.11915,
            13.04458
          ],
          [
            80.11797,
            13.045
          ],
          [
            80.11727,
            13.04516
          ],
          [
            80.11701,
            13.04525
          ],
          [
            80.11612,
            13.04499
          ],
          [
            80.1157,
            13.04499
          ],
          [
            80.11435,
            13.04538
          ],
          [
            80.11296,
            13.04586
          ],
          [
            80.11255,
            13.04598
          ],
          [
            80.11026,
            13.04697
          ],
          [
            80.10951,
            13.04735
          ],
          [
            80.10879,
            13.04775
          ],
          [
            80.10792,
            13.04825
          ],
          [
            80.10733,
            13.04857
          ],
          [
            80.10684,
            13.04878
          ],
          [
            80.10596,
            13.0491
          ],
          [
            80.10469,
            13.04957
          ],
          [
            80.10412,
            13.0497
          ],
          [
            80.10334,
            13.04974
          ],
          [
            80.1014,
            13.04968
          ],
          [
            80.10076,
            13.04974
          ],
          [
            80.09922,
            13.05034
          ],
          [
            80.09591,
            13.05086
          ],
          [
            80.09476,
            13.05091
          ],
          [
            80.09395,
            13.0508
          ],
          [
            80.09239,
            13.05021
          ],
          [
            80.09198,
            13.05014
          ],
          [
            80.09144,
            13.05005
          ],
          [
            80.08988,
            13.0498
          ],
          [
            80.0883,
            13.04942
          ],
          [
            80.08626,
            13.04919
          ],
          [
            80.08532,
            13.0491
          ],
          [
            80.08451,
            13.04889
          ],
          [
            80.08383,
            13.04867
          ],
          [
            80.08101,
            13.0477
          ]
        ]
      },
      "properties": {
        "segment_id": "che-corridor-4-seg-01",
        "line_id": "che-corridor-4",
        "line_name": "Corridor 4 (Poonamallee Bypass - Light House)",
        "city_id": "chennai",
        "city": "Chennai",
        "operator": "CMRL",
        "status": "construction",
        "phase": "2",
        "length_km": 15,
        "gauge": "standard",
        "inaugurated_on": null,
        "expected_completion": "2026",
        "stations_count": 1,
        "color": "#FFD100",
        "source": "osm",
        "references": [
          "https://chennaimetrorail.org",
          "https://pib.gov.in/PressReleasePage.aspx?PRID=2061557"
        ],
        "completion_unconfirmed": false,
        "last_verified": null,
        "retrieved_at": "2026-10-07",
        "geometry_quality": "exact"
      }
    },
    {
      "type": "Feature",
      "geometry": {
        "type": "LineString",
        "coordinates": [
          [
            78.37369,
            17.49655
          ],
          [
            78.37302,
            17.49656
          ],
          [
            78.37369,
            17.49655
          ],
          [
            78.37394,
            17.49655
          ],
          [
            78.37407,
            17.49655
          ],
          [
            78.3742,
            17.49657
          ],
          [
            78.37431,
            17.49659
          ],
          [
            78.37445,
            17.49662
          ],
          [
            78.37455,
            17.49666
          ],
          [
            78.37529,
            17.49689
          ],
          [
            78.37543,
            17.49694
          ],
          [
            78.37565,
            17.497
          ],
          [
            78.37588,
            17.49705
          ],
          [
            78.37672,
            17.4972
          ],
          [
            78.3769,
            17.49724
          ],
          [
            78.37707,
            17.49728
          ],
          [
            78.37721,
            17.49732
          ],
          [
            78.37736,
            17.49738
          ],
          [
            78.37759,
            17.49747
          ],
          [
            78.37775,
            17.49755
          ],
          [
            78.37806,
            17.4977
          ],
          [
            78.3794,
            17.49836
          ],
          [
            78.37996,
            17.49863
          ],
          [
            78.38016,
            17.49873
          ],
          [
            78.3804,
            17.49884
          ],
          [
            78.38058,
            17.49891
          ],
          [
            78.38081,
            17.499
          ],
          [
            78.3814,
            17.49921
          ],
          [
            78.38171,
            17.49932
          ],
          [
            78.3819,
            17.49937
          ],
          [
            78.38218,
            17.49943
          ],
          [
            78.3824,
            17.49946
          ],
          [
            78.38261,
            17.49947
          ],
          [
            78.38279,
            17.49947
          ],
          [
            78.38298,
            17.49947
          ],
          [
            78.38321,
            17.49944
          ],
          [
            78.38422,
            17.4993
          ],
          [
            78.3858,
            17.49908
          ],
          [
            78.387,
            17.49892
          ],
          [
            78.38821,
            17.49876
          ],
          [
            78.38887,
            17.49867
          ],
          [
            78.38953,
            17.49859
          ],
          [
            78.39028,
            17.49849
          ],
          [
            78.39062,
            17.49844
          ],
          [
            78.39079,
            17.49841
          ],
          [
            78.391,
            17.49836
          ],
          [
            78.39119,
            17.49831
          ],
          [
            78.39138,
            17.49824
          ],
          [
            78.39153,
            17.49818
          ],
          [
            78.39174,
            17.49809
          ],
          [
            78.3919,
            17.49801
          ],
          [
            78.39211,
            17.49789
          ],
          [
            78.39319,
            17.49715
          ],
          [
            78.39332,
            17.49706
          ],
          [
            78.39347,
            17.49698
          ],
          [
            78.3936,
            17.4969
          ],
          [
            78.39377,
            17.49682
          ],
          [
            78.39393,
            17.49676
          ],
          [
            78.39407,
            17.4967
          ],
          [
            78.39423,
            17.49665
          ],
          [
            78.39649,
            17.49605
          ],
          [
            78.39684,
            17.49596
          ],
          [
            78.39718,
            17.49586
          ],
          [
            78.39742,
            17.49579
          ],
          [
            78.39766,
            17.49569
          ],
          [
            78.39784,
            17.49562
          ],
          [
            78.39864,
            17.49525
          ],
          [
            78.40115,
            17.4941
          ],
          [
            78.40178,
            17.49382
          ],
          [
            78.40237,
            17.49355
          ],
          [
            78.40412,
            17.49274
          ],
          [
            78.40632,
            17.49169
          ],
          [
            78.40659,
            17.49156
          ],
          [
            78.40671,
            17.49149
          ],
          [
            78.40684,
            17.4914
          ],
          [
            78.40696,
            17.49131
          ],
          [
            78.40708,
            17.4912
          ],
          [
            78.4072,
            17.49109
          ],
          [
            78.40749,
            17.49074
          ],
          [
            78.40851,
            17.48948
          ],
          [
            78.40932,
            17.48847
          ],
          [
            78.40946,
            17.48828
          ],
          [
            78.40954,
            17.48819
          ],
          [
            78.40962,
            17.48808
          ],
          [
            78.40973,
            17.48791
          ],
          [
            78.41002,
            17.48747
          ],
          [
            78.4108,
            17.48627
          ],
          [
            78.41104,
            17.48594
          ],
          [
            78.41123,
            17.48569
          ],
          [
            78.41158,
            17.48521
          ],
          [
            78.41178,
            17.48493
          ],
          [
            78.412,
            17.48463
          ],
          [
            78.41232,
            17.48421
          ],
          [
            78.4124,
            17.48411
          ],
          [
            78.41247,
            17.48404
          ],
          [
            78.41253,
            17.48397
          ],
          [
            78.41266,
            17.48384
          ],
          [
            78.41276,
            17.48375
          ],
          [
            78.41291,
            17.48362
          ],
          [
            78.4132,
            17.4834
          ],
          [
            78.41337,
            17.48328
          ],
          [
            78.41476,
            17.48246
          ],
          [
            78.41559,
            17.48197
          ],
          [
            78.41575,
            17.48187
          ],
          [
            78.4159,
            17.48176
          ],
          [
            78.41605,
            17.48165
          ],
          [
            78.4162,
            17.48154
          ],
          [
            78.41636,
            17.48138
          ],
          [
            78.41706,
            17.48064
          ],
          [
            78.41722,
            17.48047
          ],
          [
            78.4174,
            17.4803
          ],
          [
            78.4178,
            17.47992
          ],
          [
            78.41817,
            17.47957
          ],
          [
            78.41847,
            17.47932
          ],
          [
            78.41866,
            17.47916
          ],
          [
            78.41922,
            17.47875
          ],
          [
            78.42026,
            17.478
          ],
          [
            78.4209,
            17.47755
          ],
          [
            78.42144,
            17.47719
          ],
          [
            78.4221,
            17.47676
          ],
          [
            78.42254,
            17.47648
          ],
          [
            78.42279,
            17.47632
          ],
          [
            78.42298,
            17.47618
          ],
          [
            78.42309,
            17.4761
          ],
          [
            78.4232,
            17.47601
          ],
          [
            78.42335,
            17.47586
          ],
          [
            78.42345,
            17.47575
          ],
          [
            78.42352,
            17.47567
          ],
          [
            78.4236,
            17.47556
          ],
          [
            78.4237,
            17.47543
          ],
          [
            78.4238,
            17.47529
          ],
          [
            78.42516,
            17.47329
          ],
          [
            78.42562,
            17.47261
          ],
          [
            78.42612,
            17.47189
          ],
          [
            78.42635,
            17.47154
          ],
          [
            78.42682,
            17.47085
          ],
          [
            78.42728,
            17.47018
          ],
          [
            78.42774,
            17.46954
          ],
          [
            78.42788,
            17.46934
          ],
          [
            78.42798,
            17.46917
          ],
          [
            78.42805,
            17.46906
          ],
          [
            78.42813,
            17.46892
          ],
          [
            78.42822,
            17.46873
          ],
          [
            78.42881,
            17.46748
          ],
          [
            78.42888,
            17.4673
          ],
          [
            78.42894,
            17.46713
          ],
          [
            78.42901,
            17.46693
          ],
          [
            78.42907,
            17.46669
          ],
          [
            78.42912,
            17.46649
          ],
          [
            78.42916,
            17.46632
          ],
          [
            78.42926,
            17.46592
          ],
          [
            78.42932,
            17.46573
          ],
          [
            78.4294,
            17.46554
          ],
          [
            78.42963,
            17.46504
          ],
          [
            78.42982,
            17.46464
          ],
          [
            78.43009,
            17.46404
          ],
          [
            78.43036,
            17.46346
          ],
          [
            78.43065,
            17.46282
          ],
          [
            78.4309,
            17.46228
          ],
          [
            78.43109,
            17.46185
          ],
          [
            78.43123,
            17.46155
          ],
          [
            78.43179,
            17.46034
          ],
          [
            78.43191,
            17.46011
          ],
          [
            78.43203,
            17.45988
          ],
          [
            78.43217,
            17.45965
          ],
          [
            78.43242,
            17.45929
          ],
          [
            78.43257,
            17.45909
          ],
          [
            78.43271,
            17.45888
          ],
          [
            78.43283,
            17.4587
          ],
          [
            78.43297,
            17.45845
          ],
          [
            78.43309,
            17.45822
          ],
          [
            78.43326,
            17.45785
          ],
          [
            78.43359,
            17.45707
          ],
          [
            78.43379,
            17.45664
          ],
          [
            78.43388,
            17.45641
          ],
          [
            78.43402,
            17.45609
          ],
          [
            78.43425,
            17.45556
          ],
          [
            78.43448,
            17.45506
          ],
          [
            78.43483,
            17.45427
          ],
          [
            78.43492,
            17.45408
          ],
          [
            78.43504,
            17.45385
          ],
          [
            78.43535,
            17.45326
          ],
          [
            78.43564,
            17.45271
          ],
          [
            78.43579,
            17.45242
          ],
          [
            78.43591,
            17.45219
          ],
          [
            78.436,
            17.45202
          ],
          [
            78.43647,
            17.45106
          ],
          [
            78.4367,
            17.45063
          ],
          [
            78.43687,
            17.45033
          ],
          [
            78.43697,
            17.45013
          ],
          [
            78.43707,
            17.44993
          ],
          [
            78.43716,
            17.44974
          ],
          [
            78.43742,
            17.44911
          ],
          [
            78.43751,
            17.44894
          ],
          [
            78.43762,
            17.44872
          ],
          [
            78.43772,
            17.44855
          ],
          [
            78.43789,
            17.44826
          ],
          [
            78.43807,
            17.44794
          ],
          [
            78.43857,
            17.44702
          ],
          [
            78.43869,
            17.44678
          ],
          [
            78.439,
            17.44622
          ],
          [
            78.43923,
            17.4458
          ],
          [
            78.43965,
            17.44511
          ],
          [
            78.43976,
            17.44493
          ],
          [
            78.43988,
            17.44475
          ],
          [
            78.44,
            17.44459
          ],
          [
            78.44009,
            17.44446
          ],
          [
            78.44017,
            17.44434
          ],
          [
            78.44026,
            17.4442
          ],
          [
            78.44035,
            17.44404
          ],
          [
            78.44043,
            17.44389
          ],
          [
            78.44058,
            17.44359
          ],
          [
            78.44071,
            17.44332
          ],
          [
            78.44163,
            17.44171
          ],
          [
            78.44224,
            17.44061
          ],
          [
            78.44246,
            17.44008
          ],
          [
            78.44325,
            17.43818
          ],
          [
            78.44344,
            17.43773
          ],
          [
            78.44363,
            17.43735
          ],
          [
            78.44373,
            17.43717
          ],
          [
            78.44429,
            17.43622
          ],
          [
            78.44473,
            17.4355
          ],
          [
            78.44509,
            17.43493
          ],
          [
            78.44527,
            17.43463
          ],
          [
            78.44538,
            17.43446
          ],
          [
            78.44552,
            17.43428
          ],
          [
            78.44568,
            17.43407
          ],
          [
            78.44601,
            17.43368
          ],
          [
            78.44743,
            17.43209
          ],
          [
            78.44791,
            17.43164
          ],
          [
            78.44996,
            17.43012
          ],
          [
            78.45011,
            17.43002
          ],
          [
            78.45031,
            17.42982
          ],
          [
            78.45046,
            17.42965
          ],
          [
            78.45056,
            17.42952
          ],
          [
            78.45131,
            17.42845
          ],
          [
            78.45231,
            17.42705
          ],
          [
            78.45386,
            17.42437
          ],
          [
            78.45398,
            17.42417
          ],
          [
            78.45521,
            17.42201
          ],
          [
            78.45635,
            17.42023
          ],
          [
            78.45696,
            17.41927
          ],
          [
            78.45702,
            17.41915
          ],
          [
            78.45723,
            17.41754
          ],
          [
            78.45728,
            17.4172
          ],
          [
            78.45729,
            17.41711
          ],
          [
            78.45732,
            17.41704
          ],
          [
            78.45745,
            17.4167
          ],
          [
            78.4577,
            17.41614
          ],
          [
            78.45784,
            17.41593
          ],
          [
            78.45814,
            17.41558
          ],
          [
            78.45821,
            17.41549
          ],
          [
            78.45826,
            17.41539
          ],
          [
            78.4587,
            17.41443
          ],
          [
            78.45877,
            17.41429
          ],
          [
            78.45895,
            17.41413
          ],
          [
            78.4599,
            17.41353
          ],
          [
            78.45999,
            17.41346
          ],
          [
            78.46035,
            17.413
          ],
          [
            78.46076,
            17.41224
          ],
          [
            78.46095,
            17.41116
          ],
          [
            78.46098,
            17.41103
          ],
          [
            78.461,
            17.41036
          ],
          [
            78.46062,
            17.40931
          ],
          [
            78.46056,
            17.40871
          ],
          [
            78.46052,
            17.40832
          ],
          [
            78.46053,
            17.40801
          ],
          [
            78.46058,
            17.40755
          ],
          [
            78.46066,
            17.40727
          ],
          [
            78.46081,
            17.40705
          ],
          [
            78.46106,
            17.4069
          ],
          [
            78.46129,
            17.40684
          ],
          [
            78.46179,
            17.40671
          ],
          [
            78.4623,
            17.40659
          ],
          [
            78.46253,
            17.40651
          ],
          [
            78.46277,
            17.40635
          ],
          [
            78.46307,
            17.40607
          ],
          [
            78.4639,
            17.40518
          ],
          [
            78.46426,
            17.40479
          ],
          [
            78.46532,
            17.40364
          ],
          [
            78.4655,
            17.40344
          ],
          [
            78.46578,
            17.40319
          ],
          [
            78.46605,
            17.40299
          ],
          [
            78.46642,
            17.40284
          ],
          [
            78.46733,
            17.40275
          ],
          [
            78.46782,
            17.40267
          ],
          [
            78.46834,
            17.40241
          ],
          [
            78.46991,
            17.40139
          ],
          [
            78.47024,
            17.40111
          ],
          [
            78.4704,
            17.4009
          ],
          [
            78.47055,
            17.40048
          ],
          [
            78.47059,
            17.40014
          ],
          [
            78.47064,
            17.39975
          ],
          [
            78.47073,
            17.39912
          ],
          [
            78.4708,
            17.39856
          ],
          [
            78.47083,
            17.39837
          ],
          [
            78.47087,
            17.39806
          ],
          [
            78.47088,
            17.39799
          ],
          [
            78.47103,
            17.39702
          ],
          [
            78.4711,
            17.39637
          ],
          [
            78.47109,
            17.39601
          ],
          [
            78.471,
            17.39571
          ],
          [
            78.47079,
            17.39531
          ],
          [
            78.47058,
            17.39503
          ],
          [
            78.47049,
            17.39481
          ],
          [
            78.47043,
            17.39457
          ],
          [
            78.47038,
            17.39422
          ],
          [
            78.47031,
            17.39354
          ],
          [
            78.47025,
            17.39287
          ],
          [
            78.47016,
            17.39222
          ],
          [
            78.47013,
            17.39168
          ],
          [
            78.47011,
            17.39099
          ],
          [
            78.47013,
            17.39057
          ],
          [
            78.47015,
            17.39044
          ],
          [
            78.47019,
            17.39026
          ],
          [
            78.47032,
            17.38998
          ],
          [
            78.47061,
            17.38965
          ],
          [
            78.4711,
            17.38902
          ],
          [
            78.4718,
            17.38798
          ],
          [
            78.47248,
            17.38704
          ],
          [
            78.47334,
            17.38583
          ],
          [
            78.47375,
            17.38526
          ],
          [
            78.47409,
            17.38482
          ],
          [
            78.47454,
            17.38432
          ],
          [
            78.4749,
            17.38399
          ],
          [
            78.47514,
            17.38381
          ],
          [
            78.47537,
            17.38367
          ],
          [
            78.47576,
            17.38351
          ],
          [
            78.47618,
            17.38339
          ],
          [
            78.47688,
            17.38329
          ],
          [
            78.47772,
            17.38319
          ],
          [
            78.47888,
            17.38305
          ],
          [
            78.47973,
            17.38295
          ],
          [
            78.48008,
            17.38286
          ],
          [
            78.48037,
            17.38274
          ],
          [
            78.48104,
            17.3824
          ],
          [
            78.48162,
            17.38212
          ],
          [
            78.48235,
            17.38178
          ],
          [
            78.48298,
            17.38151
          ],
          [
            78.48337,
            17.38136
          ],
          [
            78.48358,
            17.38128
          ],
          [
            78.48378,
            17.38121
          ],
          [
            78.48396,
            17.38115
          ],
          [
            78.48417,
            17.38109
          ],
          [
            78.48465,
            17.38096
          ],
          [
            78.48508,
            17.38083
          ],
          [
            78.4852,
            17.38078
          ],
          [
            78.4853,
            17.38073
          ],
          [
            78.48544,
            17.38064
          ],
          [
            78.48557,
            17.38053
          ],
          [
            78.4857,
            17.3804
          ],
          [
            78.48621,
            17.37981
          ],
          [
            78.48663,
            17.37933
          ],
          [
            78.48671,
            17.37923
          ],
          [
            78.48679,
            17.37915
          ],
          [
            78.48687,
            17.37905
          ],
          [
            78.48698,
            17.37896
          ],
          [
            78.48709,
            17.37887
          ],
          [
            78.48722,
            17.37877
          ],
          [
            78.48745,
            17.37862
          ],
          [
            78.48763,
            17.37852
          ],
          [
            78.48875,
            17.37778
          ],
          [
            78.48893,
            17.37768
          ],
          [
            78.48908,
            17.37761
          ],
          [
            78.48927,
            17.37753
          ],
          [
            78.48946,
            17.37746
          ],
          [
            78.4896,
            17.37743
          ],
          [
            78.48977,
            17.37739
          ],
          [
            78.48995,
            17.37736
          ],
          [
            78.49013,
            17.37735
          ],
          [
            78.49034,
            17.37735
          ],
          [
            78.49052,
            17.37736
          ],
          [
            78.4906,
            17.37737
          ],
          [
            78.49081,
            17.37738
          ],
          [
            78.49123,
            17.37741
          ],
          [
            78.49144,
            17.37741
          ],
          [
            78.49169,
            17.37741
          ],
          [
            78.49194,
            17.3774
          ],
          [
            78.49324,
            17.37726
          ],
          [
            78.4939,
            17.37721
          ],
          [
            78.49457,
            17.37715
          ],
          [
            78.495,
            17.37714
          ],
          [
            78.49513,
            17.37712
          ],
          [
            78.49525,
            17.37709
          ],
          [
            78.49541,
            17.37703
          ],
          [
            78.49554,
            17.37697
          ],
          [
            78.49569,
            17.37687
          ],
          [
            78.49577,
            17.37681
          ],
          [
            78.49586,
            17.37671
          ],
          [
            78.49594,
            17.37663
          ],
          [
            78.49612,
            17.37634
          ],
          [
            78.49622,
            17.37617
          ],
          [
            78.49631,
            17.37605
          ],
          [
            78.4964,
            17.37594
          ],
          [
            78.49649,
            17.37586
          ],
          [
            78.49658,
            17.37579
          ],
          [
            78.49668,
            17.37573
          ],
          [
            78.4968,
            17.37568
          ],
          [
            78.49694,
            17.37563
          ],
          [
            78.49707,
            17.3756
          ],
          [
            78.49747,
            17.37556
          ],
          [
            78.49768,
            17.37553
          ],
          [
            78.49785,
            17.37549
          ],
          [
            78.49806,
            17.37541
          ],
          [
            78.49821,
            17.37533
          ],
          [
            78.49841,
            17.3752
          ],
          [
            78.49853,
            17.37511
          ],
          [
            78.49873,
            17.37493
          ],
          [
            78.49891,
            17.37478
          ],
          [
            78.49909,
            17.37464
          ],
          [
            78.49931,
            17.37449
          ],
          [
            78.49953,
            17.37437
          ],
          [
            78.49972,
            17.37427
          ],
          [
            78.50029,
            17.37399
          ],
          [
            78.50051,
            17.3739
          ],
          [
            78.50069,
            17.37383
          ],
          [
            78.50092,
            17.37377
          ],
          [
            78.50112,
            17.37372
          ],
          [
            78.50134,
            17.37368
          ],
          [
            78.50241,
            17.37355
          ],
          [
            78.50318,
            17.37345
          ],
          [
            78.5039,
            17.37335
          ],
          [
            78.50683,
            17.37292
          ],
          [
            78.50717,
            17.37286
          ],
          [
            78.50742,
            17.37282
          ],
          [
            78.50771,
            17.37276
          ],
          [
            78.50796,
            17.3727
          ],
          [
            78.50829,
            17.37261
          ],
          [
            78.50853,
            17.37254
          ],
          [
            78.50878,
            17.37246
          ],
          [
            78.50938,
            17.37225
          ],
          [
            78.5101,
            17.37201
          ],
          [
            78.5103,
            17.37194
          ],
          [
            78.51056,
            17.37183
          ],
          [
            78.5108,
            17.37172
          ],
          [
            78.51108,
            17.37158
          ],
          [
            78.51138,
            17.37141
          ],
          [
            78.51196,
            17.37109
          ],
          [
            78.51265,
            17.37069
          ],
          [
            78.5131,
            17.37044
          ],
          [
            78.51343,
            17.37026
          ],
          [
            78.51359,
            17.37018
          ],
          [
            78.51379,
            17.3701
          ],
          [
            78.51397,
            17.37004
          ],
          [
            78.51413,
            17.36999
          ],
          [
            78.51434,
            17.36994
          ],
          [
            78.5145,
            17.36991
          ],
          [
            78.51482,
            17.36987
          ],
          [
            78.51509,
            17.36984
          ],
          [
            78.51539,
            17.36979
          ],
          [
            78.51565,
            17.36974
          ],
          [
            78.51601,
            17.36965
          ],
          [
            78.51749,
            17.36928
          ],
          [
            78.519,
            17.36889
          ],
          [
            78.5193,
            17.36882
          ],
          [
            78.51953,
            17.36877
          ],
          [
            78.51971,
            17.36873
          ],
          [
            78.51991,
            17.36871
          ],
          [
            78.52004,
            17.3687
          ],
          [
            78.52023,
            17.36869
          ],
          [
            78.52196,
            17.36866
          ],
          [
            78.52514,
            17.36857
          ],
          [
            78.52572,
            17.36856
          ],
          [
            78.52653,
            17.36854
          ],
          [
            78.53619,
            17.36831
          ],
          [
            78.53687,
            17.36829
          ],
          [
            78.53748,
            17.36825
          ],
          [
            78.53778,
            17.36821
          ],
          [
            78.53813,
            17.36815
          ],
          [
            78.539,
            17.36791
          ],
          [
            78.53981,
            17.36759
          ],
          [
            78.54023,
            17.36737
          ],
          [
            78.54064,
            17.36714
          ],
          [
            78.54151,
            17.3665
          ],
          [
            78.5423,
            17.36568
          ],
          [
            78.54259,
            17.36528
          ],
          [
            78.54284,
            17.36495
          ],
          [
            78.54322,
            17.36426
          ],
          [
            78.5435,
            17.36356
          ],
          [
            78.54396,
            17.36186
          ],
          [
            78.54539,
            17.3563
          ],
          [
            78.54648,
            17.35208
          ],
          [
            78.54662,
            17.35176
          ],
          [
            78.54697,
            17.35107
          ],
          [
            78.54794,
            17.34985
          ]
        ]
      },
      "properties": {
        "segment_id": "hyd-red-seg-01",
        "line_id": "hyd-red",
        "line_name": "Red Line (Miyapur - LB Nagar)",
        "city_id": "hyderabad",
        "city": "Hyderabad",
        "operator": "LTMRHL",
        "status": "operational",
        "phase": "1",
        "length_km": 28.1,
        "gauge": "standard",
        "inaugurated_on": "2017-11-29",
        "expected_completion": null,
        "stations_count": 27,
        "color": "#D84A4E",
        "source": "osm",
        "references": [
          "https://hmrl.co.in",
          "https://ltmetro.com"
        ],
        "completion_unconfirmed": false,
        "last_verified": null,
        "retrieved_at": "2026-10-07",
        "geometry_quality": "exact"
      }
    },
    {
      "type": "Feature",
      "geometry": {
        "type": "LineString",
        "coordinates": [
          [
            78.55876,
            17.39024
          ],
          [
            78.55881,
            17.391
          ],
          [
            78.55885,
            17.39149
          ],
          [
            78.5592,
            17.39483
          ],
          [
            78.55925,
            17.3953
          ],
          [
            78.55932,
            17.39569
          ],
          [
            78.55994,
            17.39808
          ],
          [
            78.56008,
            17.39861
          ],
          [
            78.56015,
            17.39907
          ],
          [
            78.56016,
            17.39936
          ],
          [
            78.56021,
            17.40006
          ],
          [
            78.56023,
            17.40063
          ],
          [
            78.56023,
            17.40097
          ],
          [
            78.56017,
            17.40135
          ],
          [
            78.56015,
            17.40141
          ],
          [
            78.56006,
            17.40166
          ],
          [
            78.55989,
            17.4019
          ],
          [
            78.55976,
            17.40206
          ],
          [
            78.55963,
            17.40218
          ],
          [
            78.55946,
            17.40232
          ],
          [
            78.55928,
            17.40241
          ],
          [
            78.55909,
            17.4025
          ],
          [
            78.55852,
            17.40278
          ],
          [
            78.55829,
            17.40292
          ],
          [
            78.55816,
            17.40303
          ],
          [
            78.55791,
            17.40327
          ],
          [
            78.55423,
            17.40738
          ],
          [
            78.55327,
            17.40843
          ],
          [
            78.5531,
            17.40861
          ],
          [
            78.55263,
            17.40904
          ],
          [
            78.55153,
            17.41005
          ],
          [
            78.54941,
            17.41196
          ],
          [
            78.54715,
            17.41404
          ],
          [
            78.54677,
            17.41439
          ],
          [
            78.54632,
            17.41481
          ],
          [
            78.54321,
            17.41753
          ],
          [
            78.54195,
            17.41863
          ],
          [
            78.54156,
            17.419
          ],
          [
            78.54116,
            17.41935
          ],
          [
            78.54053,
            17.42016
          ],
          [
            78.53997,
            17.421
          ],
          [
            78.53957,
            17.42132
          ],
          [
            78.53821,
            17.42232
          ],
          [
            78.53699,
            17.42371
          ],
          [
            78.53629,
            17.42441
          ],
          [
            78.53596,
            17.42464
          ],
          [
            78.53561,
            17.4248
          ],
          [
            78.53352,
            17.42519
          ],
          [
            78.53311,
            17.42534
          ],
          [
            78.53256,
            17.42559
          ],
          [
            78.5317,
            17.42606
          ],
          [
            78.53125,
            17.42639
          ],
          [
            78.53046,
            17.42705
          ],
          [
            78.52962,
            17.42769
          ],
          [
            78.52945,
            17.42779
          ],
          [
            78.52843,
            17.42827
          ],
          [
            78.52721,
            17.42884
          ],
          [
            78.52695,
            17.42899
          ],
          [
            78.52667,
            17.42921
          ],
          [
            78.5255,
            17.43031
          ],
          [
            78.52521,
            17.43058
          ],
          [
            78.52372,
            17.43188
          ],
          [
            78.52168,
            17.43363
          ],
          [
            78.51956,
            17.4355
          ],
          [
            78.5185,
            17.43641
          ],
          [
            78.5178,
            17.43688
          ],
          [
            78.51708,
            17.43695
          ],
          [
            78.51681,
            17.43687
          ],
          [
            78.51535,
            17.43588
          ],
          [
            78.51497,
            17.4356
          ],
          [
            78.51361,
            17.43497
          ],
          [
            78.51258,
            17.43466
          ],
          [
            78.51098,
            17.43389
          ],
          [
            78.51014,
            17.4335
          ],
          [
            78.50906,
            17.43337
          ],
          [
            78.50776,
            17.43328
          ],
          [
            78.50756,
            17.43327
          ],
          [
            78.50716,
            17.43324
          ],
          [
            78.50702,
            17.43324
          ],
          [
            78.50691,
            17.43324
          ],
          [
            78.50677,
            17.43327
          ],
          [
            78.50667,
            17.4333
          ],
          [
            78.50656,
            17.43334
          ],
          [
            78.50646,
            17.43339
          ],
          [
            78.50636,
            17.43345
          ],
          [
            78.50627,
            17.43351
          ],
          [
            78.50617,
            17.43361
          ],
          [
            78.5061,
            17.43369
          ],
          [
            78.50604,
            17.43376
          ],
          [
            78.506,
            17.43382
          ],
          [
            78.50595,
            17.43391
          ],
          [
            78.50582,
            17.43432
          ],
          [
            78.50572,
            17.43467
          ],
          [
            78.50564,
            17.43502
          ],
          [
            78.50543,
            17.43571
          ],
          [
            78.50525,
            17.43636
          ],
          [
            78.50512,
            17.43678
          ],
          [
            78.50501,
            17.43703
          ],
          [
            78.50479,
            17.43751
          ],
          [
            78.50473,
            17.43772
          ],
          [
            78.50471,
            17.43791
          ],
          [
            78.50472,
            17.43809
          ],
          [
            78.50475,
            17.43829
          ],
          [
            78.50539,
            17.44064
          ],
          [
            78.50547,
            17.44102
          ],
          [
            78.50548,
            17.44123
          ],
          [
            78.50545,
            17.44141
          ],
          [
            78.50541,
            17.4416
          ],
          [
            78.50536,
            17.44173
          ],
          [
            78.50529,
            17.44189
          ],
          [
            78.50514,
            17.44208
          ],
          [
            78.50494,
            17.44224
          ],
          [
            78.5047,
            17.44241
          ],
          [
            78.50442,
            17.44257
          ],
          [
            78.50418,
            17.44266
          ],
          [
            78.50399,
            17.44271
          ],
          [
            78.50375,
            17.44275
          ],
          [
            78.50352,
            17.44276
          ],
          [
            78.50206,
            17.44278
          ],
          [
            78.50171,
            17.4428
          ],
          [
            78.50138,
            17.44283
          ],
          [
            78.50071,
            17.44297
          ],
          [
            78.50047,
            17.44301
          ],
          [
            78.50019,
            17.44304
          ],
          [
            78.49747,
            17.44317
          ],
          [
            78.49543,
            17.44325
          ],
          [
            78.49057,
            17.44335
          ],
          [
            78.48624,
            17.44344
          ],
          [
            78.48554,
            17.44345
          ],
          [
            78.48521,
            17.44347
          ],
          [
            78.4837,
            17.44354
          ],
          [
            78.48342,
            17.44353
          ],
          [
            78.48273,
            17.44343
          ],
          [
            78.48248,
            17.44342
          ],
          [
            78.48063,
            17.44345
          ],
          [
            78.4795,
            17.44345
          ],
          [
            78.47915,
            17.44346
          ],
          [
            78.47641,
            17.44359
          ],
          [
            78.47571,
            17.44363
          ],
          [
            78.47292,
            17.44422
          ],
          [
            78.47085,
            17.44424
          ],
          [
            78.46754,
            17.44474
          ],
          [
            78.46713,
            17.44472
          ],
          [
            78.46675,
            17.44473
          ],
          [
            78.46644,
            17.44477
          ],
          [
            78.46587,
            17.44487
          ],
          [
            78.4646,
            17.44507
          ],
          [
            78.46414,
            17.44505
          ],
          [
            78.4634,
            17.44489
          ],
          [
            78.46283,
            17.44474
          ],
          [
            78.46189,
            17.44444
          ],
          [
            78.46098,
            17.44405
          ],
          [
            78.45825,
            17.44195
          ],
          [
            78.45811,
            17.44163
          ],
          [
            78.45775,
            17.44012
          ],
          [
            78.45735,
            17.43846
          ],
          [
            78.45719,
            17.43805
          ],
          [
            78.45696,
            17.43756
          ],
          [
            78.45641,
            17.43647
          ],
          [
            78.45627,
            17.43623
          ],
          [
            78.45613,
            17.43598
          ],
          [
            78.45606,
            17.43586
          ],
          [
            78.45597,
            17.43576
          ],
          [
            78.45589,
            17.43569
          ],
          [
            78.45577,
            17.4356
          ],
          [
            78.45562,
            17.43551
          ],
          [
            78.45547,
            17.43545
          ],
          [
            78.45529,
            17.4354
          ],
          [
            78.45512,
            17.43539
          ],
          [
            78.45493,
            17.43539
          ],
          [
            78.45477,
            17.43542
          ],
          [
            78.4546,
            17.43547
          ],
          [
            78.45347,
            17.4359
          ],
          [
            78.45323,
            17.43598
          ],
          [
            78.45312,
            17.436
          ],
          [
            78.45303,
            17.43602
          ],
          [
            78.45294,
            17.43602
          ],
          [
            78.45283,
            17.43602
          ],
          [
            78.45272,
            17.436
          ],
          [
            78.45262,
            17.43598
          ],
          [
            78.4525,
            17.43594
          ],
          [
            78.45236,
            17.43587
          ],
          [
            78.45227,
            17.43582
          ],
          [
            78.45215,
            17.43574
          ],
          [
            78.45206,
            17.43565
          ],
          [
            78.45194,
            17.43551
          ],
          [
            78.45182,
            17.43537
          ],
          [
            78.45174,
            17.43529
          ],
          [
            78.45166,
            17.43522
          ],
          [
            78.45156,
            17.43515
          ],
          [
            78.45144,
            17.43509
          ],
          [
            78.4513,
            17.43503
          ],
          [
            78.45113,
            17.43499
          ],
          [
            78.45083,
            17.43495
          ],
          [
            78.45059,
            17.43491
          ],
          [
            78.45037,
            17.43487
          ],
          [
            78.44955,
            17.43466
          ],
          [
            78.44898,
            17.43455
          ],
          [
            78.44832,
            17.43448
          ],
          [
            78.44789,
            17.43443
          ],
          [
            78.44751,
            17.43439
          ],
          [
            78.44724,
            17.43438
          ],
          [
            78.44708,
            17.43436
          ],
          [
            78.44694,
            17.43433
          ],
          [
            78.44677,
            17.43428
          ],
          [
            78.44647,
            17.43418
          ],
          [
            78.44634,
            17.43415
          ],
          [
            78.44624,
            17.43413
          ],
          [
            78.44612,
            17.43413
          ],
          [
            78.44596,
            17.43413
          ],
          [
            78.44585,
            17.43414
          ],
          [
            78.44575,
            17.43416
          ],
          [
            78.4456,
            17.43421
          ],
          [
            78.44541,
            17.43431
          ],
          [
            78.44532,
            17.43437
          ],
          [
            78.44521,
            17.43446
          ],
          [
            78.44509,
            17.43459
          ],
          [
            78.44486,
            17.43493
          ],
          [
            78.4446,
            17.43533
          ],
          [
            78.44412,
            17.43609
          ],
          [
            78.44384,
            17.4365
          ],
          [
            78.44371,
            17.43666
          ],
          [
            78.4436,
            17.43677
          ],
          [
            78.44339,
            17.43692
          ],
          [
            78.44319,
            17.43699
          ],
          [
            78.44213,
            17.43727
          ],
          [
            78.44154,
            17.43743
          ],
          [
            78.4408,
            17.43762
          ],
          [
            78.44066,
            17.43765
          ],
          [
            78.44052,
            17.43767
          ],
          [
            78.44051,
            17.43767
          ],
          [
            78.44035,
            17.43767
          ],
          [
            78.44021,
            17.43765
          ],
          [
            78.44013,
            17.43763
          ],
          [
            78.44005,
            17.43761
          ],
          [
            78.43993,
            17.43756
          ],
          [
            78.43979,
            17.43749
          ],
          [
            78.43911,
            17.43695
          ],
          [
            78.4385,
            17.43647
          ],
          [
            78.43837,
            17.43637
          ],
          [
            78.43822,
            17.43627
          ],
          [
            78.43805,
            17.43618
          ],
          [
            78.43793,
            17.43614
          ],
          [
            78.43778,
            17.4361
          ],
          [
            78.43762,
            17.43609
          ],
          [
            78.43746,
            17.43609
          ],
          [
            78.4371,
            17.43612
          ],
          [
            78.43662,
            17.43617
          ],
          [
            78.43565,
            17.43633
          ],
          [
            78.43531,
            17.43638
          ],
          [
            78.43502,
            17.43641
          ],
          [
            78.43481,
            17.43643
          ],
          [
            78.43365,
            17.4365
          ],
          [
            78.43293,
            17.43654
          ],
          [
            78.4327,
            17.43655
          ],
          [
            78.43254,
            17.43654
          ],
          [
            78.43238,
            17.4365
          ],
          [
            78.43223,
            17.43645
          ],
          [
            78.43209,
            17.43638
          ],
          [
            78.43181,
            17.43618
          ],
          [
            78.43167,
            17.43608
          ],
          [
            78.43152,
            17.43601
          ],
          [
            78.43137,
            17.43597
          ],
          [
            78.43121,
            17.43595
          ],
          [
            78.43104,
            17.43595
          ],
          [
            78.4309,
            17.43596
          ],
          [
            78.43076,
            17.43598
          ],
          [
            78.43047,
            17.43607
          ],
          [
            78.42911,
            17.43652
          ],
          [
            78.42893,
            17.43656
          ],
          [
            78.4288,
            17.43657
          ],
          [
            78.42864,
            17.43656
          ],
          [
            78.42845,
            17.43653
          ],
          [
            78.4283,
            17.43649
          ],
          [
            78.42813,
            17.43641
          ],
          [
            78.42801,
            17.43633
          ],
          [
            78.42789,
            17.43623
          ],
          [
            78.42779,
            17.4361
          ],
          [
            78.42769,
            17.43595
          ],
          [
            78.42758,
            17.4357
          ],
          [
            78.42734,
            17.43511
          ],
          [
            78.42614,
            17.43211
          ],
          [
            78.42517,
            17.42992
          ],
          [
            78.42499,
            17.42983
          ],
          [
            78.42478,
            17.42974
          ],
          [
            78.42454,
            17.42971
          ],
          [
            78.4243,
            17.42969
          ],
          [
            78.424,
            17.42978
          ],
          [
            78.4232,
            17.43003
          ],
          [
            78.42126,
            17.43065
          ],
          [
            78.42092,
            17.43073
          ],
          [
            78.42066,
            17.4308
          ],
          [
            78.42035,
            17.43089
          ],
          [
            78.42007,
            17.43091
          ],
          [
            78.41986,
            17.4309
          ],
          [
            78.41959,
            17.43076
          ],
          [
            78.41933,
            17.43052
          ],
          [
            78.41651,
            17.42763
          ],
          [
            78.41629,
            17.42739
          ],
          [
            78.41614,
            17.42726
          ],
          [
            78.41599,
            17.42717
          ],
          [
            78.41584,
            17.4271
          ],
          [
            78.41567,
            17.42706
          ],
          [
            78.41551,
            17.42702
          ],
          [
            78.41536,
            17.42702
          ],
          [
            78.4152,
            17.42704
          ],
          [
            78.41502,
            17.42707
          ],
          [
            78.41488,
            17.42713
          ],
          [
            78.41474,
            17.4272
          ],
          [
            78.41463,
            17.42728
          ],
          [
            78.41451,
            17.42738
          ],
          [
            78.41432,
            17.42756
          ],
          [
            78.41368,
            17.42821
          ],
          [
            78.41302,
            17.42887
          ],
          [
            78.4127,
            17.42919
          ],
          [
            78.41254,
            17.42935
          ],
          [
            78.41223,
            17.42967
          ],
          [
            78.4121,
            17.42979
          ],
          [
            78.41197,
            17.42988
          ],
          [
            78.41181,
            17.42996
          ],
          [
            78.41168,
            17.43
          ],
          [
            78.41152,
            17.43003
          ],
          [
            78.41138,
            17.43005
          ],
          [
            78.41122,
            17.43004
          ],
          [
            78.41108,
            17.43002
          ],
          [
            78.41095,
            17.42998
          ],
          [
            78.41057,
            17.42984
          ],
          [
            78.41046,
            17.4298
          ],
          [
            78.41032,
            17.42977
          ],
          [
            78.41014,
            17.42976
          ],
          [
            78.40998,
            17.42976
          ],
          [
            78.40981,
            17.4298
          ],
          [
            78.40969,
            17.42985
          ],
          [
            78.40955,
            17.42991
          ],
          [
            78.4093,
            17.43006
          ],
          [
            78.40836,
            17.43064
          ],
          [
            78.40768,
            17.43106
          ],
          [
            78.40752,
            17.43116
          ],
          [
            78.40742,
            17.43125
          ],
          [
            78.40732,
            17.43135
          ],
          [
            78.40724,
            17.43146
          ],
          [
            78.40716,
            17.43161
          ],
          [
            78.4071,
            17.43175
          ],
          [
            78.40707,
            17.43191
          ],
          [
            78.40701,
            17.43227
          ],
          [
            78.40697,
            17.43237
          ],
          [
            78.40691,
            17.43251
          ],
          [
            78.40679,
            17.43268
          ],
          [
            78.40666,
            17.43281
          ],
          [
            78.40654,
            17.43291
          ],
          [
            78.40628,
            17.43306
          ],
          [
            78.40482,
            17.4339
          ],
          [
            78.40458,
            17.43401
          ],
          [
            78.40434,
            17.4341
          ],
          [
            78.40384,
            17.43428
          ],
          [
            78.40364,
            17.43436
          ],
          [
            78.40342,
            17.43447
          ],
          [
            78.40314,
            17.43462
          ],
          [
            78.40297,
            17.43472
          ],
          [
            78.40276,
            17.43487
          ],
          [
            78.40248,
            17.43507
          ],
          [
            78.40231,
            17.43517
          ],
          [
            78.40204,
            17.43533
          ],
          [
            78.40173,
            17.43549
          ],
          [
            78.40158,
            17.43559
          ],
          [
            78.40147,
            17.43568
          ],
          [
            78.40135,
            17.43579
          ],
          [
            78.40124,
            17.43592
          ],
          [
            78.40113,
            17.43608
          ],
          [
            78.40067,
            17.43683
          ],
          [
            78.40041,
            17.43725
          ],
          [
            78.39992,
            17.43805
          ],
          [
            78.39975,
            17.43832
          ],
          [
            78.39967,
            17.43842
          ],
          [
            78.39955,
            17.43853
          ],
          [
            78.39943,
            17.43861
          ],
          [
            78.39929,
            17.4387
          ],
          [
            78.39913,
            17.43876
          ],
          [
            78.39898,
            17.4388
          ],
          [
            78.39882,
            17.43881
          ],
          [
            78.39867,
            17.4388
          ],
          [
            78.39855,
            17.43879
          ],
          [
            78.3983,
            17.43872
          ],
          [
            78.39802,
            17.43867
          ],
          [
            78.39786,
            17.43865
          ],
          [
            78.39772,
            17.43866
          ],
          [
            78.39753,
            17.4387
          ],
          [
            78.39697,
            17.43889
          ],
          [
            78.39677,
            17.43897
          ],
          [
            78.39658,
            17.43908
          ],
          [
            78.3964,
            17.4392
          ],
          [
            78.39617,
            17.43939
          ],
          [
            78.39573,
            17.43978
          ],
          [
            78.39558,
            17.43989
          ],
          [
            78.3954,
            17.44
          ],
          [
            78.39529,
            17.44005
          ],
          [
            78.39525,
            17.44007
          ],
          [
            78.3951,
            17.44013
          ],
          [
            78.3949,
            17.44019
          ],
          [
            78.39419,
            17.44039
          ],
          [
            78.3939,
            17.44049
          ],
          [
            78.39356,
            17.44062
          ],
          [
            78.39327,
            17.44073
          ],
          [
            78.39296,
            17.44082
          ],
          [
            78.39268,
            17.44088
          ],
          [
            78.39242,
            17.44092
          ],
          [
            78.39207,
            17.44096
          ],
          [
            78.39166,
            17.44101
          ],
          [
            78.3914,
            17.44106
          ],
          [
            78.39039,
            17.44126
          ],
          [
            78.3902,
            17.44129
          ],
          [
            78.39001,
            17.4413
          ],
          [
            78.38907,
            17.44131
          ],
          [
            78.38891,
            17.44132
          ],
          [
            78.38879,
            17.44134
          ],
          [
            78.38863,
            17.44139
          ],
          [
            78.38849,
            17.44144
          ],
          [
            78.38839,
            17.4415
          ],
          [
            78.38827,
            17.44158
          ],
          [
            78.38816,
            17.44167
          ],
          [
            78.38808,
            17.44177
          ],
          [
            78.388,
            17.44188
          ],
          [
            78.38795,
            17.44197
          ],
          [
            78.38782,
            17.44225
          ],
          [
            78.38756,
            17.4429
          ],
          [
            78.38731,
            17.44351
          ],
          [
            78.38722,
            17.44373
          ],
          [
            78.38714,
            17.44389
          ],
          [
            78.38704,
            17.44403
          ],
          [
            78.38691,
            17.4442
          ],
          [
            78.38517,
            17.4462
          ],
          [
            78.38496,
            17.44644
          ],
          [
            78.3848,
            17.44662
          ],
          [
            78.38465,
            17.44681
          ],
          [
            78.38452,
            17.447
          ],
          [
            78.38442,
            17.44717
          ],
          [
            78.38421,
            17.44754
          ],
          [
            78.38407,
            17.44779
          ],
          [
            78.38388,
            17.44806
          ],
          [
            78.38372,
            17.44828
          ],
          [
            78.38369,
            17.44832
          ],
          [
            78.38312,
            17.44899
          ],
          [
            78.38266,
            17.44959
          ],
          [
            78.38257,
            17.4497
          ],
          [
            78.38244,
            17.44987
          ],
          [
            78.38238,
            17.44995
          ],
          [
            78.38223,
            17.45016
          ],
          [
            78.38195,
            17.45059
          ],
          [
            78.38191,
            17.45066
          ],
          [
            78.38184,
            17.45074
          ],
          [
            78.38178,
            17.4508
          ],
          [
            78.3817,
            17.45087
          ],
          [
            78.38162,
            17.45093
          ],
          [
            78.38153,
            17.45098
          ],
          [
            78.38145,
            17.45102
          ],
          [
            78.38132,
            17.45108
          ],
          [
            78.38124,
            17.4511
          ],
          [
            78.38115,
            17.45112
          ],
          [
            78.38104,
            17.45113
          ],
          [
            78.38095,
            17.45114
          ],
          [
            78.38084,
            17.45113
          ],
          [
            78.38077,
            17.45112
          ],
          [
            78.38067,
            17.45111
          ],
          [
            78.38059,
            17.45108
          ],
          [
            78.38049,
            17.45105
          ],
          [
            78.38039,
            17.451
          ],
          [
            78.38026,
            17.45093
          ],
          [
            78.38002,
            17.45077
          ],
          [
            78.37993,
            17.45071
          ],
          [
            78.37984,
            17.45065
          ],
          [
            78.37977,
            17.45059
          ],
          [
            78.37972,
            17.45054
          ],
          [
            78.37968,
            17.4505
          ],
          [
            78.37962,
            17.45043
          ],
          [
            78.37956,
            17.45035
          ],
          [
            78.37951,
            17.45027
          ],
          [
            78.37946,
            17.45016
          ],
          [
            78.37943,
            17.45005
          ],
          [
            78.37941,
            17.44995
          ],
          [
            78.37937,
            17.44979
          ],
          [
            78.37922,
            17.4491
          ],
          [
            78.37919,
            17.44899
          ],
          [
            78.37914,
            17.44884
          ],
          [
            78.37908,
            17.44868
          ],
          [
            78.37903,
            17.44857
          ],
          [
            78.37897,
            17.44847
          ],
          [
            78.37891,
            17.44838
          ],
          [
            78.37886,
            17.44829
          ],
          [
            78.3788,
            17.44821
          ],
          [
            78.37872,
            17.44812
          ],
          [
            78.37834,
            17.44768
          ],
          [
            78.37828,
            17.4476
          ],
          [
            78.3782,
            17.4475
          ],
          [
            78.37815,
            17.44741
          ],
          [
            78.37788,
            17.44696
          ],
          [
            78.3776,
            17.44648
          ],
          [
            78.37755,
            17.44639
          ],
          [
            78.3775,
            17.4463
          ],
          [
            78.37747,
            17.44621
          ],
          [
            78.37743,
            17.44609
          ],
          [
            78.37741,
            17.44598
          ],
          [
            78.37738,
            17.44575
          ],
          [
            78.37731,
            17.44533
          ],
          [
            78.37728,
            17.44513
          ],
          [
            78.37722,
            17.44477
          ],
          [
            78.37719,
            17.44461
          ],
          [
            78.37717,
            17.44447
          ],
          [
            78.37717,
            17.44436
          ],
          [
            78.37717,
            17.44423
          ],
          [
            78.37718,
            17.44364
          ],
          [
            78.37718,
            17.44349
          ],
          [
            78.3772,
            17.44218
          ],
          [
            78.37722,
            17.4413
          ]
        ]
      },
      "properties": {
        "segment_id": "hyd-blue-seg-01",
        "line_id": "hyd-blue",
        "line_name": "Blue Line (Nagole - Raidurg)",
        "city_id": "hyderabad",
        "city": "Hyderabad",
        "operator": "LTMRHL",
        "status": "operational",
        "phase": "1",
        "length_km": 26.9,
        "gauge": "standard",
        "inaugurated_on": "2017-11-29",
        "expected_completion": null,
        "stations_count": 23,
        "color": "#0081BF",
        "source": "osm",
        "references": [
          "https://hmrl.co.in",
          "https://ltmetro.com"
        ],
        "completion_unconfirmed": false,
        "last_verified": null,
        "retrieved_at": "2026-10-07",
        "geometry_quality": "exact"
      }
    },
    {
      "type": "Feature",
      "geometry": {
        "type": "LineString",
        "coordinates": [
          [
            78.49655,
            17.44913
          ],
          [
            78.49654,
            17.44895
          ],
          [
            78.49652,
            17.44881
          ],
          [
            78.49635,
            17.44706
          ],
          [
            78.49627,
            17.44638
          ],
          [
            78.49632,
            17.44603
          ],
          [
            78.49644,
            17.4457
          ],
          [
            78.49762,
            17.44452
          ],
          [
            78.49766,
            17.44447
          ],
          [
            78.49818,
            17.44392
          ],
          [
            78.49846,
            17.44342
          ],
          [
            78.49853,
            17.44264
          ],
          [
            78.49873,
            17.44181
          ],
          [
            78.49889,
            17.44117
          ],
          [
            78.4989,
            17.4404
          ],
          [
            78.49904,
            17.4395
          ],
          [
            78.49973,
            17.43772
          ],
          [
            78.50058,
            17.43569
          ],
          [
            78.50067,
            17.43542
          ],
          [
            78.50069,
            17.43516
          ],
          [
            78.50067,
            17.43493
          ],
          [
            78.5006,
            17.43469
          ],
          [
            78.50038,
            17.43435
          ],
          [
            78.50015,
            17.43417
          ],
          [
            78.49953,
            17.43378
          ],
          [
            78.49862,
            17.43337
          ],
          [
            78.49854,
            17.43333
          ],
          [
            78.49845,
            17.43326
          ],
          [
            78.49837,
            17.4332
          ],
          [
            78.49831,
            17.43314
          ],
          [
            78.49824,
            17.43306
          ],
          [
            78.49819,
            17.43299
          ],
          [
            78.49813,
            17.43289
          ],
          [
            78.49809,
            17.43281
          ],
          [
            78.49806,
            17.43272
          ],
          [
            78.49803,
            17.43262
          ],
          [
            78.49801,
            17.43252
          ],
          [
            78.498,
            17.43244
          ],
          [
            78.498,
            17.43235
          ],
          [
            78.49801,
            17.43227
          ],
          [
            78.49802,
            17.43219
          ],
          [
            78.49803,
            17.43211
          ],
          [
            78.49806,
            17.432
          ],
          [
            78.4981,
            17.43192
          ],
          [
            78.49814,
            17.43182
          ],
          [
            78.4982,
            17.43174
          ],
          [
            78.49825,
            17.43166
          ],
          [
            78.49833,
            17.43157
          ],
          [
            78.49841,
            17.4315
          ],
          [
            78.49848,
            17.43145
          ],
          [
            78.49855,
            17.4314
          ],
          [
            78.49863,
            17.43135
          ],
          [
            78.49961,
            17.43078
          ],
          [
            78.49972,
            17.43073
          ],
          [
            78.49979,
            17.4307
          ],
          [
            78.49989,
            17.43067
          ],
          [
            78.49999,
            17.43065
          ],
          [
            78.50007,
            17.43063
          ],
          [
            78.50015,
            17.43062
          ],
          [
            78.50043,
            17.4306
          ],
          [
            78.50056,
            17.43059
          ],
          [
            78.50065,
            17.43058
          ],
          [
            78.50072,
            17.43056
          ],
          [
            78.50082,
            17.43052
          ],
          [
            78.50093,
            17.43047
          ],
          [
            78.50101,
            17.43042
          ],
          [
            78.50109,
            17.43037
          ],
          [
            78.50118,
            17.4303
          ],
          [
            78.50129,
            17.43022
          ],
          [
            78.50197,
            17.42966
          ],
          [
            78.50204,
            17.4296
          ],
          [
            78.50209,
            17.42953
          ],
          [
            78.50214,
            17.42946
          ],
          [
            78.50218,
            17.42938
          ],
          [
            78.50222,
            17.42931
          ],
          [
            78.50225,
            17.42924
          ],
          [
            78.50228,
            17.42914
          ],
          [
            78.50229,
            17.42908
          ],
          [
            78.50231,
            17.42902
          ],
          [
            78.50232,
            17.42892
          ],
          [
            78.50232,
            17.42883
          ],
          [
            78.50232,
            17.42875
          ],
          [
            78.50231,
            17.42864
          ],
          [
            78.50229,
            17.42855
          ],
          [
            78.50227,
            17.42847
          ],
          [
            78.50223,
            17.42834
          ],
          [
            78.50218,
            17.4281
          ],
          [
            78.50215,
            17.42802
          ],
          [
            78.50212,
            17.42787
          ],
          [
            78.50208,
            17.42773
          ],
          [
            78.50206,
            17.42762
          ],
          [
            78.50204,
            17.42751
          ],
          [
            78.50202,
            17.4274
          ],
          [
            78.50201,
            17.4273
          ],
          [
            78.50196,
            17.42675
          ],
          [
            78.50195,
            17.42666
          ],
          [
            78.50194,
            17.42654
          ],
          [
            78.50194,
            17.42638
          ],
          [
            78.50193,
            17.42617
          ],
          [
            78.50192,
            17.42552
          ],
          [
            78.50191,
            17.42486
          ],
          [
            78.5019,
            17.42458
          ],
          [
            78.50189,
            17.42441
          ],
          [
            78.50184,
            17.424
          ],
          [
            78.50178,
            17.42344
          ],
          [
            78.50174,
            17.42313
          ],
          [
            78.5017,
            17.42277
          ],
          [
            78.50166,
            17.42253
          ],
          [
            78.50149,
            17.42187
          ],
          [
            78.50146,
            17.42183
          ],
          [
            78.50081,
            17.42079
          ],
          [
            78.50034,
            17.41979
          ],
          [
            78.49994,
            17.41896
          ],
          [
            78.49953,
            17.41786
          ],
          [
            78.4992,
            17.41699
          ],
          [
            78.49863,
            17.41599
          ],
          [
            78.49798,
            17.41458
          ],
          [
            78.49777,
            17.41405
          ],
          [
            78.49769,
            17.41365
          ],
          [
            78.49769,
            17.41336
          ],
          [
            78.4977,
            17.41304
          ],
          [
            78.49774,
            17.41267
          ],
          [
            78.49797,
            17.4113
          ],
          [
            78.49795,
            17.4105
          ],
          [
            78.49792,
            17.41005
          ],
          [
            78.49786,
            17.40965
          ],
          [
            78.49776,
            17.40916
          ],
          [
            78.49767,
            17.40873
          ],
          [
            78.49696,
            17.40729
          ],
          [
            78.49683,
            17.40702
          ],
          [
            78.49564,
            17.40418
          ],
          [
            78.49559,
            17.40405
          ],
          [
            78.49521,
            17.40228
          ],
          [
            78.49514,
            17.40195
          ],
          [
            78.49504,
            17.40103
          ],
          [
            78.49492,
            17.40036
          ],
          [
            78.49478,
            17.39942
          ],
          [
            78.49475,
            17.39939
          ],
          [
            78.49343,
            17.39826
          ],
          [
            78.49319,
            17.39805
          ],
          [
            78.49104,
            17.39606
          ],
          [
            78.49058,
            17.39565
          ],
          [
            78.49033,
            17.3953
          ],
          [
            78.49018,
            17.39498
          ],
          [
            78.48998,
            17.39436
          ],
          [
            78.48993,
            17.39421
          ],
          [
            78.48962,
            17.39319
          ],
          [
            78.4892,
            17.39098
          ],
          [
            78.4891,
            17.39072
          ],
          [
            78.48885,
            17.39007
          ],
          [
            78.48873,
            17.3899
          ],
          [
            78.48771,
            17.38848
          ],
          [
            78.48697,
            17.38778
          ],
          [
            78.48627,
            17.38705
          ],
          [
            78.48552,
            17.38624
          ],
          [
            78.48542,
            17.38613
          ],
          [
            78.48511,
            17.38579
          ],
          [
            78.48473,
            17.38535
          ],
          [
            78.48469,
            17.38528
          ],
          [
            78.48465,
            17.38518
          ],
          [
            78.48458,
            17.38505
          ],
          [
            78.48453,
            17.38496
          ],
          [
            78.48405,
            17.38443
          ],
          [
            78.48284,
            17.38311
          ],
          [
            78.48279,
            17.38305
          ],
          [
            78.48276,
            17.383
          ],
          [
            78.48271,
            17.38289
          ],
          [
            78.48267,
            17.38281
          ],
          [
            78.48266,
            17.38276
          ],
          [
            78.48264,
            17.3827
          ],
          [
            78.48262,
            17.38258
          ],
          [
            78.48261,
            17.38248
          ],
          [
            78.48261,
            17.38238
          ],
          [
            78.48262,
            17.38226
          ],
          [
            78.48264,
            17.38216
          ],
          [
            78.48267,
            17.38207
          ],
          [
            78.48269,
            17.382
          ],
          [
            78.48274,
            17.38191
          ],
          [
            78.48279,
            17.38182
          ],
          [
            78.48286,
            17.38174
          ],
          [
            78.48291,
            17.38168
          ],
          [
            78.48297,
            17.38162
          ],
          [
            78.48302,
            17.38158
          ],
          [
            78.48308,
            17.38153
          ],
          [
            78.48315,
            17.38149
          ],
          [
            78.48322,
            17.38145
          ],
          [
            78.48328,
            17.38141
          ],
          [
            78.48338,
            17.38137
          ],
          [
            78.4836,
            17.38129
          ],
          [
            78.48385,
            17.38121
          ],
          [
            78.4841,
            17.38113
          ],
          [
            78.48466,
            17.38098
          ],
          [
            78.48476,
            17.38095
          ],
          [
            78.48486,
            17.38091
          ],
          [
            78.48496,
            17.38086
          ],
          [
            78.48506,
            17.3808
          ],
          [
            78.48514,
            17.38074
          ],
          [
            78.48518,
            17.38071
          ],
          [
            78.48527,
            17.38063
          ],
          [
            78.48533,
            17.38056
          ],
          [
            78.48537,
            17.3805
          ],
          [
            78.48542,
            17.38043
          ],
          [
            78.48546,
            17.38036
          ],
          [
            78.4855,
            17.38028
          ],
          [
            78.48586,
            17.37961
          ],
          [
            78.48616,
            17.37904
          ]
        ]
      },
      "properties": {
        "segment_id": "hyd-green-seg-01",
        "line_id": "hyd-green",
        "line_name": "Green Line (JBS Parade Ground - MG Bus Station)",
        "city_id": "hyderabad",
        "city": "Hyderabad",
        "operator": "LTMRHL",
        "status": "operational",
        "phase": "1",
        "length_km": 9.1,
        "gauge": "standard",
        "inaugurated_on": "2020-02-07",
        "expected_completion": null,
        "stations_count": 9,
        "color": "#008D42",
        "source": "manual",
        "references": [
          "https://hmrl.co.in",
          "https://ltmetro.com"
        ],
        "completion_unconfirmed": false,
        "last_verified": "2026-10-07",
        "geometry_quality": "exact"
      }
    },
    {
      "type": "Feature",
      "geometry": {
        "type": "LineString",
        "coordinates": [
          [
            73.80374,
            18.62887
          ],
          [
            73.80291,
            18.62985
          ],
          [
            73.81539,
            18.61502
          ],
          [
            73.81622,
            18.61405
          ],
          [
            73.81973,
            18.60981
          ],
          [
            73.82057,
            18.60884
          ],
          [
            73.82705,
            18.60022
          ],
          [
            73.82758,
            18.59906
          ],
          [
            73.83094,
            18.5917
          ],
          [
            73.83147,
            18.59055
          ],
          [
            73.84176,
            18.56283
          ],
          [
            73.84196,
            18.56254
          ],
          [
            73.84249,
            18.56178
          ],
          [
            73.84571,
            18.55093
          ],
          [
            73.84603,
            18.54968
          ],
          [
            73.83789,
            18.57027
          ],
          [
            73.83758,
            18.57104
          ],
          [
            73.83731,
            18.57175
          ],
          [
            73.83686,
            18.57306
          ],
          [
            73.83674,
            18.57337
          ],
          [
            73.83569,
            18.57621
          ],
          [
            73.8355,
            18.57677
          ],
          [
            73.83536,
            18.57728
          ],
          [
            73.83499,
            18.57879
          ],
          [
            73.83474,
            18.57988
          ],
          [
            73.83424,
            18.58188
          ],
          [
            73.83405,
            18.58273
          ],
          [
            73.83394,
            18.58314
          ],
          [
            73.8339,
            18.58335
          ],
          [
            73.8338,
            18.58375
          ],
          [
            73.83352,
            18.58485
          ],
          [
            73.83332,
            18.5856
          ],
          [
            73.83304,
            18.58652
          ],
          [
            73.83293,
            18.58688
          ],
          [
            73.83275,
            18.5875
          ],
          [
            73.83269,
            18.58768
          ],
          [
            73.83264,
            18.58783
          ],
          [
            73.83256,
            18.58802
          ],
          [
            73.83248,
            18.58822
          ],
          [
            73.8323,
            18.58863
          ],
          [
            73.83177,
            18.58979
          ],
          [
            73.83116,
            18.59111
          ],
          [
            73.83046,
            18.59267
          ],
          [
            73.82728,
            18.59963
          ],
          [
            73.82685,
            18.60058
          ],
          [
            73.82665,
            18.60098
          ],
          [
            73.82644,
            18.60133
          ],
          [
            73.82624,
            18.60168
          ],
          [
            73.82599,
            18.60208
          ],
          [
            73.82577,
            18.60248
          ],
          [
            73.82557,
            18.60279
          ],
          [
            73.82536,
            18.6031
          ],
          [
            73.82504,
            18.6035
          ],
          [
            73.82427,
            18.60445
          ],
          [
            73.82011,
            18.60931
          ],
          [
            73.81898,
            18.61063
          ],
          [
            73.8185,
            18.61125
          ],
          [
            73.81825,
            18.61158
          ],
          [
            73.81804,
            18.61186
          ],
          [
            73.8178,
            18.61218
          ],
          [
            73.81754,
            18.61247
          ],
          [
            73.81576,
            18.61454
          ],
          [
            73.8077,
            18.6239
          ],
          [
            73.8075,
            18.62414
          ],
          [
            73.80735,
            18.62435
          ],
          [
            73.80724,
            18.62454
          ],
          [
            73.80712,
            18.62474
          ],
          [
            73.80697,
            18.62497
          ],
          [
            73.80682,
            18.62516
          ],
          [
            73.80389,
            18.62863
          ],
          [
            73.8033,
            18.62933
          ],
          [
            73.83789,
            18.57027
          ],
          [
            73.83831,
            18.56917
          ],
          [
            73.83835,
            18.56908
          ],
          [
            73.83865,
            18.56828
          ],
          [
            73.83898,
            18.56741
          ],
          [
            73.83919,
            18.56689
          ],
          [
            73.83956,
            18.56596
          ],
          [
            73.83968,
            18.56573
          ],
          [
            73.83984,
            18.56548
          ],
          [
            73.84003,
            18.56521
          ],
          [
            73.84059,
            18.5644
          ],
          [
            73.84118,
            18.56359
          ],
          [
            73.84173,
            18.56282
          ],
          [
            73.84211,
            18.56227
          ],
          [
            73.84246,
            18.56176
          ],
          [
            73.84274,
            18.56136
          ],
          [
            73.84294,
            18.56105
          ],
          [
            73.8432,
            18.56061
          ],
          [
            73.84342,
            18.5602
          ],
          [
            73.84358,
            18.55996
          ],
          [
            73.84375,
            18.55971
          ],
          [
            73.84399,
            18.55941
          ],
          [
            73.84419,
            18.55915
          ],
          [
            73.84425,
            18.55906
          ],
          [
            73.84433,
            18.55893
          ],
          [
            73.84439,
            18.5588
          ],
          [
            73.84445,
            18.55863
          ],
          [
            73.84448,
            18.55851
          ],
          [
            73.8445,
            18.55839
          ],
          [
            73.84451,
            18.55827
          ],
          [
            73.84451,
            18.55814
          ],
          [
            73.84451,
            18.55797
          ],
          [
            73.84449,
            18.5578
          ],
          [
            73.84445,
            18.55752
          ],
          [
            73.84435,
            18.5568
          ],
          [
            73.84431,
            18.55658
          ],
          [
            73.8443,
            18.55639
          ],
          [
            73.8443,
            18.55624
          ],
          [
            73.84431,
            18.55608
          ],
          [
            73.84435,
            18.55588
          ],
          [
            73.84441,
            18.55565
          ],
          [
            73.84452,
            18.55529
          ],
          [
            73.84473,
            18.55478
          ],
          [
            73.84488,
            18.55428
          ],
          [
            73.84535,
            18.55239
          ],
          [
            73.84546,
            18.55193
          ],
          [
            73.84554,
            18.55147
          ],
          [
            73.84568,
            18.55093
          ],
          [
            73.84584,
            18.5503
          ],
          [
            73.84599,
            18.54967
          ],
          [
            73.84602,
            18.54954
          ],
          [
            73.84613,
            18.54913
          ],
          [
            73.84615,
            18.54905
          ],
          [
            73.84628,
            18.54852
          ],
          [
            73.84649,
            18.5477
          ],
          [
            73.84663,
            18.5472
          ],
          [
            73.84678,
            18.54677
          ],
          [
            73.84691,
            18.54644
          ],
          [
            73.84712,
            18.54587
          ],
          [
            73.84721,
            18.54562
          ],
          [
            73.8473,
            18.54533
          ],
          [
            73.84734,
            18.54516
          ],
          [
            73.84739,
            18.54496
          ],
          [
            73.84741,
            18.54478
          ],
          [
            73.84743,
            18.5446
          ],
          [
            73.84745,
            18.54426
          ],
          [
            73.8475,
            18.5434
          ],
          [
            73.84757,
            18.54222
          ],
          [
            73.84764,
            18.54103
          ],
          [
            73.84766,
            18.54068
          ],
          [
            73.84769,
            18.54018
          ],
          [
            73.84771,
            18.53968
          ],
          [
            73.84779,
            18.53896
          ],
          [
            73.84857,
            18.53627
          ],
          [
            73.84942,
            18.53332
          ],
          [
            73.84973,
            18.53218
          ],
          [
            73.84998,
            18.53121
          ],
          [
            73.85015,
            18.53012
          ],
          [
            73.85038,
            18.52957
          ],
          [
            73.85073,
            18.52907
          ],
          [
            73.85117,
            18.52866
          ],
          [
            73.8517,
            18.52833
          ],
          [
            73.8523,
            18.52812
          ],
          [
            73.85453,
            18.5275
          ],
          [
            73.85498,
            18.52738
          ],
          [
            73.85614,
            18.52706
          ],
          [
            73.85692,
            18.52685
          ],
          [
            73.85877,
            18.52639
          ],
          [
            73.85945,
            18.52612
          ],
          [
            73.85981,
            18.52587
          ],
          [
            73.86027,
            18.52542
          ],
          [
            73.86056,
            18.5248
          ],
          [
            73.86071,
            18.52415
          ],
          [
            73.8607,
            18.52358
          ],
          [
            73.86053,
            18.5229
          ],
          [
            73.86026,
            18.52235
          ],
          [
            73.85999,
            18.52189
          ],
          [
            73.8597,
            18.52139
          ],
          [
            73.85968,
            18.52136
          ],
          [
            73.85806,
            18.51871
          ],
          [
            73.85764,
            18.51809
          ],
          [
            73.8574,
            18.51771
          ],
          [
            73.85713,
            18.5173
          ],
          [
            73.85693,
            18.51685
          ],
          [
            73.85681,
            18.51655
          ],
          [
            73.85672,
            18.51615
          ],
          [
            73.85666,
            18.51575
          ],
          [
            73.85671,
            18.51518
          ],
          [
            73.85676,
            18.5147
          ],
          [
            73.85708,
            18.51292
          ],
          [
            73.85759,
            18.51013
          ],
          [
            73.85768,
            18.50985
          ],
          [
            73.8578,
            18.50963
          ],
          [
            73.85794,
            18.50937
          ],
          [
            73.85805,
            18.50905
          ],
          [
            73.85812,
            18.50876
          ],
          [
            73.85816,
            18.50752
          ],
          [
            73.85825,
            18.50336
          ],
          [
            73.85823,
            18.50298
          ],
          [
            73.85817,
            18.50254
          ],
          [
            73.85804,
            18.50204
          ],
          [
            73.85795,
            18.50163
          ],
          [
            73.8577,
            18.50055
          ],
          [
            73.85752,
            18.49973
          ]
        ]
      },
      "properties": {
        "segment_id": "pun-purple-seg-01",
        "line_id": "pun-purple",
        "line_name": "Purple Line (PCMC - Swargate)",
        "city_id": "pune",
        "city": "Pune",
        "operator": "Maha Metro",
        "status": "operational",
        "phase": "1",
        "length_km": 36.8,
        "gauge": "standard",
        "inaugurated_on": "2022-03-06",
        "expected_completion": null,
        "stations_count": 14,
        "color": "#800080",
        "source": "osm",
        "references": [
          "https://www.punemetrorail.org"
        ],
        "completion_unconfirmed": false,
        "last_verified": null,
        "retrieved_at": "2026-10-08",
        "geometry_quality": "exact"
      }
    },
    {
      "type": "Feature",
      "geometry": {
        "type": "LineString",
        "coordinates": [
          [
            73.80455,
            18.50717
          ],
          [
            73.80587,
            18.5073
          ],
          [
            73.81339,
            18.50956
          ],
          [
            73.81392,
            18.50961
          ],
          [
            73.8144,
            18.50968
          ],
          [
            73.81472,
            18.50974
          ],
          [
            73.82177,
            18.50941
          ],
          [
            73.82261,
            18.50844
          ],
          [
            73.82806,
            18.50706
          ],
          [
            73.8282,
            18.50713
          ],
          [
            73.82929,
            18.50768
          ],
          [
            73.83742,
            18.51174
          ],
          [
            73.83861,
            18.51234
          ],
          [
            73.88596,
            18.54529
          ],
          [
            73.88726,
            18.54556
          ],
          [
            73.88728,
            18.54549
          ],
          [
            73.88598,
            18.54522
          ],
          [
            73.88596,
            18.54529
          ],
          [
            73.8644,
            18.53007
          ],
          [
            73.86431,
            18.53006
          ],
          [
            73.86392,
            18.53003
          ],
          [
            73.8635,
            18.52996
          ],
          [
            73.863,
            18.52984
          ],
          [
            73.86247,
            18.52972
          ],
          [
            73.86212,
            18.52968
          ],
          [
            73.86169,
            18.52963
          ],
          [
            73.86134,
            18.52962
          ],
          [
            73.861,
            18.52963
          ],
          [
            73.86066,
            18.52965
          ],
          [
            73.86048,
            18.52963
          ],
          [
            73.86032,
            18.52961
          ],
          [
            73.86011,
            18.52953
          ],
          [
            73.85997,
            18.52947
          ],
          [
            73.85977,
            18.52935
          ],
          [
            73.85969,
            18.5293
          ],
          [
            73.8596,
            18.52922
          ],
          [
            73.85939,
            18.52903
          ],
          [
            73.85919,
            18.52878
          ],
          [
            73.85867,
            18.52804
          ],
          [
            73.85816,
            18.52733
          ],
          [
            73.85808,
            18.52722
          ],
          [
            73.85739,
            18.52626
          ],
          [
            73.85696,
            18.52567
          ],
          [
            73.85685,
            18.52552
          ],
          [
            73.85667,
            18.52528
          ],
          [
            73.8561,
            18.52465
          ],
          [
            73.85576,
            18.52426
          ],
          [
            73.85543,
            18.5239
          ],
          [
            73.85514,
            18.52364
          ],
          [
            73.85483,
            18.52342
          ],
          [
            73.85462,
            18.52331
          ],
          [
            73.8539,
            18.52299
          ],
          [
            73.85376,
            18.52294
          ],
          [
            73.85265,
            18.52247
          ],
          [
            73.85221,
            18.52228
          ],
          [
            73.85188,
            18.52215
          ],
          [
            73.85128,
            18.52188
          ],
          [
            73.85099,
            18.52179
          ],
          [
            73.85063,
            18.52169
          ],
          [
            73.84962,
            18.52147
          ],
          [
            73.84918,
            18.52135
          ],
          [
            73.84889,
            18.52123
          ],
          [
            73.84849,
            18.52103
          ],
          [
            73.84827,
            18.5209
          ],
          [
            73.84814,
            18.52081
          ],
          [
            73.84802,
            18.52072
          ],
          [
            73.84791,
            18.52063
          ],
          [
            73.84781,
            18.52053
          ],
          [
            73.84685,
            18.5196
          ],
          [
            73.84671,
            18.51945
          ],
          [
            73.84658,
            18.51931
          ],
          [
            73.84637,
            18.51902
          ],
          [
            73.84596,
            18.51848
          ],
          [
            73.84569,
            18.51816
          ],
          [
            73.84542,
            18.51782
          ],
          [
            73.84507,
            18.51734
          ],
          [
            73.84469,
            18.51681
          ],
          [
            73.84443,
            18.51647
          ],
          [
            73.84393,
            18.5158
          ],
          [
            73.84337,
            18.51501
          ],
          [
            73.84304,
            18.51451
          ],
          [
            73.84285,
            18.51425
          ],
          [
            73.84258,
            18.51402
          ],
          [
            73.84236,
            18.51387
          ],
          [
            73.84202,
            18.51372
          ],
          [
            73.84163,
            18.51356
          ],
          [
            73.84079,
            18.51323
          ],
          [
            73.83994,
            18.51289
          ],
          [
            73.8394,
            18.51267
          ],
          [
            73.83905,
            18.51251
          ],
          [
            73.83804,
            18.512
          ],
          [
            73.83719,
            18.51157
          ],
          [
            73.83622,
            18.51109
          ],
          [
            73.83571,
            18.51084
          ],
          [
            73.83529,
            18.51065
          ],
          [
            73.83447,
            18.5103
          ],
          [
            73.83407,
            18.5101
          ],
          [
            73.83368,
            18.5099
          ],
          [
            73.82931,
            18.50765
          ],
          [
            73.82877,
            18.50737
          ],
          [
            73.82807,
            18.50703
          ],
          [
            73.82791,
            18.50696
          ],
          [
            73.82776,
            18.5069
          ],
          [
            73.82753,
            18.50682
          ],
          [
            73.8273,
            18.50677
          ],
          [
            73.8271,
            18.50672
          ],
          [
            73.82691,
            18.50664
          ],
          [
            73.82613,
            18.50626
          ],
          [
            73.82596,
            18.50619
          ],
          [
            73.8258,
            18.50615
          ],
          [
            73.82566,
            18.50612
          ],
          [
            73.82544,
            18.50611
          ],
          [
            73.82521,
            18.50613
          ],
          [
            73.82497,
            18.5062
          ],
          [
            73.82475,
            18.50629
          ],
          [
            73.82432,
            18.50655
          ],
          [
            73.82408,
            18.50671
          ],
          [
            73.82391,
            18.50686
          ],
          [
            73.82373,
            18.50706
          ],
          [
            73.82345,
            18.50741
          ],
          [
            73.82216,
            18.50889
          ],
          [
            73.82174,
            18.50938
          ],
          [
            73.8215,
            18.50964
          ],
          [
            73.82127,
            18.50986
          ],
          [
            73.82107,
            18.51003
          ],
          [
            73.82084,
            18.51018
          ],
          [
            73.82061,
            18.51029
          ],
          [
            73.82038,
            18.51038
          ],
          [
            73.82018,
            18.51043
          ],
          [
            73.81999,
            18.51046
          ],
          [
            73.81972,
            18.51049
          ],
          [
            73.81939,
            18.51048
          ],
          [
            73.81856,
            18.51043
          ],
          [
            73.81823,
            18.5104
          ],
          [
            73.81783,
            18.51035
          ],
          [
            73.8174,
            18.51028
          ],
          [
            73.81548,
            18.50987
          ],
          [
            73.81481,
            18.50971
          ],
          [
            73.81441,
            18.50964
          ],
          [
            73.81407,
            18.50959
          ],
          [
            73.81392,
            18.50957
          ],
          [
            73.81339,
            18.50952
          ],
          [
            73.81229,
            18.50946
          ],
          [
            73.81217,
            18.50945
          ],
          [
            73.81202,
            18.50942
          ],
          [
            73.81192,
            18.5094
          ],
          [
            73.81177,
            18.50935
          ],
          [
            73.81163,
            18.5093
          ],
          [
            73.81151,
            18.50924
          ],
          [
            73.81142,
            18.50919
          ],
          [
            73.81132,
            18.50913
          ],
          [
            73.81123,
            18.50906
          ],
          [
            73.81078,
            18.5087
          ],
          [
            73.81071,
            18.50864
          ],
          [
            73.8106,
            18.50856
          ],
          [
            73.81049,
            18.5085
          ],
          [
            73.81037,
            18.50844
          ],
          [
            73.81027,
            18.5084
          ],
          [
            73.81016,
            18.50836
          ],
          [
            73.81003,
            18.50833
          ],
          [
            73.80989,
            18.5083
          ],
          [
            73.80959,
            18.50826
          ],
          [
            73.80938,
            18.50824
          ],
          [
            73.80924,
            18.50822
          ],
          [
            73.80907,
            18.50818
          ],
          [
            73.80893,
            18.50812
          ],
          [
            73.8088,
            18.50807
          ],
          [
            73.80867,
            18.50799
          ],
          [
            73.80822,
            18.50769
          ],
          [
            73.80809,
            18.50762
          ],
          [
            73.80799,
            18.50758
          ],
          [
            73.80785,
            18.50753
          ],
          [
            73.80774,
            18.5075
          ],
          [
            73.80762,
            18.50747
          ],
          [
            73.80748,
            18.50745
          ],
          [
            73.80701,
            18.5074
          ],
          [
            73.80653,
            18.50735
          ],
          [
            73.80601,
            18.50729
          ],
          [
            73.80523,
            18.50721
          ],
          [
            73.8644,
            18.53007
          ],
          [
            73.86505,
            18.5301
          ],
          [
            73.86581,
            18.53013
          ],
          [
            73.86597,
            18.53013
          ],
          [
            73.86658,
            18.53016
          ],
          [
            73.86683,
            18.53017
          ],
          [
            73.86761,
            18.5302
          ],
          [
            73.86797,
            18.5302
          ],
          [
            73.8681,
            18.53019
          ],
          [
            73.86825,
            18.53017
          ],
          [
            73.86844,
            18.53014
          ],
          [
            73.86863,
            18.53009
          ],
          [
            73.86936,
            18.52986
          ],
          [
            73.8697,
            18.52979
          ],
          [
            73.87022,
            18.52972
          ],
          [
            73.87061,
            18.5297
          ],
          [
            73.8726,
            18.52978
          ],
          [
            73.8737,
            18.52982
          ],
          [
            73.87413,
            18.52985
          ],
          [
            73.87428,
            18.52988
          ],
          [
            73.87452,
            18.52996
          ],
          [
            73.87468,
            18.53005
          ],
          [
            73.87484,
            18.53016
          ],
          [
            73.87511,
            18.53039
          ],
          [
            73.87585,
            18.53108
          ],
          [
            73.87613,
            18.53135
          ],
          [
            73.87648,
            18.53165
          ],
          [
            73.87716,
            18.53222
          ],
          [
            73.87773,
            18.53274
          ],
          [
            73.87846,
            18.53339
          ],
          [
            73.87851,
            18.53344
          ],
          [
            73.87874,
            18.53364
          ],
          [
            73.87885,
            18.53374
          ],
          [
            73.87894,
            18.53385
          ],
          [
            73.87913,
            18.5341
          ],
          [
            73.87931,
            18.53438
          ],
          [
            73.87962,
            18.53482
          ],
          [
            73.87974,
            18.53499
          ],
          [
            73.87995,
            18.53528
          ],
          [
            73.88017,
            18.5356
          ],
          [
            73.88201,
            18.53838
          ],
          [
            73.88253,
            18.53921
          ],
          [
            73.88342,
            18.5406
          ],
          [
            73.88389,
            18.54135
          ],
          [
            73.88401,
            18.54152
          ],
          [
            73.88408,
            18.54166
          ],
          [
            73.88413,
            18.54179
          ],
          [
            73.88418,
            18.54191
          ],
          [
            73.88421,
            18.54203
          ],
          [
            73.88424,
            18.54216
          ],
          [
            73.88426,
            18.54228
          ],
          [
            73.88427,
            18.54241
          ],
          [
            73.88427,
            18.54253
          ],
          [
            73.88425,
            18.54266
          ],
          [
            73.88424,
            18.54278
          ],
          [
            73.88421,
            18.54293
          ],
          [
            73.88411,
            18.5434
          ],
          [
            73.8841,
            18.54351
          ],
          [
            73.8841,
            18.5436
          ],
          [
            73.8841,
            18.54374
          ],
          [
            73.88412,
            18.5439
          ],
          [
            73.88415,
            18.54404
          ],
          [
            73.88421,
            18.54418
          ],
          [
            73.88429,
            18.54434
          ],
          [
            73.88437,
            18.54447
          ],
          [
            73.88449,
            18.54461
          ],
          [
            73.88462,
            18.54472
          ],
          [
            73.88473,
            18.54481
          ],
          [
            73.88486,
            18.54489
          ],
          [
            73.88497,
            18.54494
          ],
          [
            73.88508,
            18.545
          ],
          [
            73.88532,
            18.54506
          ],
          [
            73.88545,
            18.54508
          ],
          [
            73.88574,
            18.54515
          ],
          [
            73.88662,
            18.54532
          ],
          [
            73.88712,
            18.54543
          ],
          [
            73.88849,
            18.5458
          ],
          [
            73.88901,
            18.54591
          ],
          [
            73.88916,
            18.54596
          ],
          [
            73.88941,
            18.54605
          ],
          [
            73.88961,
            18.54613
          ],
          [
            73.88972,
            18.54617
          ],
          [
            73.88983,
            18.54621
          ],
          [
            73.88993,
            18.54622
          ],
          [
            73.89001,
            18.54623
          ],
          [
            73.8901,
            18.54623
          ],
          [
            73.89026,
            18.54622
          ],
          [
            73.89043,
            18.5462
          ],
          [
            73.89057,
            18.54616
          ],
          [
            73.89069,
            18.54611
          ],
          [
            73.89082,
            18.54606
          ],
          [
            73.89093,
            18.546
          ],
          [
            73.8912,
            18.54579
          ],
          [
            73.89137,
            18.54565
          ],
          [
            73.89147,
            18.54556
          ],
          [
            73.89168,
            18.54539
          ],
          [
            73.89188,
            18.54528
          ],
          [
            73.89213,
            18.54517
          ],
          [
            73.89236,
            18.54511
          ],
          [
            73.8925,
            18.54509
          ],
          [
            73.8927,
            18.54507
          ],
          [
            73.89294,
            18.54504
          ],
          [
            73.89344,
            18.545
          ],
          [
            73.89492,
            18.54485
          ],
          [
            73.89538,
            18.5448
          ],
          [
            73.89611,
            18.54472
          ],
          [
            73.8967,
            18.54465
          ],
          [
            73.89687,
            18.54462
          ],
          [
            73.8971,
            18.54455
          ],
          [
            73.89731,
            18.54447
          ],
          [
            73.89755,
            18.54435
          ],
          [
            73.89783,
            18.54422
          ],
          [
            73.89815,
            18.54408
          ],
          [
            73.89827,
            18.54404
          ],
          [
            73.89839,
            18.544
          ],
          [
            73.89869,
            18.54391
          ],
          [
            73.89894,
            18.54384
          ],
          [
            73.89908,
            18.54381
          ],
          [
            73.8992,
            18.54378
          ],
          [
            73.89954,
            18.54373
          ],
          [
            73.90029,
            18.54361
          ],
          [
            73.90142,
            18.5434
          ],
          [
            73.9032,
            18.54306
          ],
          [
            73.9036,
            18.543
          ],
          [
            73.9038,
            18.54298
          ],
          [
            73.90391,
            18.54297
          ],
          [
            73.90409,
            18.54296
          ],
          [
            73.90419,
            18.54296
          ],
          [
            73.90429,
            18.54297
          ],
          [
            73.90442,
            18.543
          ],
          [
            73.90451,
            18.54303
          ],
          [
            73.90462,
            18.54307
          ],
          [
            73.90467,
            18.5431
          ],
          [
            73.9048,
            18.54316
          ],
          [
            73.90489,
            18.54322
          ],
          [
            73.90497,
            18.54328
          ],
          [
            73.90516,
            18.54348
          ],
          [
            73.90529,
            18.5437
          ],
          [
            73.90559,
            18.54431
          ],
          [
            73.90567,
            18.54446
          ],
          [
            73.90589,
            18.54492
          ],
          [
            73.90593,
            18.545
          ],
          [
            73.90596,
            18.54508
          ],
          [
            73.90598,
            18.54522
          ],
          [
            73.90601,
            18.54543
          ],
          [
            73.90602,
            18.54566
          ],
          [
            73.90604,
            18.5459
          ],
          [
            73.90604,
            18.54612
          ],
          [
            73.90603,
            18.54635
          ],
          [
            73.90602,
            18.54666
          ],
          [
            73.90597,
            18.54741
          ],
          [
            73.90596,
            18.54782
          ],
          [
            73.90593,
            18.54805
          ],
          [
            73.90591,
            18.5483
          ],
          [
            73.90586,
            18.54885
          ],
          [
            73.90583,
            18.54903
          ],
          [
            73.90579,
            18.54922
          ],
          [
            73.90577,
            18.54934
          ],
          [
            73.90576,
            18.54944
          ],
          [
            73.90574,
            18.54954
          ],
          [
            73.90573,
            18.54966
          ],
          [
            73.90572,
            18.54976
          ],
          [
            73.90571,
            18.54987
          ],
          [
            73.90571,
            18.54998
          ],
          [
            73.9057,
            18.55013
          ],
          [
            73.9057,
            18.55029
          ],
          [
            73.9057,
            18.55044
          ],
          [
            73.90576,
            18.55097
          ],
          [
            73.90583,
            18.55158
          ],
          [
            73.90585,
            18.5517
          ],
          [
            73.90587,
            18.55183
          ],
          [
            73.9059,
            18.55202
          ],
          [
            73.90597,
            18.55239
          ],
          [
            73.906,
            18.55253
          ],
          [
            73.90601,
            18.55263
          ],
          [
            73.90602,
            18.55277
          ],
          [
            73.90604,
            18.55329
          ],
          [
            73.90606,
            18.5536
          ],
          [
            73.90608,
            18.5541
          ],
          [
            73.9061,
            18.55448
          ],
          [
            73.90611,
            18.5547
          ],
          [
            73.90612,
            18.55479
          ],
          [
            73.90615,
            18.5549
          ],
          [
            73.9062,
            18.55502
          ],
          [
            73.90626,
            18.55513
          ],
          [
            73.90632,
            18.55524
          ],
          [
            73.90641,
            18.55536
          ],
          [
            73.90652,
            18.55546
          ],
          [
            73.90665,
            18.55559
          ],
          [
            73.90685,
            18.55577
          ],
          [
            73.90729,
            18.55614
          ],
          [
            73.90748,
            18.55631
          ],
          [
            73.90767,
            18.55646
          ],
          [
            73.90785,
            18.55659
          ],
          [
            73.90798,
            18.55669
          ],
          [
            73.90898,
            18.55734
          ]
        ]
      },
      "properties": {
        "segment_id": "pun-aqua-seg-01",
        "line_id": "pun-aqua",
        "line_name": "Aqua Line (Vanaz - Ramwadi)",
        "city_id": "pune",
        "city": "Pune",
        "operator": "Maha Metro",
        "status": "operational",
        "phase": "1",
        "length_km": 34.5,
        "gauge": "standard",
        "inaugurated_on": "2022-03-06",
        "expected_completion": null,
        "stations_count": 16,
        "color": "#00FFFF",
        "source": "osm",
        "references": [
          "https://www.punemetrorail.org"
        ],
        "completion_unconfirmed": false,
        "last_verified": null,
        "retrieved_at": "2026-10-08",
        "geometry_quality": "exact"
      }
    },
    {
      "type": "Feature",
      "geometry": {
        "type": "LineString",
        "coordinates": [
          [
            72.66749,
            22.99721
          ],
          [
            72.66688,
            22.99747
          ],
          [
            72.66654,
            22.99755
          ],
          [
            72.66638,
            22.99761
          ],
          [
            72.66619,
            22.99767
          ],
          [
            72.66583,
            22.99778
          ],
          [
            72.66575,
            22.9978
          ],
          [
            72.66534,
            22.9979
          ],
          [
            72.66489,
            22.99801
          ],
          [
            72.66428,
            22.99815
          ],
          [
            72.66377,
            22.99829
          ],
          [
            72.66326,
            22.99842
          ],
          [
            72.6627,
            22.99853
          ],
          [
            72.66204,
            22.99866
          ],
          [
            72.66141,
            22.99878
          ],
          [
            72.66104,
            22.99888
          ],
          [
            72.66073,
            22.99897
          ],
          [
            72.66046,
            22.99907
          ],
          [
            72.65999,
            22.99926
          ],
          [
            72.65964,
            22.99947
          ],
          [
            72.65897,
            22.9998
          ],
          [
            72.65867,
            22.99993
          ],
          [
            72.65855,
            22.99998
          ],
          [
            72.65766,
            23.00034
          ],
          [
            72.65678,
            23.00069
          ],
          [
            72.6562,
            23.00092
          ],
          [
            72.65543,
            23.00121
          ],
          [
            72.65494,
            23.00138
          ],
          [
            72.65427,
            23.00159
          ],
          [
            72.65349,
            23.00182
          ],
          [
            72.65276,
            23.00203
          ],
          [
            72.6521,
            23.00222
          ],
          [
            72.65141,
            23.00243
          ],
          [
            72.65113,
            23.0025
          ],
          [
            72.65052,
            23.00269
          ],
          [
            72.65025,
            23.00278
          ],
          [
            72.64998,
            23.00288
          ],
          [
            72.64926,
            23.00314
          ],
          [
            72.64874,
            23.0033
          ],
          [
            72.64772,
            23.00354
          ],
          [
            72.64704,
            23.0037
          ],
          [
            72.64649,
            23.00381
          ],
          [
            72.64633,
            23.00385
          ],
          [
            72.64563,
            23.00403
          ],
          [
            72.64523,
            23.00409
          ],
          [
            72.64482,
            23.00414
          ],
          [
            72.64447,
            23.00416
          ],
          [
            72.64425,
            23.00419
          ],
          [
            72.64411,
            23.00421
          ],
          [
            72.64393,
            23.00425
          ],
          [
            72.64375,
            23.0043
          ],
          [
            72.6435,
            23.0044
          ],
          [
            72.6432,
            23.00453
          ],
          [
            72.64268,
            23.00475
          ],
          [
            72.64239,
            23.00486
          ],
          [
            72.64219,
            23.00491
          ],
          [
            72.64196,
            23.00495
          ],
          [
            72.64175,
            23.00496
          ],
          [
            72.64141,
            23.00497
          ],
          [
            72.64131,
            23.00497
          ],
          [
            72.64092,
            23.00496
          ],
          [
            72.64043,
            23.00494
          ],
          [
            72.6396,
            23.00487
          ],
          [
            72.63906,
            23.00481
          ],
          [
            72.6386,
            23.00476
          ],
          [
            72.63829,
            23.00473
          ],
          [
            72.63808,
            23.00472
          ],
          [
            72.63792,
            23.00472
          ],
          [
            72.6378,
            23.00473
          ],
          [
            72.6377,
            23.00475
          ],
          [
            72.63753,
            23.00478
          ],
          [
            72.63737,
            23.00483
          ],
          [
            72.63714,
            23.0049
          ],
          [
            72.63681,
            23.00503
          ],
          [
            72.63651,
            23.00512
          ],
          [
            72.63563,
            23.00546
          ],
          [
            72.63474,
            23.00575
          ],
          [
            72.63465,
            23.00578
          ],
          [
            72.63328,
            23.00621
          ],
          [
            72.63208,
            23.00656
          ],
          [
            72.63083,
            23.00691
          ],
          [
            72.63027,
            23.00707
          ],
          [
            72.62992,
            23.00724
          ],
          [
            72.62934,
            23.00746
          ],
          [
            72.62875,
            23.00771
          ],
          [
            72.6284,
            23.00789
          ],
          [
            72.62739,
            23.0083
          ],
          [
            72.62693,
            23.00849
          ],
          [
            72.62651,
            23.00865
          ],
          [
            72.62614,
            23.00874
          ],
          [
            72.62578,
            23.00884
          ],
          [
            72.62522,
            23.00889
          ],
          [
            72.62484,
            23.00892
          ],
          [
            72.6246,
            23.00894
          ],
          [
            72.62434,
            23.00899
          ],
          [
            72.62415,
            23.00904
          ],
          [
            72.62388,
            23.00912
          ],
          [
            72.62356,
            23.00924
          ],
          [
            72.62325,
            23.00936
          ],
          [
            72.62286,
            23.00953
          ],
          [
            72.62223,
            23.00976
          ],
          [
            72.62171,
            23.00996
          ],
          [
            72.62153,
            23.01002
          ],
          [
            72.62101,
            23.01021
          ],
          [
            72.62033,
            23.01045
          ],
          [
            72.61986,
            23.01059
          ],
          [
            72.61962,
            23.01065
          ],
          [
            72.61938,
            23.01068
          ],
          [
            72.61918,
            23.01069
          ],
          [
            72.61824,
            23.0107
          ],
          [
            72.61774,
            23.01072
          ],
          [
            72.61699,
            23.01071
          ],
          [
            72.61678,
            23.01071
          ],
          [
            72.61662,
            23.01071
          ],
          [
            72.61627,
            23.01072
          ],
          [
            72.61583,
            23.01071
          ],
          [
            72.61467,
            23.01074
          ],
          [
            72.61447,
            23.01073
          ],
          [
            72.61417,
            23.0107
          ],
          [
            72.61258,
            23.01052
          ],
          [
            72.61226,
            23.0105
          ],
          [
            72.61175,
            23.01051
          ],
          [
            72.61091,
            23.01044
          ],
          [
            72.60947,
            23.01035
          ],
          [
            72.60876,
            23.01032
          ],
          [
            72.60848,
            23.01032
          ],
          [
            72.60828,
            23.01037
          ],
          [
            72.6081,
            23.01046
          ],
          [
            72.60787,
            23.01068
          ],
          [
            72.60762,
            23.01112
          ],
          [
            72.60737,
            23.0116
          ],
          [
            72.60728,
            23.0121
          ],
          [
            72.60713,
            23.01292
          ],
          [
            72.60705,
            23.0137
          ],
          [
            72.60705,
            23.01462
          ],
          [
            72.60706,
            23.01546
          ],
          [
            72.60704,
            23.01656
          ],
          [
            72.60695,
            23.01834
          ],
          [
            72.60689,
            23.01884
          ],
          [
            72.60674,
            23.0193
          ],
          [
            72.60637,
            23.01977
          ],
          [
            72.60592,
            23.02015
          ],
          [
            72.60473,
            23.02081
          ],
          [
            72.60429,
            23.02106
          ],
          [
            72.60401,
            23.02135
          ],
          [
            72.60347,
            23.02202
          ],
          [
            72.60329,
            23.02238
          ],
          [
            72.60324,
            23.02273
          ],
          [
            72.60319,
            23.0235
          ],
          [
            72.60321,
            23.0247
          ],
          [
            72.60317,
            23.02706
          ],
          [
            72.60314,
            23.02785
          ],
          [
            72.60296,
            23.0287
          ],
          [
            72.60276,
            23.02927
          ],
          [
            72.60246,
            23.02973
          ],
          [
            72.6021,
            23.03005
          ],
          [
            72.6017,
            23.03018
          ],
          [
            72.60118,
            23.03022
          ],
          [
            72.59987,
            23.03027
          ],
          [
            72.59699,
            23.03028
          ],
          [
            72.59581,
            23.0303
          ],
          [
            72.58855,
            23.0278
          ],
          [
            72.58793,
            23.02778
          ],
          [
            72.5875,
            23.02782
          ],
          [
            72.58723,
            23.02794
          ],
          [
            72.58709,
            23.02816
          ],
          [
            72.5868,
            23.0288
          ],
          [
            72.58488,
            23.03358
          ],
          [
            72.58331,
            23.03811
          ],
          [
            72.58314,
            23.0385
          ],
          [
            72.58284,
            23.03881
          ],
          [
            72.5825,
            23.03901
          ],
          [
            72.58194,
            23.03917
          ],
          [
            72.58103,
            23.03925
          ],
          [
            72.57998,
            23.03932
          ],
          [
            72.57905,
            23.03945
          ],
          [
            72.57866,
            23.03943
          ],
          [
            72.57809,
            23.03934
          ],
          [
            72.57772,
            23.0392
          ],
          [
            72.57721,
            23.03894
          ],
          [
            72.57697,
            23.03873
          ],
          [
            72.57655,
            23.03835
          ],
          [
            72.57642,
            23.03824
          ],
          [
            72.57621,
            23.03811
          ],
          [
            72.57595,
            23.038
          ],
          [
            72.57566,
            23.03792
          ],
          [
            72.5752,
            23.03787
          ],
          [
            72.57469,
            23.03785
          ],
          [
            72.57331,
            23.03778
          ],
          [
            72.57207,
            23.03773
          ],
          [
            72.57125,
            23.03768
          ],
          [
            72.57073,
            23.03761
          ],
          [
            72.56987,
            23.03748
          ],
          [
            72.56944,
            23.03743
          ],
          [
            72.56918,
            23.0374
          ],
          [
            72.56892,
            23.03739
          ],
          [
            72.5687,
            23.0374
          ],
          [
            72.56847,
            23.03742
          ],
          [
            72.5679,
            23.03749
          ],
          [
            72.56706,
            23.0376
          ],
          [
            72.56626,
            23.03769
          ],
          [
            72.56587,
            23.03781
          ],
          [
            72.56562,
            23.03792
          ],
          [
            72.56543,
            23.03804
          ],
          [
            72.56524,
            23.03817
          ],
          [
            72.56499,
            23.0384
          ],
          [
            72.56472,
            23.03864
          ],
          [
            72.56412,
            23.03921
          ],
          [
            72.56389,
            23.03937
          ],
          [
            72.56372,
            23.0395
          ],
          [
            72.56343,
            23.03963
          ],
          [
            72.56325,
            23.0397
          ],
          [
            72.56304,
            23.03976
          ],
          [
            72.56281,
            23.0398
          ],
          [
            72.56246,
            23.03982
          ],
          [
            72.56164,
            23.03989
          ],
          [
            72.56091,
            23.03994
          ],
          [
            72.56039,
            23.03997
          ],
          [
            72.55971,
            23.04
          ],
          [
            72.55912,
            23.04003
          ],
          [
            72.55792,
            23.04009
          ],
          [
            72.55728,
            23.04009
          ],
          [
            72.55698,
            23.04007
          ],
          [
            72.55544,
            23.03998
          ],
          [
            72.55464,
            23.03997
          ],
          [
            72.55446,
            23.03999
          ],
          [
            72.55429,
            23.04003
          ],
          [
            72.55415,
            23.04009
          ],
          [
            72.554,
            23.04016
          ],
          [
            72.55309,
            23.04072
          ],
          [
            72.55206,
            23.04128
          ],
          [
            72.55176,
            23.04146
          ],
          [
            72.55147,
            23.04159
          ],
          [
            72.5506,
            23.04193
          ],
          [
            72.54995,
            23.04226
          ],
          [
            72.54941,
            23.04254
          ],
          [
            72.54889,
            23.04286
          ],
          [
            72.54704,
            23.04405
          ],
          [
            72.54682,
            23.04417
          ],
          [
            72.54667,
            23.04422
          ],
          [
            72.5464,
            23.04432
          ],
          [
            72.54611,
            23.04441
          ],
          [
            72.54565,
            23.0445
          ],
          [
            72.54506,
            23.04462
          ],
          [
            72.54452,
            23.04472
          ],
          [
            72.54353,
            23.04489
          ],
          [
            72.54268,
            23.04504
          ],
          [
            72.54233,
            23.04511
          ],
          [
            72.54219,
            23.04515
          ],
          [
            72.54211,
            23.04518
          ],
          [
            72.54181,
            23.04527
          ],
          [
            72.5414,
            23.04545
          ],
          [
            72.54089,
            23.04568
          ],
          [
            72.54036,
            23.04582
          ],
          [
            72.54018,
            23.04586
          ],
          [
            72.53988,
            23.04587
          ],
          [
            72.53924,
            23.04587
          ],
          [
            72.53834,
            23.0459
          ],
          [
            72.53714,
            23.04592
          ],
          [
            72.53658,
            23.04593
          ],
          [
            72.53488,
            23.04593
          ],
          [
            72.53352,
            23.04591
          ],
          [
            72.53288,
            23.04592
          ],
          [
            72.53223,
            23.04597
          ],
          [
            72.53139,
            23.04604
          ],
          [
            72.53057,
            23.04613
          ],
          [
            72.53026,
            23.04615
          ],
          [
            72.53003,
            23.04619
          ],
          [
            72.52971,
            23.04626
          ],
          [
            72.52937,
            23.04639
          ],
          [
            72.52906,
            23.04652
          ],
          [
            72.52799,
            23.04714
          ],
          [
            72.52736,
            23.04746
          ],
          [
            72.52692,
            23.04766
          ],
          [
            72.52648,
            23.0478
          ],
          [
            72.52609,
            23.04789
          ],
          [
            72.5254,
            23.04802
          ],
          [
            72.52451,
            23.04818
          ],
          [
            72.52346,
            23.0484
          ],
          [
            72.52303,
            23.04849
          ],
          [
            72.52263,
            23.0486
          ],
          [
            72.52203,
            23.04884
          ],
          [
            72.52133,
            23.04914
          ],
          [
            72.52038,
            23.04951
          ],
          [
            72.52007,
            23.04962
          ],
          [
            72.51961,
            23.04977
          ],
          [
            72.51933,
            23.04982
          ],
          [
            72.51891,
            23.04988
          ],
          [
            72.51838,
            23.04993
          ],
          [
            72.51768,
            23.04989
          ],
          [
            72.51691,
            23.04984
          ],
          [
            72.51601,
            23.04978
          ],
          [
            72.51517,
            23.04974
          ],
          [
            72.51507,
            23.04975
          ],
          [
            72.51501,
            23.04976
          ],
          [
            72.5145,
            23.04997
          ],
          [
            72.5143,
            23.05
          ],
          [
            72.51421,
            23.05001
          ],
          [
            72.51411,
            23.05001
          ],
          [
            72.51378,
            23.05001
          ],
          [
            72.51323,
            23.05005
          ],
          [
            72.51289,
            23.0501
          ],
          [
            72.5127,
            23.05011
          ],
          [
            72.51253,
            23.05012
          ],
          [
            72.51233,
            23.05011
          ],
          [
            72.51212,
            23.05011
          ],
          [
            72.51166,
            23.05007
          ],
          [
            72.51153,
            23.05007
          ],
          [
            72.51138,
            23.05008
          ],
          [
            72.51124,
            23.0501
          ],
          [
            72.51113,
            23.05012
          ],
          [
            72.51078,
            23.05024
          ],
          [
            72.51049,
            23.05035
          ],
          [
            72.51023,
            23.0504
          ],
          [
            72.51013,
            23.05041
          ],
          [
            72.50997,
            23.05043
          ],
          [
            72.50885,
            23.05046
          ],
          [
            72.50865,
            23.05047
          ],
          [
            72.50828,
            23.05045
          ],
          [
            72.50776,
            23.0504
          ],
          [
            72.50701,
            23.05023
          ]
        ]
      },
      "properties": {
        "segment_id": "ahm-blue-seg-01",
        "line_id": "ahm-blue",
        "line_name": "Blue Line (Thaltej Gam - Vastral Gam)",
        "city_id": "ahmedabad",
        "city": "Ahmedabad",
        "operator": "GMRC",
        "status": "operational",
        "phase": "1",
        "length_km": 19.8,
        "gauge": "standard",
        "inaugurated_on": "2019-03-04",
        "expected_completion": null,
        "stations_count": 18,
        "color": "#0000FF",
        "source": "osm",
        "references": [
          "https://www.gujaratmetrorail.com/projects/project-overview/"
        ],
        "completion_unconfirmed": false,
        "last_verified": null,
        "retrieved_at": "2026-10-08",
        "geometry_quality": "exact"
      }
    },
    {
      "type": "Feature",
      "geometry": {
        "type": "LineString",
        "coordinates": [
          [
            72.53709,
            22.9978
          ],
          [
            72.53682,
            22.99835
          ],
          [
            72.53642,
            22.99915
          ],
          [
            72.53606,
            22.99998
          ],
          [
            72.53557,
            23.00111
          ],
          [
            72.53466,
            23.00314
          ],
          [
            72.53376,
            23.00498
          ],
          [
            72.53347,
            23.00553
          ],
          [
            72.53318,
            23.0061
          ],
          [
            72.53278,
            23.00687
          ],
          [
            72.53247,
            23.00747
          ],
          [
            72.5323,
            23.00783
          ],
          [
            72.53228,
            23.00793
          ],
          [
            72.53226,
            23.00804
          ],
          [
            72.53225,
            23.00814
          ],
          [
            72.53225,
            23.00825
          ],
          [
            72.53226,
            23.00836
          ],
          [
            72.53228,
            23.00847
          ],
          [
            72.53231,
            23.00857
          ],
          [
            72.53235,
            23.00867
          ],
          [
            72.5324,
            23.00877
          ],
          [
            72.53246,
            23.00886
          ],
          [
            72.53252,
            23.00895
          ],
          [
            72.5326,
            23.00903
          ],
          [
            72.53267,
            23.00911
          ],
          [
            72.53276,
            23.00918
          ],
          [
            72.53285,
            23.00924
          ],
          [
            72.53295,
            23.0093
          ],
          [
            72.53306,
            23.00935
          ],
          [
            72.53316,
            23.00939
          ],
          [
            72.53327,
            23.00942
          ],
          [
            72.53338,
            23.00944
          ],
          [
            72.53356,
            23.00947
          ],
          [
            72.53414,
            23.00953
          ],
          [
            72.53609,
            23.00971
          ],
          [
            72.53676,
            23.00977
          ],
          [
            72.53752,
            23.00985
          ],
          [
            72.53821,
            23.00992
          ],
          [
            72.53873,
            23.00999
          ],
          [
            72.53923,
            23.01009
          ],
          [
            72.53999,
            23.01026
          ],
          [
            72.54271,
            23.01127
          ],
          [
            72.54539,
            23.01224
          ],
          [
            72.54684,
            23.01277
          ],
          [
            72.54859,
            23.01341
          ],
          [
            72.54924,
            23.01365
          ],
          [
            72.54988,
            23.01387
          ],
          [
            72.55012,
            23.01395
          ],
          [
            72.55141,
            23.01444
          ],
          [
            72.55208,
            23.01469
          ],
          [
            72.55407,
            23.01544
          ],
          [
            72.55676,
            23.01641
          ],
          [
            72.55998,
            23.01758
          ],
          [
            72.56043,
            23.01781
          ],
          [
            72.56111,
            23.01811
          ],
          [
            72.56158,
            23.0183
          ],
          [
            72.56233,
            23.01855
          ],
          [
            72.56364,
            23.01904
          ],
          [
            72.5646,
            23.0193
          ],
          [
            72.56498,
            23.0194
          ],
          [
            72.56592,
            23.01974
          ],
          [
            72.56629,
            23.01988
          ],
          [
            72.56674,
            23.02012
          ],
          [
            72.56721,
            23.02044
          ],
          [
            72.56755,
            23.02076
          ],
          [
            72.56787,
            23.02109
          ],
          [
            72.5681,
            23.02139
          ],
          [
            72.56826,
            23.02171
          ],
          [
            72.56848,
            23.0222
          ],
          [
            72.56858,
            23.02255
          ],
          [
            72.56867,
            23.02313
          ],
          [
            72.56874,
            23.02388
          ],
          [
            72.56879,
            23.02466
          ],
          [
            72.56882,
            23.02717
          ],
          [
            72.56887,
            23.02798
          ],
          [
            72.56885,
            23.02951
          ],
          [
            72.56882,
            23.03021
          ],
          [
            72.56879,
            23.0305
          ],
          [
            72.56868,
            23.03096
          ],
          [
            72.5685,
            23.03168
          ],
          [
            72.568,
            23.03368
          ],
          [
            72.56772,
            23.03465
          ],
          [
            72.56745,
            23.03539
          ],
          [
            72.56723,
            23.03605
          ],
          [
            72.56703,
            23.03679
          ],
          [
            72.56687,
            23.03747
          ],
          [
            72.56672,
            23.03823
          ],
          [
            72.56663,
            23.03882
          ],
          [
            72.5666,
            23.03906
          ],
          [
            72.56651,
            23.03962
          ],
          [
            72.56634,
            23.04027
          ],
          [
            72.5661,
            23.04116
          ],
          [
            72.56567,
            23.04292
          ],
          [
            72.56525,
            23.04465
          ],
          [
            72.56493,
            23.04591
          ],
          [
            72.56457,
            23.04733
          ],
          [
            72.56401,
            23.0494
          ],
          [
            72.56369,
            23.05066
          ],
          [
            72.56354,
            23.0513
          ],
          [
            72.56339,
            23.05187
          ],
          [
            72.56332,
            23.05213
          ],
          [
            72.56319,
            23.05273
          ],
          [
            72.56311,
            23.05299
          ],
          [
            72.56269,
            23.05472
          ],
          [
            72.56225,
            23.05643
          ],
          [
            72.56182,
            23.05816
          ],
          [
            72.56139,
            23.05983
          ],
          [
            72.56126,
            23.06047
          ],
          [
            72.56115,
            23.06082
          ],
          [
            72.56104,
            23.0613
          ],
          [
            72.56094,
            23.06177
          ],
          [
            72.56091,
            23.0621
          ],
          [
            72.5609,
            23.06255
          ],
          [
            72.56094,
            23.063
          ],
          [
            72.56099,
            23.0635
          ],
          [
            72.56108,
            23.06394
          ],
          [
            72.56123,
            23.0644
          ],
          [
            72.56146,
            23.06502
          ],
          [
            72.56187,
            23.06588
          ],
          [
            72.56223,
            23.06677
          ],
          [
            72.56232,
            23.06694
          ],
          [
            72.56244,
            23.06711
          ],
          [
            72.56265,
            23.06728
          ],
          [
            72.56294,
            23.06745
          ],
          [
            72.56312,
            23.06751
          ],
          [
            72.56356,
            23.06761
          ],
          [
            72.56422,
            23.06767
          ],
          [
            72.56589,
            23.0677
          ],
          [
            72.56777,
            23.06771
          ],
          [
            72.56985,
            23.06768
          ],
          [
            72.5713,
            23.06764
          ],
          [
            72.57193,
            23.06766
          ],
          [
            72.57342,
            23.0677
          ],
          [
            72.57415,
            23.06772
          ],
          [
            72.57487,
            23.06773
          ],
          [
            72.57547,
            23.06773
          ],
          [
            72.57655,
            23.06774
          ],
          [
            72.57694,
            23.0678
          ],
          [
            72.57757,
            23.06792
          ],
          [
            72.57963,
            23.0684
          ],
          [
            72.58034,
            23.06859
          ],
          [
            72.58068,
            23.0687
          ],
          [
            72.5814,
            23.069
          ],
          [
            72.5818,
            23.06914
          ],
          [
            72.58221,
            23.06925
          ],
          [
            72.58258,
            23.06931
          ],
          [
            72.58334,
            23.06941
          ],
          [
            72.58483,
            23.06961
          ],
          [
            72.58548,
            23.06967
          ],
          [
            72.58754,
            23.06984
          ],
          [
            72.58812,
            23.06987
          ],
          [
            72.58841,
            23.0699
          ],
          [
            72.58864,
            23.06996
          ],
          [
            72.58885,
            23.07006
          ],
          [
            72.58898,
            23.07013
          ],
          [
            72.58928,
            23.07034
          ],
          [
            72.58943,
            23.07046
          ],
          [
            72.58961,
            23.0707
          ],
          [
            72.58998,
            23.07124
          ],
          [
            72.59019,
            23.07154
          ],
          [
            72.5904,
            23.07177
          ],
          [
            72.59104,
            23.07251
          ],
          [
            72.59165,
            23.07316
          ],
          [
            72.59267,
            23.07439
          ],
          [
            72.59327,
            23.07512
          ],
          [
            72.59369,
            23.0757
          ],
          [
            72.59436,
            23.07654
          ],
          [
            72.59485,
            23.07717
          ],
          [
            72.59504,
            23.07744
          ],
          [
            72.59513,
            23.07764
          ],
          [
            72.59519,
            23.07786
          ],
          [
            72.59521,
            23.07813
          ],
          [
            72.5952,
            23.07833
          ],
          [
            72.59515,
            23.07856
          ],
          [
            72.59507,
            23.07877
          ],
          [
            72.59494,
            23.07897
          ],
          [
            72.5943,
            23.07994
          ],
          [
            72.59401,
            23.08037
          ],
          [
            72.59383,
            23.08069
          ],
          [
            72.59366,
            23.0811
          ],
          [
            72.5935,
            23.08163
          ],
          [
            72.59315,
            23.08275
          ],
          [
            72.59277,
            23.08385
          ],
          [
            72.59218,
            23.08562
          ],
          [
            72.59194,
            23.08636
          ],
          [
            72.59175,
            23.08693
          ],
          [
            72.59156,
            23.0875
          ],
          [
            72.59142,
            23.0879
          ],
          [
            72.59134,
            23.08829
          ],
          [
            72.59135,
            23.08857
          ],
          [
            72.59141,
            23.0888
          ],
          [
            72.59148,
            23.08901
          ],
          [
            72.59163,
            23.08923
          ],
          [
            72.59183,
            23.08947
          ],
          [
            72.59236,
            23.09018
          ],
          [
            72.59269,
            23.09067
          ],
          [
            72.59398,
            23.09264
          ],
          [
            72.59529,
            23.09464
          ],
          [
            72.59579,
            23.09545
          ],
          [
            72.59667,
            23.09679
          ]
        ]
      },
      "properties": {
        "segment_id": "ahm-red-seg-01",
        "line_id": "ahm-red",
        "line_name": "Red Line (APMC - Motera Stadium)",
        "city_id": "ahmedabad",
        "city": "Ahmedabad",
        "operator": "GMRC",
        "status": "operational",
        "phase": "1",
        "length_km": 16.7,
        "gauge": "standard",
        "inaugurated_on": "2022-09-30",
        "expected_completion": null,
        "stations_count": 14,
        "color": "#FF0000",
        "source": "osm",
        "references": [
          "https://www.gujaratmetrorail.com/projects/project-overview/"
        ],
        "completion_unconfirmed": false,
        "last_verified": null,
        "retrieved_at": "2026-10-08",
        "geometry_quality": "exact"
      }
    },
    {
      "type": "Feature",
      "geometry": {
        "type": "LineString",
        "coordinates": [
          [
            72.59667,
            23.09679
          ],
          [
            72.59702,
            23.09731
          ],
          [
            72.59712,
            23.09749
          ],
          [
            72.59724,
            23.09765
          ],
          [
            72.59741,
            23.09785
          ],
          [
            72.5976,
            23.09802
          ],
          [
            72.59792,
            23.09824
          ],
          [
            72.5985,
            23.0987
          ],
          [
            72.59905,
            23.09921
          ],
          [
            72.60015,
            23.10022
          ],
          [
            72.60082,
            23.10082
          ],
          [
            72.60122,
            23.10128
          ],
          [
            72.6014,
            23.10166
          ],
          [
            72.60157,
            23.10203
          ],
          [
            72.60211,
            23.10312
          ],
          [
            72.60232,
            23.10355
          ],
          [
            72.60303,
            23.10511
          ],
          [
            72.60379,
            23.10667
          ],
          [
            72.60528,
            23.10979
          ],
          [
            72.60623,
            23.11166
          ],
          [
            72.60672,
            23.11261
          ],
          [
            72.60687,
            23.11288
          ],
          [
            72.60709,
            23.11319
          ],
          [
            72.60727,
            23.11337
          ],
          [
            72.60766,
            23.11367
          ],
          [
            72.60838,
            23.11421
          ],
          [
            72.61323,
            23.11805
          ],
          [
            72.61578,
            23.12014
          ],
          [
            72.61812,
            23.122
          ],
          [
            72.62209,
            23.12515
          ],
          [
            72.63103,
            23.13226
          ],
          [
            72.63168,
            23.13278
          ],
          [
            72.633,
            23.13382
          ],
          [
            72.63579,
            23.1357
          ],
          [
            72.63586,
            23.13575
          ],
          [
            72.63591,
            23.13581
          ],
          [
            72.63596,
            23.13587
          ],
          [
            72.63601,
            23.13593
          ],
          [
            72.63605,
            23.136
          ],
          [
            72.63609,
            23.13607
          ],
          [
            72.63612,
            23.13614
          ],
          [
            72.63614,
            23.13621
          ],
          [
            72.63678,
            23.13906
          ],
          [
            72.63712,
            23.14045
          ],
          [
            72.63721,
            23.14065
          ],
          [
            72.63743,
            23.14095
          ],
          [
            72.63767,
            23.14122
          ],
          [
            72.63781,
            23.14132
          ],
          [
            72.63858,
            23.142
          ],
          [
            72.63919,
            23.14249
          ],
          [
            72.64026,
            23.14338
          ],
          [
            72.64234,
            23.14512
          ],
          [
            72.64257,
            23.14538
          ],
          [
            72.64283,
            23.14579
          ],
          [
            72.64388,
            23.14762
          ],
          [
            72.64433,
            23.14839
          ],
          [
            72.64534,
            23.15017
          ],
          [
            72.64635,
            23.15195
          ],
          [
            72.64745,
            23.15448
          ],
          [
            72.64806,
            23.15603
          ],
          [
            72.64812,
            23.15617
          ],
          [
            72.64839,
            23.15684
          ],
          [
            72.64858,
            23.15737
          ],
          [
            72.64865,
            23.15765
          ],
          [
            72.6487,
            23.15793
          ],
          [
            72.64873,
            23.15817
          ],
          [
            72.64875,
            23.15842
          ],
          [
            72.64873,
            23.15894
          ],
          [
            72.64865,
            23.16
          ],
          [
            72.6486,
            23.1611
          ],
          [
            72.64855,
            23.16181
          ],
          [
            72.64846,
            23.16348
          ],
          [
            72.64831,
            23.16639
          ],
          [
            72.64824,
            23.16779
          ],
          [
            72.64828,
            23.16856
          ],
          [
            72.64821,
            23.16975
          ],
          [
            72.648,
            23.17185
          ],
          [
            72.64774,
            23.1742
          ],
          [
            72.64741,
            23.17815
          ],
          [
            72.64726,
            23.17908
          ],
          [
            72.64711,
            23.18033
          ],
          [
            72.64702,
            23.18141
          ],
          [
            72.64725,
            23.18375
          ],
          [
            72.64732,
            23.18443
          ],
          [
            72.64734,
            23.18469
          ],
          [
            72.64734,
            23.18492
          ],
          [
            72.64732,
            23.18509
          ],
          [
            72.64727,
            23.18528
          ],
          [
            72.6472,
            23.18544
          ],
          [
            72.6471,
            23.1856
          ],
          [
            72.647,
            23.1857
          ],
          [
            72.64686,
            23.18583
          ],
          [
            72.64671,
            23.18592
          ],
          [
            72.64647,
            23.186
          ],
          [
            72.6463,
            23.18603
          ],
          [
            72.64595,
            23.18604
          ],
          [
            72.64541,
            23.18602
          ],
          [
            72.64448,
            23.18598
          ],
          [
            72.64331,
            23.18593
          ],
          [
            72.6421,
            23.18589
          ],
          [
            72.64052,
            23.18582
          ],
          [
            72.64019,
            23.18586
          ],
          [
            72.63991,
            23.18593
          ],
          [
            72.63978,
            23.186
          ],
          [
            72.63966,
            23.18608
          ],
          [
            72.63946,
            23.18627
          ],
          [
            72.63933,
            23.18643
          ],
          [
            72.63925,
            23.18659
          ],
          [
            72.63919,
            23.18674
          ],
          [
            72.63916,
            23.18694
          ],
          [
            72.63916,
            23.18713
          ],
          [
            72.63929,
            23.18828
          ],
          [
            72.63956,
            23.19082
          ],
          [
            72.63969,
            23.19226
          ],
          [
            72.63979,
            23.19304
          ],
          [
            72.64001,
            23.19479
          ],
          [
            72.64013,
            23.19563
          ],
          [
            72.64027,
            23.1974
          ],
          [
            72.6403,
            23.19875
          ],
          [
            72.64044,
            23.19979
          ],
          [
            72.64067,
            23.20054
          ],
          [
            72.64093,
            23.20128
          ],
          [
            72.64133,
            23.20199
          ],
          [
            72.64182,
            23.20279
          ],
          [
            72.64231,
            23.20359
          ],
          [
            72.64312,
            23.20491
          ],
          [
            72.64379,
            23.20592
          ],
          [
            72.64505,
            23.20791
          ],
          [
            72.64598,
            23.20939
          ],
          [
            72.64645,
            23.21017
          ],
          [
            72.64696,
            23.21097
          ],
          [
            72.64747,
            23.21179
          ],
          [
            72.64755,
            23.21188
          ],
          [
            72.64763,
            23.21195
          ],
          [
            72.64783,
            23.21207
          ],
          [
            72.648,
            23.21214
          ],
          [
            72.64811,
            23.21218
          ],
          [
            72.64832,
            23.21223
          ],
          [
            72.64844,
            23.21224
          ],
          [
            72.64866,
            23.21221
          ],
          [
            72.6489,
            23.21216
          ],
          [
            72.64927,
            23.212
          ],
          [
            72.6502,
            23.21149
          ],
          [
            72.65111,
            23.211
          ],
          [
            72.65279,
            23.21012
          ],
          [
            72.65393,
            23.20949
          ],
          [
            72.65404,
            23.20942
          ],
          [
            72.65426,
            23.20935
          ],
          [
            72.65445,
            23.20935
          ],
          [
            72.65463,
            23.20938
          ],
          [
            72.65487,
            23.20942
          ],
          [
            72.65511,
            23.20948
          ],
          [
            72.65518,
            23.20951
          ],
          [
            72.65528,
            23.20957
          ],
          [
            72.65533,
            23.20963
          ],
          [
            72.65629,
            23.21114
          ],
          [
            72.65752,
            23.21311
          ],
          [
            72.65873,
            23.21507
          ],
          [
            72.66088,
            23.21846
          ],
          [
            72.6623,
            23.22072
          ],
          [
            72.66417,
            23.22368
          ],
          [
            72.66478,
            23.22465
          ],
          [
            72.66493,
            23.22492
          ],
          [
            72.66501,
            23.22515
          ],
          [
            72.66507,
            23.22532
          ],
          [
            72.66504,
            23.22556
          ],
          [
            72.66496,
            23.22577
          ],
          [
            72.66463,
            23.22611
          ],
          [
            72.66359,
            23.22668
          ],
          [
            72.6633,
            23.22685
          ],
          [
            72.66256,
            23.22727
          ],
          [
            72.65941,
            23.22891
          ],
          [
            72.65465,
            23.23149
          ],
          [
            72.65123,
            23.2333
          ],
          [
            72.65016,
            23.23387
          ],
          [
            72.64679,
            23.23567
          ],
          [
            72.64576,
            23.2362
          ],
          [
            72.64147,
            23.2385
          ],
          [
            72.63904,
            23.2398
          ],
          [
            72.63878,
            23.23992
          ],
          [
            72.63857,
            23.23998
          ],
          [
            72.63846,
            23.24
          ],
          [
            72.63828,
            23.24002
          ],
          [
            72.63808,
            23.24001
          ],
          [
            72.63792,
            23.23997
          ],
          [
            72.63778,
            23.23993
          ],
          [
            72.63763,
            23.23986
          ],
          [
            72.63751,
            23.23971
          ],
          [
            72.63734,
            23.23942
          ],
          [
            72.63694,
            23.23878
          ],
          [
            72.63389,
            23.23393
          ]
        ]
      },
      "properties": {
        "segment_id": "ahm-yellow-seg-01",
        "line_id": "ahm-yellow",
        "line_name": "Yellow Line (Motera Stadium - Mahatma Mandir)",
        "city_id": "ahmedabad",
        "city": "Ahmedabad",
        "operator": "GMRC",
        "status": "operational",
        "phase": "2",
        "length_km": 22.8,
        "gauge": "standard",
        "inaugurated_on": "2024-09-16",
        "expected_completion": null,
        "stations_count": 21,
        "color": "#FFD700",
        "source": "osm",
        "references": [
          "https://www.gujaratmetrorail.com/projects/project-overview/"
        ],
        "completion_unconfirmed": false,
        "last_verified": null,
        "retrieved_at": "2026-10-08",
        "geometry_quality": "exact"
      }
    },
    {
      "type": "Feature",
      "geometry": {
        "type": "LineString",
        "coordinates": [
          [
            72.64745,
            23.15448
          ],
          [
            72.64806,
            23.15603
          ],
          [
            72.64812,
            23.15617
          ],
          [
            72.64829,
            23.15646
          ],
          [
            72.64861,
            23.15702
          ],
          [
            72.64872,
            23.15716
          ],
          [
            72.64882,
            23.15726
          ],
          [
            72.64904,
            23.15745
          ],
          [
            72.64918,
            23.15754
          ],
          [
            72.64919,
            23.15755
          ],
          [
            72.64947,
            23.15766
          ],
          [
            72.64968,
            23.15771
          ],
          [
            72.64988,
            23.15775
          ],
          [
            72.65005,
            23.15776
          ],
          [
            72.65022,
            23.15776
          ],
          [
            72.65043,
            23.15772
          ],
          [
            72.65113,
            23.15757
          ],
          [
            72.65342,
            23.157
          ],
          [
            72.6557,
            23.15645
          ],
          [
            72.65956,
            23.15552
          ],
          [
            72.65994,
            23.15541
          ],
          [
            72.66026,
            23.1553
          ],
          [
            72.66125,
            23.15495
          ],
          [
            72.66269,
            23.15445
          ],
          [
            72.66563,
            23.15368
          ],
          [
            72.6686,
            23.15292
          ],
          [
            72.67094,
            23.15233
          ],
          [
            72.67195,
            23.152
          ],
          [
            72.67287,
            23.15173
          ],
          [
            72.67363,
            23.15156
          ],
          [
            72.67963,
            23.15072
          ],
          [
            72.68258,
            23.15028
          ],
          [
            72.68301,
            23.1502
          ],
          [
            72.68322,
            23.15019
          ],
          [
            72.68344,
            23.15022
          ],
          [
            72.6837,
            23.15031
          ],
          [
            72.68394,
            23.15044
          ],
          [
            72.68413,
            23.15064
          ],
          [
            72.68427,
            23.15082
          ],
          [
            72.68439,
            23.15109
          ],
          [
            72.685,
            23.15232
          ],
          [
            72.68552,
            23.15337
          ]
        ]
      },
      "properties": {
        "segment_id": "ahm-violet-seg-01",
        "line_id": "ahm-violet",
        "line_name": "Violet Line (GNLU - GIFT City)",
        "city_id": "ahmedabad",
        "city": "Ahmedabad",
        "operator": "GMRC",
        "status": "operational",
        "phase": "2",
        "length_km": 4.4,
        "gauge": "standard",
        "inaugurated_on": "2024-09-16",
        "expected_completion": null,
        "stations_count": 3,
        "color": "#8A2BE2",
        "source": "osm",
        "references": [
          "https://www.gujaratmetrorail.com/projects/project-overview/"
        ],
        "completion_unconfirmed": false,
        "last_verified": null,
        "retrieved_at": "2026-10-08",
        "geometry_quality": "exact"
      }
    }
  ]
}