{
  "type": "FeatureCollection",
  "features": [
    {
      "type": "Feature",
      "geometry": {
        "type": "Point",
        "coordinates": [
          77.472806,
          13.057421
        ]
      },
      "properties": {
        "station_id": "blr-madavara",
        "name": "Madavara",
        "city_id": "bengaluru",
        "city": "Bengaluru",
        "line_ids": [
          "blr-green"
        ],
        "status": "operational",
        "phase": "1",
        "is_interchange": false,
        "opened_on": "2006-11-11",
        "expected_completion": null,
        "layout": "elevated",
        "source": "osm",
        "last_verified": "2026-10-05"
      }
    },
    {
      "type": "Feature",
      "geometry": {
        "type": "Point",
        "coordinates": [
          77.487915,
          13.052362
        ]
      },
      "properties": {
        "station_id": "blr-chikkabidarakallu",
        "name": "Chikkabidarakallu",
        "city_id": "bengaluru",
        "city": "Bengaluru",
        "line_ids": [
          "blr-green"
        ],
        "status": "operational",
        "phase": "1",
        "is_interchange": false,
        "opened_on": "2006-11-11",
        "expected_completion": null,
        "layout": "elevated",
        "source": "osm",
        "last_verified": "2026-10-05"
      }
    },
    {
      "type": "Feature",
      "geometry": {
        "type": "Point",
        "coordinates": [
          77.494446,
          13.05009
        ]
      },
      "properties": {
        "station_id": "blr-manjunathanagara",
        "name": "Manjunathanagara",
        "city_id": "bengaluru",
        "city": "Bengaluru",
        "line_ids": [
          "blr-green"
        ],
        "status": "operational",
        "phase": "1",
        "is_interchange": false,
        "opened_on": "2006-11-11",
        "expected_completion": null,
        "layout": "elevated",
        "source": "osm",
        "last_verified": "2026-10-05"
      }
    },
    {
      "type": "Feature",
      "geometry": {
        "type": "Point",
        "coordinates": [
          77.624858,
          13.042279
        ]
      },
      "properties": {
        "station_id": "blr-nagawara-proposed",
        "name": "Nagawara (Proposed)",
        "city_id": "bengaluru",
        "city": "Bengaluru",
        "line_ids": [
          "blr-pink"
        ],
        "status": "planned",
        "phase": "2",
        "is_interchange": false,
        "opened_on": null,
        "expected_completion": "2028",
        "layout": "elevated",
        "source": "osm",
        "last_verified": "2026-10-05"
      }
    },
    {
      "type": "Feature",
      "geometry": {
        "type": "Point",
        "coordinates": [
          77.599966,
          12.916731
        ]
      },
      "properties": {
        "station_id": "blr-jayadeva-hospital",
        "name": "Jayadeva Hospital",
        "city_id": "bengaluru",
        "city": "Bengaluru",
        "line_ids": [
          "blr-yellow"
        ],
        "status": "operational",
        "phase": "2",
        "is_interchange": true,
        "opened_on": "2006-11-11",
        "expected_completion": null,
        "layout": "elevated",
        "source": "osm",
        "last_verified": "2026-10-05"
      }
    },
    {
      "type": "Feature",
      "geometry": {
        "type": "Point",
        "coordinates": [
          77.668479,
          12.996496
        ]
      },
      "properties": {
        "station_id": "blr-benniganahalli",
        "name": "Benniganahalli",
        "city_id": "bengaluru",
        "city": "Bengaluru",
        "line_ids": [
          "blr-purple"
        ],
        "status": "operational",
        "phase": "1",
        "is_interchange": false,
        "opened_on": "2006-11-11",
        "expected_completion": null,
        "layout": "elevated",
        "source": "osm",
        "last_verified": "2026-10-05"
      }
    },
    {
      "type": "Feature",
      "geometry": {
        "type": "Point",
        "coordinates": [
          77.757949,
          12.995743
        ]
      },
      "properties": {
        "station_id": "blr-whitefield-kadugodi",
        "name": "Whitefield (Kadugodi)",
        "city_id": "bengaluru",
        "city": "Bengaluru",
        "line_ids": [
          "blr-purple"
        ],
        "status": "operational",
        "phase": "1",
        "is_interchange": false,
        "opened_on": "2006-11-11",
        "expected_completion": null,
        "layout": "elevated",
        "source": "osm",
        "last_verified": "2026-10-05"
      }
    },
    {
      "type": "Feature",
      "geometry": {
        "type": "Point",
        "coordinates": [
          77.753884,
          12.987297
        ]
      },
      "properties": {
        "station_id": "blr-hopefarm-channasandra",
        "name": "Hopefarm Channasandra",
        "city_id": "bengaluru",
        "city": "Bengaluru",
        "line_ids": [
          "blr-purple"
        ],
        "status": "operational",
        "phase": "1",
        "is_interchange": false,
        "opened_on": "2006-11-11",
        "expected_completion": null,
        "layout": "elevated",
        "source": "osm",
        "last_verified": "2026-10-05"
      }
    },
    {
      "type": "Feature",
      "geometry": {
        "type": "Point",
        "coordinates": [
          77.737772,
          12.987639
        ]
      },
      "properties": {
        "station_id": "blr-pattandur-agrahara",
        "name": "Pattandur Agrahara",
        "city_id": "bengaluru",
        "city": "Bengaluru",
        "line_ids": [
          "blr-purple"
        ],
        "status": "operational",
        "phase": "1",
        "is_interchange": false,
        "opened_on": "2006-11-11",
        "expected_completion": null,
        "layout": "elevated",
        "source": "osm",
        "last_verified": "2026-10-05"
      }
    },
    {
      "type": "Feature",
      "geometry": {
        "type": "Point",
        "coordinates": [
          77.727536,
          12.981195
        ]
      },
      "properties": {
        "station_id": "blr-sri-sathya-sai-hospital",
        "name": "Sri Sathya Sai Hospital",
        "city_id": "bengaluru",
        "city": "Bengaluru",
        "line_ids": [
          "blr-purple"
        ],
        "status": "operational",
        "phase": "1",
        "is_interchange": false,
        "opened_on": "2006-11-11",
        "expected_completion": null,
        "layout": "elevated",
        "source": "osm",
        "last_verified": "2026-10-05"
      }
    },
    {
      "type": "Feature",
      "geometry": {
        "type": "Point",
        "coordinates": [
          77.724885,
          12.976641
        ]
      },
      "properties": {
        "station_id": "blr-nallurahalli",
        "name": "Nallurahalli",
        "city_id": "bengaluru",
        "city": "Bengaluru",
        "line_ids": [
          "blr-purple"
        ],
        "status": "operational",
        "phase": "1",
        "is_interchange": false,
        "opened_on": "2006-11-11",
        "expected_completion": null,
        "layout": "elevated",
        "source": "osm",
        "last_verified": "2026-10-05"
      }
    },
    {
      "type": "Feature",
      "geometry": {
        "type": "Point",
        "coordinates": [
          77.715559,
          12.977594
        ]
      },
      "properties": {
        "station_id": "blr-kundalahalli",
        "name": "Kundalahalli",
        "city_id": "bengaluru",
        "city": "Bengaluru",
        "line_ids": [
          "blr-purple"
        ],
        "status": "operational",
        "phase": "1",
        "is_interchange": false,
        "opened_on": "2006-11-11",
        "expected_completion": null,
        "layout": "elevated",
        "source": "osm",
        "last_verified": "2026-10-05"
      }
    },
    {
      "type": "Feature",
      "geometry": {
        "type": "Point",
        "coordinates": [
          77.708785,
          12.980856
        ]
      },
      "properties": {
        "station_id": "blr-seetharampalya",
        "name": "Seetharampalya",
        "city_id": "bengaluru",
        "city": "Bengaluru",
        "line_ids": [
          "blr-purple"
        ],
        "status": "operational",
        "phase": "1",
        "is_interchange": false,
        "opened_on": "2006-11-11",
        "expected_completion": null,
        "layout": "elevated",
        "source": "osm",
        "last_verified": "2026-10-05"
      }
    },
    {
      "type": "Feature",
      "geometry": {
        "type": "Point",
        "coordinates": [
          77.711326,
          12.988803
        ]
      },
      "properties": {
        "station_id": "blr-hoodi",
        "name": "Hoodi",
        "city_id": "bengaluru",
        "city": "Bengaluru",
        "line_ids": [
          "blr-purple"
        ],
        "status": "operational",
        "phase": "1",
        "is_interchange": false,
        "opened_on": "2006-11-11",
        "expected_completion": null,
        "layout": "elevated",
        "source": "osm",
        "last_verified": "2026-10-05"
      }
    },
    {
      "type": "Feature",
      "geometry": {
        "type": "Point",
        "coordinates": [
          77.703677,
          12.99345
        ]
      },
      "properties": {
        "station_id": "blr-garudacharpalya",
        "name": "Garudacharpalya",
        "city_id": "bengaluru",
        "city": "Bengaluru",
        "line_ids": [
          "blr-purple"
        ],
        "status": "operational",
        "phase": "1",
        "is_interchange": false,
        "opened_on": "2006-11-11",
        "expected_completion": null,
        "layout": "elevated",
        "source": "osm",
        "last_verified": "2026-10-05"
      }
    },
    {
      "type": "Feature",
      "geometry": {
        "type": "Point",
        "coordinates": [
          77.692718,
          12.996545
        ]
      },
      "properties": {
        "station_id": "blr-singayyanapalya",
        "name": "Singayyanapalya",
        "city_id": "bengaluru",
        "city": "Bengaluru",
        "line_ids": [
          "blr-purple"
        ],
        "status": "operational",
        "phase": "1",
        "is_interchange": false,
        "opened_on": "2006-11-11",
        "expected_completion": null,
        "layout": "elevated",
        "source": "osm",
        "last_verified": "2026-10-05"
      }
    },
    {
      "type": "Feature",
      "geometry": {
        "type": "Point",
        "coordinates": [
          77.67767,
          12.999902
        ]
      },
      "properties": {
        "station_id": "blr-krishnarajapura",
        "name": "Krishnarajapura",
        "city_id": "bengaluru",
        "city": "Bengaluru",
        "line_ids": [
          "blr-purple"
        ],
        "status": "operational",
        "phase": "1",
        "is_interchange": false,
        "opened_on": "2006-11-11",
        "expected_completion": null,
        "layout": "elevated",
        "source": "osm",
        "last_verified": "2026-10-05"
      }
    },
    {
      "type": "Feature",
      "geometry": {
        "type": "Point",
        "coordinates": [
          77.688345,
          12.819394
        ]
      },
      "properties": {
        "station_id": "blr-delta-electronics-bommasandra",
        "name": "Delta Electronics Bommasandra",
        "city_id": "bengaluru",
        "city": "Bengaluru",
        "line_ids": [
          "blr-yellow"
        ],
        "status": "operational",
        "phase": "2",
        "is_interchange": false,
        "opened_on": "2006-11-11",
        "expected_completion": null,
        "layout": "elevated",
        "source": "osm",
        "last_verified": "2026-10-05"
      }
    },
    {
      "type": "Feature",
      "geometry": {
        "type": "Point",
        "coordinates": [
          77.677372,
          12.839157
        ]
      },
      "properties": {
        "station_id": "blr-huskur-road",
        "name": "Huskur Road",
        "city_id": "bengaluru",
        "city": "Bengaluru",
        "line_ids": [
          "blr-yellow"
        ],
        "status": "operational",
        "phase": "2",
        "is_interchange": false,
        "opened_on": "2006-11-11",
        "expected_completion": null,
        "layout": "elevated",
        "source": "osm",
        "last_verified": "2026-10-05"
      }
    },
    {
      "type": "Feature",
      "geometry": {
        "type": "Point",
        "coordinates": [
          77.671187,
          12.84644
        ]
      },
      "properties": {
        "station_id": "blr-infosys-foundation-konappana-agrahara",
        "name": "Infosys Foundation Konappana Agrahara",
        "city_id": "bengaluru",
        "city": "Bengaluru",
        "line_ids": [
          "blr-yellow"
        ],
        "status": "operational",
        "phase": "2",
        "is_interchange": false,
        "opened_on": "2006-11-11",
        "expected_completion": null,
        "layout": "elevated",
        "source": "osm",
        "last_verified": "2026-10-05"
      }
    },
    {
      "type": "Feature",
      "geometry": {
        "type": "Point",
        "coordinates": [
          77.663523,
          12.856505
        ]
      },
      "properties": {
        "station_id": "blr-electronic-city",
        "name": "Electronic City",
        "city_id": "bengaluru",
        "city": "Bengaluru",
        "line_ids": [
          "blr-yellow"
        ],
        "status": "operational",
        "phase": "2",
        "is_interchange": false,
        "opened_on": "2006-11-11",
        "expected_completion": null,
        "layout": "elevated",
        "source": "osm",
        "last_verified": "2026-10-05"
      }
    },
    {
      "type": "Feature",
      "geometry": {
        "type": "Point",
        "coordinates": [
          77.657904,
          12.863878
        ]
      },
      "properties": {
        "station_id": "blr-beratena-agrahara",
        "name": "Beratena Agrahara",
        "city_id": "bengaluru",
        "city": "Bengaluru",
        "line_ids": [
          "blr-yellow"
        ],
        "status": "operational",
        "phase": "2",
        "is_interchange": false,
        "opened_on": "2006-11-11",
        "expected_completion": null,
        "layout": "elevated",
        "source": "osm",
        "last_verified": "2026-10-05"
      }
    },
    {
      "type": "Feature",
      "geometry": {
        "type": "Point",
        "coordinates": [
          77.652447,
          12.870749
        ]
      },
      "properties": {
        "station_id": "blr-hosa-road",
        "name": "Hosa Road",
        "city_id": "bengaluru",
        "city": "Bengaluru",
        "line_ids": [
          "blr-yellow"
        ],
        "status": "operational",
        "phase": "2",
        "is_interchange": false,
        "opened_on": "2006-11-11",
        "expected_completion": null,
        "layout": "elevated",
        "source": "osm",
        "last_verified": "2026-10-05"
      }
    },
    {
      "type": "Feature",
      "geometry": {
        "type": "Point",
        "coordinates": [
          77.644846,
          12.880818
        ]
      },
      "properties": {
        "station_id": "blr-singasandra",
        "name": "Singasandra",
        "city_id": "bengaluru",
        "city": "Bengaluru",
        "line_ids": [
          "blr-yellow"
        ],
        "status": "operational",
        "phase": "2",
        "is_interchange": false,
        "opened_on": "2006-11-11",
        "expected_completion": null,
        "layout": "elevated",
        "source": "osm",
        "last_verified": "2026-10-05"
      }
    },
    {
      "type": "Feature",
      "geometry": {
        "type": "Point",
        "coordinates": [
          77.639216,
          12.889926
        ]
      },
      "properties": {
        "station_id": "blr-kudlu-gate",
        "name": "Kudlu Gate",
        "city_id": "bengaluru",
        "city": "Bengaluru",
        "line_ids": [
          "blr-yellow"
        ],
        "status": "operational",
        "phase": "2",
        "is_interchange": false,
        "opened_on": "2006-11-11",
        "expected_completion": null,
        "layout": "elevated",
        "source": "osm",
        "last_verified": "2026-10-05"
      }
    },
    {
      "type": "Feature",
      "geometry": {
        "type": "Point",
        "coordinates": [
          77.631986,
          12.901695
        ]
      },
      "properties": {
        "station_id": "blr-hongasandra",
        "name": "Hongasandra",
        "city_id": "bengaluru",
        "city": "Bengaluru",
        "line_ids": [
          "blr-yellow"
        ],
        "status": "operational",
        "phase": "2",
        "is_interchange": false,
        "opened_on": "2006-11-11",
        "expected_completion": null,
        "layout": "elevated",
        "source": "osm",
        "last_verified": "2026-10-05"
      }
    },
    {
      "type": "Feature",
      "geometry": {
        "type": "Point",
        "coordinates": [
          77.626478,
          12.910616
        ]
      },
      "properties": {
        "station_id": "blr-bommanahalli",
        "name": "Bommanahalli",
        "city_id": "bengaluru",
        "city": "Bengaluru",
        "line_ids": [
          "blr-yellow"
        ],
        "status": "operational",
        "phase": "2",
        "is_interchange": false,
        "opened_on": "2006-11-11",
        "expected_completion": null,
        "layout": "elevated",
        "source": "osm",
        "last_verified": "2026-10-05"
      }
    },
    {
      "type": "Feature",
      "geometry": {
        "type": "Point",
        "coordinates": [
          77.620567,
          12.916582
        ]
      },
      "properties": {
        "station_id": "blr-central-silk-board",
        "name": "Central Silk Board",
        "city_id": "bengaluru",
        "city": "Bengaluru",
        "line_ids": [
          "blr-yellow"
        ],
        "status": "operational",
        "phase": "2",
        "is_interchange": true,
        "opened_on": "2006-11-11",
        "expected_completion": null,
        "layout": "elevated",
        "source": "osm",
        "last_verified": "2026-10-05"
      }
    },
    {
      "type": "Feature",
      "geometry": {
        "type": "Point",
        "coordinates": [
          77.608118,
          12.916588
        ]
      },
      "properties": {
        "station_id": "blr-btm-layout",
        "name": "BTM Layout",
        "city_id": "bengaluru",
        "city": "Bengaluru",
        "line_ids": [
          "blr-yellow"
        ],
        "status": "operational",
        "phase": "2",
        "is_interchange": false,
        "opened_on": "2006-11-11",
        "expected_completion": null,
        "layout": "elevated",
        "source": "osm",
        "last_verified": "2026-10-05"
      }
    },
    {
      "type": "Feature",
      "geometry": {
        "type": "Point",
        "coordinates": [
          77.588302,
          12.917081
        ]
      },
      "properties": {
        "station_id": "blr-ragigudda",
        "name": "Ragigudda",
        "city_id": "bengaluru",
        "city": "Bengaluru",
        "line_ids": [
          "blr-yellow"
        ],
        "status": "operational",
        "phase": "2",
        "is_interchange": false,
        "opened_on": "2006-11-11",
        "expected_completion": null,
        "layout": "elevated",
        "source": "osm",
        "last_verified": "2026-10-05"
      }
    },
    {
      "type": "Feature",
      "geometry": {
        "type": "Point",
        "coordinates": [
          77.512553,
          13.043261
        ]
      },
      "properties": {
        "station_id": "blr-dasarahalli",
        "name": "Dasarahalli",
        "city_id": "bengaluru",
        "city": "Bengaluru",
        "line_ids": [
          "blr-green"
        ],
        "status": "operational",
        "phase": "1",
        "is_interchange": false,
        "opened_on": "2006-11-11",
        "expected_completion": null,
        "layout": "elevated",
        "source": "osm",
        "last_verified": "2026-10-05"
      }
    },
    {
      "type": "Feature",
      "geometry": {
        "type": "Point",
        "coordinates": [
          77.519735,
          13.03941
        ]
      },
      "properties": {
        "station_id": "blr-jalahalli",
        "name": "Jalahalli",
        "city_id": "bengaluru",
        "city": "Bengaluru",
        "line_ids": [
          "blr-green"
        ],
        "status": "operational",
        "phase": "1",
        "is_interchange": false,
        "opened_on": "2006-11-11",
        "expected_completion": null,
        "layout": "elevated",
        "source": "osm",
        "last_verified": "2026-10-05"
      }
    },
    {
      "type": "Feature",
      "geometry": {
        "type": "Point",
        "coordinates": [
          77.563196,
          12.996525
        ]
      },
      "properties": {
        "station_id": "blr-srirampura",
        "name": "Srirampura",
        "city_id": "bengaluru",
        "city": "Bengaluru",
        "line_ids": [
          "blr-green"
        ],
        "status": "operational",
        "phase": "1",
        "is_interchange": false,
        "opened_on": "2006-11-11",
        "expected_completion": null,
        "layout": "elevated",
        "source": "osm",
        "last_verified": "2026-10-05"
      }
    },
    {
      "type": "Feature",
      "geometry": {
        "type": "Point",
        "coordinates": [
          77.652361,
          12.990759
        ]
      },
      "properties": {
        "station_id": "blr-baiyappanahalli",
        "name": "Baiyappanahalli",
        "city_id": "bengaluru",
        "city": "Bengaluru",
        "line_ids": [
          "blr-purple"
        ],
        "status": "operational",
        "phase": "1",
        "is_interchange": false,
        "opened_on": "2006-11-11",
        "expected_completion": null,
        "layout": "elevated",
        "source": "osm",
        "last_verified": "2026-10-05"
      }
    },
    {
      "type": "Feature",
      "geometry": {
        "type": "Point",
        "coordinates": [
          77.644897,
          12.985931
        ]
      },
      "properties": {
        "station_id": "blr-swami-vivekananda-road",
        "name": "Swami Vivekananda Road",
        "city_id": "bengaluru",
        "city": "Bengaluru",
        "line_ids": [
          "blr-purple"
        ],
        "status": "operational",
        "phase": "1",
        "is_interchange": false,
        "opened_on": "2006-11-11",
        "expected_completion": null,
        "layout": "elevated",
        "source": "osm",
        "last_verified": "2026-10-05"
      }
    },
    {
      "type": "Feature",
      "geometry": {
        "type": "Point",
        "coordinates": [
          77.638661,
          12.978333
        ]
      },
      "properties": {
        "station_id": "blr-indiranagar",
        "name": "Indiranagar",
        "city_id": "bengaluru",
        "city": "Bengaluru",
        "line_ids": [
          "blr-purple"
        ],
        "status": "operational",
        "phase": "1",
        "is_interchange": false,
        "opened_on": "2006-11-11",
        "expected_completion": null,
        "layout": "elevated",
        "source": "osm",
        "last_verified": "2026-10-05"
      }
    },
    {
      "type": "Feature",
      "geometry": {
        "type": "Point",
        "coordinates": [
          77.626686,
          12.976499
        ]
      },
      "properties": {
        "station_id": "blr-halasuru",
        "name": "Halasuru",
        "city_id": "bengaluru",
        "city": "Bengaluru",
        "line_ids": [
          "blr-purple"
        ],
        "status": "operational",
        "phase": "1",
        "is_interchange": false,
        "opened_on": "2006-11-11",
        "expected_completion": null,
        "layout": "elevated",
        "source": "osm",
        "last_verified": "2026-10-05"
      }
    },
    {
      "type": "Feature",
      "geometry": {
        "type": "Point",
        "coordinates": [
          77.61702,
          12.973022
        ]
      },
      "properties": {
        "station_id": "blr-trinity",
        "name": "Trinity",
        "city_id": "bengaluru",
        "city": "Bengaluru",
        "line_ids": [
          "blr-purple"
        ],
        "status": "operational",
        "phase": "1",
        "is_interchange": false,
        "opened_on": "2006-11-11",
        "expected_completion": null,
        "layout": "elevated",
        "source": "osm",
        "last_verified": "2026-10-05"
      }
    },
    {
      "type": "Feature",
      "geometry": {
        "type": "Point",
        "coordinates": [
          77.60679,
          12.975526
        ]
      },
      "properties": {
        "station_id": "blr-mahatma-gandhi-road",
        "name": "Mahatma Gandhi Road",
        "city_id": "bengaluru",
        "city": "Bengaluru",
        "line_ids": [
          "blr-purple"
        ],
        "status": "operational",
        "phase": "1",
        "is_interchange": false,
        "opened_on": "2006-11-11",
        "expected_completion": null,
        "layout": "elevated",
        "source": "osm",
        "last_verified": "2026-10-05"
      }
    },
    {
      "type": "Feature",
      "geometry": {
        "type": "Point",
        "coordinates": [
          77.597576,
          12.980958
        ]
      },
      "properties": {
        "station_id": "blr-cubbon-park",
        "name": "Cubbon Park",
        "city_id": "bengaluru",
        "city": "Bengaluru",
        "line_ids": [
          "blr-purple"
        ],
        "status": "operational",
        "phase": "1",
        "is_interchange": false,
        "opened_on": "2006-11-11",
        "expected_completion": null,
        "layout": "underground",
        "source": "osm",
        "last_verified": "2026-10-05"
      }
    },
    {
      "type": "Feature",
      "geometry": {
        "type": "Point",
        "coordinates": [
          77.591639,
          12.978742
        ]
      },
      "properties": {
        "station_id": "blr-dr-b-r-ambedkar-vidhana-soudha",
        "name": "Dr. B. R. Ambedkar, Vidhana Soudha",
        "city_id": "bengaluru",
        "city": "Bengaluru",
        "line_ids": [
          "blr-purple"
        ],
        "status": "operational",
        "phase": "1",
        "is_interchange": false,
        "opened_on": "2006-11-11",
        "expected_completion": null,
        "layout": "underground",
        "source": "osm",
        "last_verified": "2026-10-05"
      }
    },
    {
      "type": "Feature",
      "geometry": {
        "type": "Point",
        "coordinates": [
          77.58422,
          12.97452
        ]
      },
      "properties": {
        "station_id": "blr-sir-m-visvesvaraya-stn-central-college",
        "name": "Sir M. Visvesvaraya Stn., Central College",
        "city_id": "bengaluru",
        "city": "Bengaluru",
        "line_ids": [
          "blr-purple"
        ],
        "status": "operational",
        "phase": "1",
        "is_interchange": false,
        "opened_on": "2006-11-11",
        "expected_completion": null,
        "layout": "underground",
        "source": "osm",
        "last_verified": "2026-10-05"
      }
    },
    {
      "type": "Feature",
      "geometry": {
        "type": "Point",
        "coordinates": [
          77.572876,
          12.975708
        ]
      },
      "properties": {
        "station_id": "blr-nadaprabhu-kempegowda-majestic",
        "name": "Nadaprabhu Kempegowda, Majestic",
        "city_id": "bengaluru",
        "city": "Bengaluru",
        "line_ids": [
          "blr-purple",
          "blr-green"
        ],
        "status": "operational",
        "phase": "1",
        "is_interchange": true,
        "opened_on": "2006-11-11",
        "expected_completion": null,
        "layout": "elevated",
        "source": "osm",
        "last_verified": "2026-10-05"
      }
    },
    {
      "type": "Feature",
      "geometry": {
        "type": "Point",
        "coordinates": [
          77.565377,
          12.975877
        ]
      },
      "properties": {
        "station_id": "blr-krantivira-sangolli-rayanna-railway",
        "name": "Krantivira Sangolli Rayanna Railway",
        "city_id": "bengaluru",
        "city": "Bengaluru",
        "line_ids": [
          "blr-purple"
        ],
        "status": "operational",
        "phase": "1",
        "is_interchange": false,
        "opened_on": "2006-11-11",
        "expected_completion": null,
        "layout": "elevated",
        "source": "osm",
        "last_verified": "2026-10-05"
      }
    },
    {
      "type": "Feature",
      "geometry": {
        "type": "Point",
        "coordinates": [
          77.555352,
          12.975632
        ]
      },
      "properties": {
        "station_id": "blr-magadi-road",
        "name": "Magadi Road",
        "city_id": "bengaluru",
        "city": "Bengaluru",
        "line_ids": [
          "blr-purple"
        ],
        "status": "operational",
        "phase": "1",
        "is_interchange": false,
        "opened_on": "2006-11-11",
        "expected_completion": null,
        "layout": "elevated",
        "source": "osm",
        "last_verified": "2026-10-05"
      }
    },
    {
      "type": "Feature",
      "geometry": {
        "type": "Point",
        "coordinates": [
          77.545621,
          12.974293
        ]
      },
      "properties": {
        "station_id": "blr-sri-balagangadharanatha-swamiji-hosahalli",
        "name": "Sri Balagangadharanatha Swamiji, Hosahalli",
        "city_id": "bengaluru",
        "city": "Bengaluru",
        "line_ids": [
          "blr-purple"
        ],
        "status": "operational",
        "phase": "1",
        "is_interchange": false,
        "opened_on": "2006-11-11",
        "expected_completion": null,
        "layout": "elevated",
        "source": "osm",
        "last_verified": "2026-10-05"
      }
    },
    {
      "type": "Feature",
      "geometry": {
        "type": "Point",
        "coordinates": [
          77.537404,
          12.970956
        ]
      },
      "properties": {
        "station_id": "blr-vijayanagar",
        "name": "Vijayanagar",
        "city_id": "bengaluru",
        "city": "Bengaluru",
        "line_ids": [
          "blr-purple"
        ],
        "status": "operational",
        "phase": "1",
        "is_interchange": false,
        "opened_on": "2006-11-11",
        "expected_completion": null,
        "layout": "elevated",
        "source": "osm",
        "last_verified": "2026-10-05"
      }
    },
    {
      "type": "Feature",
      "geometry": {
        "type": "Point",
        "coordinates": [
          77.533579,
          12.961893
        ]
      },
      "properties": {
        "station_id": "blr-attiguppe",
        "name": "Attiguppe",
        "city_id": "bengaluru",
        "city": "Bengaluru",
        "line_ids": [
          "blr-purple"
        ],
        "status": "operational",
        "phase": "1",
        "is_interchange": false,
        "opened_on": "2006-11-11",
        "expected_completion": null,
        "layout": "elevated",
        "source": "osm",
        "last_verified": "2026-10-05"
      }
    },
    {
      "type": "Feature",
      "geometry": {
        "type": "Point",
        "coordinates": [
          77.537012,
          12.952058
        ]
      },
      "properties": {
        "station_id": "blr-deepanjali-nagar",
        "name": "Deepanjali Nagar",
        "city_id": "bengaluru",
        "city": "Bengaluru",
        "line_ids": [
          "blr-purple"
        ],
        "status": "operational",
        "phase": "1",
        "is_interchange": false,
        "opened_on": "2006-11-11",
        "expected_completion": null,
        "layout": "elevated",
        "source": "osm",
        "last_verified": "2026-10-05"
      }
    },
    {
      "type": "Feature",
      "geometry": {
        "type": "Point",
        "coordinates": [
          77.530159,
          12.946718
        ]
      },
      "properties": {
        "station_id": "blr-mysore-road",
        "name": "Mysore Road",
        "city_id": "bengaluru",
        "city": "Bengaluru",
        "line_ids": [
          "blr-purple"
        ],
        "status": "operational",
        "phase": "1",
        "is_interchange": false,
        "opened_on": "2006-11-11",
        "expected_completion": null,
        "layout": "elevated",
        "source": "osm",
        "last_verified": "2026-10-05"
      }
    },
    {
      "type": "Feature",
      "geometry": {
        "type": "Point",
        "coordinates": [
          77.570729,
          12.990463
        ]
      },
      "properties": {
        "station_id": "blr-mantri-square-sampige-road",
        "name": "Mantri Square Sampige Road",
        "city_id": "bengaluru",
        "city": "Bengaluru",
        "line_ids": [
          "blr-green"
        ],
        "status": "operational",
        "phase": "1",
        "is_interchange": false,
        "opened_on": "2006-11-11",
        "expected_completion": null,
        "layout": "elevated",
        "source": "osm",
        "last_verified": "2026-10-05"
      }
    },
    {
      "type": "Feature",
      "geometry": {
        "type": "Point",
        "coordinates": [
          77.556899,
          12.99853
        ]
      },
      "properties": {
        "station_id": "blr-mahakavi-kuvempu-road",
        "name": "Mahakavi Kuvempu Road",
        "city_id": "bengaluru",
        "city": "Bengaluru",
        "line_ids": [
          "blr-green"
        ],
        "status": "operational",
        "phase": "1",
        "is_interchange": false,
        "opened_on": "2006-11-11",
        "expected_completion": null,
        "layout": "elevated",
        "source": "osm",
        "last_verified": "2026-10-05"
      }
    },
    {
      "type": "Feature",
      "geometry": {
        "type": "Point",
        "coordinates": [
          77.549657,
          13.000525
        ]
      },
      "properties": {
        "station_id": "blr-rajajinagar",
        "name": "Rajajinagar",
        "city_id": "bengaluru",
        "city": "Bengaluru",
        "line_ids": [
          "blr-green"
        ],
        "status": "operational",
        "phase": "1",
        "is_interchange": false,
        "opened_on": "2006-11-11",
        "expected_completion": null,
        "layout": "elevated",
        "source": "osm",
        "last_verified": "2026-10-05"
      }
    },
    {
      "type": "Feature",
      "geometry": {
        "type": "Point",
        "coordinates": [
          77.548807,
          13.008047
        ]
      },
      "properties": {
        "station_id": "blr-mahalakshmi",
        "name": "Mahalakshmi",
        "city_id": "bengaluru",
        "city": "Bengaluru",
        "line_ids": [
          "blr-green"
        ],
        "status": "operational",
        "phase": "1",
        "is_interchange": false,
        "opened_on": "2006-11-11",
        "expected_completion": null,
        "layout": "elevated",
        "source": "osm",
        "last_verified": "2026-10-05"
      }
    },
    {
      "type": "Feature",
      "geometry": {
        "type": "Point",
        "coordinates": [
          77.553984,
          13.014654
        ]
      },
      "properties": {
        "station_id": "blr-sandal-soap-factory",
        "name": "Sandal Soap Factory",
        "city_id": "bengaluru",
        "city": "Bengaluru",
        "line_ids": [
          "blr-green"
        ],
        "status": "operational",
        "phase": "1",
        "is_interchange": false,
        "opened_on": "2006-11-11",
        "expected_completion": null,
        "layout": "elevated",
        "source": "osm",
        "last_verified": "2026-10-05"
      }
    },
    {
      "type": "Feature",
      "geometry": {
        "type": "Point",
        "coordinates": [
          77.533201,
          13.033019
        ]
      },
      "properties": {
        "station_id": "blr-peenya",
        "name": "Peenya",
        "city_id": "bengaluru",
        "city": "Bengaluru",
        "line_ids": [
          "blr-green"
        ],
        "status": "operational",
        "phase": "1",
        "is_interchange": false,
        "opened_on": "2006-11-11",
        "expected_completion": null,
        "layout": "elevated",
        "source": "osm",
        "last_verified": "2026-10-05"
      }
    },
    {
      "type": "Feature",
      "geometry": {
        "type": "Point",
        "coordinates": [
          77.525492,
          13.036318
        ]
      },
      "properties": {
        "station_id": "blr-peenya-industry",
        "name": "Peenya Industry",
        "city_id": "bengaluru",
        "city": "Bengaluru",
        "line_ids": [
          "blr-green"
        ],
        "status": "operational",
        "phase": "1",
        "is_interchange": false,
        "opened_on": "2006-11-11",
        "expected_completion": null,
        "layout": "elevated",
        "source": "osm",
        "last_verified": "2026-10-05"
      }
    },
    {
      "type": "Feature",
      "geometry": {
        "type": "Point",
        "coordinates": [
          77.570119,
          12.89605
        ]
      },
      "properties": {
        "station_id": "blr-yelachenahalli",
        "name": "Yelachenahalli",
        "city_id": "bengaluru",
        "city": "Bengaluru",
        "line_ids": [
          "blr-green"
        ],
        "status": "operational",
        "phase": "1",
        "is_interchange": false,
        "opened_on": "2006-11-11",
        "expected_completion": null,
        "layout": "elevated",
        "source": "osm",
        "last_verified": "2026-10-05"
      }
    },
    {
      "type": "Feature",
      "geometry": {
        "type": "Point",
        "coordinates": [
          77.573128,
          12.907475
        ]
      },
      "properties": {
        "station_id": "blr-jaya-prakash-nagar",
        "name": "Jaya Prakash Nagar",
        "city_id": "bengaluru",
        "city": "Bengaluru",
        "line_ids": [
          "blr-green"
        ],
        "status": "operational",
        "phase": "1",
        "is_interchange": false,
        "opened_on": "2006-11-11",
        "expected_completion": null,
        "layout": "elevated",
        "source": "osm",
        "last_verified": "2026-10-05"
      }
    },
    {
      "type": "Feature",
      "geometry": {
        "type": "Point",
        "coordinates": [
          77.573598,
          12.915221
        ]
      },
      "properties": {
        "station_id": "blr-banashankari",
        "name": "Banashankari",
        "city_id": "bengaluru",
        "city": "Bengaluru",
        "line_ids": [
          "blr-green"
        ],
        "status": "operational",
        "phase": "1",
        "is_interchange": false,
        "opened_on": "2006-11-11",
        "expected_completion": null,
        "layout": "elevated",
        "source": "osm",
        "last_verified": "2026-10-05"
      }
    },
    {
      "type": "Feature",
      "geometry": {
        "type": "Point",
        "coordinates": [
          77.580202,
          12.921581
        ]
      },
      "properties": {
        "station_id": "blr-rashtreeya-vidyalaya-road",
        "name": "Rashtreeya Vidyalaya Road",
        "city_id": "bengaluru",
        "city": "Bengaluru",
        "line_ids": [
          "blr-green",
          "blr-yellow"
        ],
        "status": "operational",
        "phase": "1",
        "is_interchange": true,
        "opened_on": "2006-11-11",
        "expected_completion": null,
        "layout": "elevated",
        "source": "osm",
        "last_verified": "2026-10-05"
      }
    },
    {
      "type": "Feature",
      "geometry": {
        "type": "Point",
        "coordinates": [
          77.580144,
          12.929507
        ]
      },
      "properties": {
        "station_id": "blr-jayanagar",
        "name": "Jayanagar",
        "city_id": "bengaluru",
        "city": "Bengaluru",
        "line_ids": [
          "blr-green"
        ],
        "status": "operational",
        "phase": "1",
        "is_interchange": false,
        "opened_on": "2006-11-11",
        "expected_completion": null,
        "layout": "elevated",
        "source": "osm",
        "last_verified": "2026-10-05"
      }
    },
    {
      "type": "Feature",
      "geometry": {
        "type": "Point",
        "coordinates": [
          77.580056,
          12.938257
        ]
      },
      "properties": {
        "station_id": "blr-south-end-circle",
        "name": "South End Circle",
        "city_id": "bengaluru",
        "city": "Bengaluru",
        "line_ids": [
          "blr-green"
        ],
        "status": "operational",
        "phase": "1",
        "is_interchange": false,
        "opened_on": "2006-11-11",
        "expected_completion": null,
        "layout": "elevated",
        "source": "osm",
        "last_verified": "2026-10-05"
      }
    },
    {
      "type": "Feature",
      "geometry": {
        "type": "Point",
        "coordinates": [
          77.580016,
          12.946526
        ]
      },
      "properties": {
        "station_id": "blr-lalbagh",
        "name": "Lalbagh",
        "city_id": "bengaluru",
        "city": "Bengaluru",
        "line_ids": [
          "blr-green"
        ],
        "status": "operational",
        "phase": "1",
        "is_interchange": false,
        "opened_on": "2006-11-11",
        "expected_completion": null,
        "layout": "elevated",
        "source": "osm",
        "last_verified": "2026-10-05"
      }
    },
    {
      "type": "Feature",
      "geometry": {
        "type": "Point",
        "coordinates": [
          77.57369,
          12.950527
        ]
      },
      "properties": {
        "station_id": "blr-national-college",
        "name": "National College",
        "city_id": "bengaluru",
        "city": "Bengaluru",
        "line_ids": [
          "blr-green"
        ],
        "status": "operational",
        "phase": "1",
        "is_interchange": false,
        "opened_on": "2006-11-11",
        "expected_completion": null,
        "layout": "elevated",
        "source": "osm",
        "last_verified": "2026-10-05"
      }
    },
    {
      "type": "Feature",
      "geometry": {
        "type": "Point",
        "coordinates": [
          77.574658,
          12.960879
        ]
      },
      "properties": {
        "station_id": "blr-krishna-rajendra-market",
        "name": "Krishna Rajendra Market",
        "city_id": "bengaluru",
        "city": "Bengaluru",
        "line_ids": [
          "blr-green"
        ],
        "status": "operational",
        "phase": "1",
        "is_interchange": false,
        "opened_on": "2006-11-11",
        "expected_completion": null,
        "layout": "underground",
        "source": "osm",
        "last_verified": "2026-10-05"
      }
    },
    {
      "type": "Feature",
      "geometry": {
        "type": "Point",
        "coordinates": [
          77.574557,
          12.966897
        ]
      },
      "properties": {
        "station_id": "blr-chickpete",
        "name": "Chickpete",
        "city_id": "bengaluru",
        "city": "Bengaluru",
        "line_ids": [
          "blr-green"
        ],
        "status": "operational",
        "phase": "1",
        "is_interchange": false,
        "opened_on": "2006-11-11",
        "expected_completion": null,
        "layout": "underground",
        "source": "osm",
        "last_verified": "2026-10-05"
      }
    },
    {
      "type": "Feature",
      "geometry": {
        "type": "Point",
        "coordinates": [
          77.476575,
          12.907928
        ]
      },
      "properties": {
        "station_id": "blr-kengeri",
        "name": "Kengeri",
        "city_id": "bengaluru",
        "city": "Bengaluru",
        "line_ids": [
          "blr-purple"
        ],
        "status": "operational",
        "phase": "1",
        "is_interchange": false,
        "opened_on": "2006-11-11",
        "expected_completion": null,
        "layout": "elevated",
        "source": "osm",
        "last_verified": "2026-10-05"
      }
    },
    {
      "type": "Feature",
      "geometry": {
        "type": "Point",
        "coordinates": [
          77.599976,
          12.916733
        ]
      },
      "properties": {
        "station_id": "blr-jayadeva-interchange-uc",
        "name": "Jayadeva Interchange (u/c)",
        "city_id": "bengaluru",
        "city": "Bengaluru",
        "line_ids": [
          "blr-yellow"
        ],
        "status": "construction",
        "phase": "2",
        "is_interchange": false,
        "opened_on": null,
        "expected_completion": "2026-12",
        "layout": "elevated",
        "source": "osm",
        "last_verified": "2026-10-05"
      }
    },
    {
      "type": "Feature",
      "geometry": {
        "type": "Point",
        "coordinates": [
          77.512406,
          12.935436
        ]
      },
      "properties": {
        "station_id": "blr-jnanabharathi",
        "name": "Jnanabharathi",
        "city_id": "bengaluru",
        "city": "Bengaluru",
        "line_ids": [
          "blr-purple"
        ],
        "status": "operational",
        "phase": "1",
        "is_interchange": false,
        "opened_on": "2006-11-11",
        "expected_completion": null,
        "layout": "elevated",
        "source": "osm",
        "last_verified": "2026-10-05"
      }
    },
    {
      "type": "Feature",
      "geometry": {
        "type": "Point",
        "coordinates": [
          77.525117,
          12.941671
        ]
      },
      "properties": {
        "station_id": "blr-pantharapalya-nayandahalli",
        "name": "Pantharapalya - Nayandahalli",
        "city_id": "bengaluru",
        "city": "Bengaluru",
        "line_ids": [
          "blr-purple"
        ],
        "status": "operational",
        "phase": "1",
        "is_interchange": false,
        "opened_on": "2006-11-11",
        "expected_completion": null,
        "layout": "elevated",
        "source": "osm",
        "last_verified": "2026-10-05"
      }
    },
    {
      "type": "Feature",
      "geometry": {
        "type": "Point",
        "coordinates": [
          77.487856,
          12.914689
        ]
      },
      "properties": {
        "station_id": "blr-kengeri-bus-terminal",
        "name": "Kengeri Bus Terminal",
        "city_id": "bengaluru",
        "city": "Bengaluru",
        "line_ids": [
          "blr-purple"
        ],
        "status": "operational",
        "phase": "1",
        "is_interchange": false,
        "opened_on": "2006-11-11",
        "expected_completion": null,
        "layout": "elevated",
        "source": "osm",
        "last_verified": "2026-10-05"
      }
    },
    {
      "type": "Feature",
      "geometry": {
        "type": "Point",
        "coordinates": [
          77.519679,
          12.9366
        ]
      },
      "properties": {
        "station_id": "blr-rajarajeshwari-nagar",
        "name": "Rajarajeshwari Nagar",
        "city_id": "bengaluru",
        "city": "Bengaluru",
        "line_ids": [
          "blr-purple"
        ],
        "status": "operational",
        "phase": "1",
        "is_interchange": false,
        "opened_on": "2006-11-11",
        "expected_completion": null,
        "layout": "elevated",
        "source": "osm",
        "last_verified": "2026-10-05"
      }
    },
    {
      "type": "Feature",
      "geometry": {
        "type": "Point",
        "coordinates": [
          77.498351,
          12.92425
        ]
      },
      "properties": {
        "station_id": "blr-pattanagere",
        "name": "Pattanagere",
        "city_id": "bengaluru",
        "city": "Bengaluru",
        "line_ids": [
          "blr-purple"
        ],
        "status": "operational",
        "phase": "1",
        "is_interchange": false,
        "opened_on": "2006-11-11",
        "expected_completion": null,
        "layout": "elevated",
        "source": "osm",
        "last_verified": "2026-10-05"
      }
    },
    {
      "type": "Feature",
      "geometry": {
        "type": "Point",
        "coordinates": [
          77.461288,
          12.897354
        ]
      },
      "properties": {
        "station_id": "blr-challaghatta",
        "name": "Challaghatta",
        "city_id": "bengaluru",
        "city": "Bengaluru",
        "line_ids": [
          "blr-purple"
        ],
        "status": "operational",
        "phase": "1",
        "is_interchange": false,
        "opened_on": "2006-11-11",
        "expected_completion": null,
        "layout": "elevated",
        "source": "osm",
        "last_verified": "2026-10-05"
      }
    },
    {
      "type": "Feature",
      "geometry": {
        "type": "Point",
        "coordinates": [
          77.529955,
          12.86173
        ]
      },
      "properties": {
        "station_id": "blr-silk-institute",
        "name": "Silk Institute",
        "city_id": "bengaluru",
        "city": "Bengaluru",
        "line_ids": [
          "blr-green"
        ],
        "status": "operational",
        "phase": "1",
        "is_interchange": false,
        "opened_on": "2006-11-11",
        "expected_completion": null,
        "layout": "elevated",
        "source": "osm",
        "last_verified": "2026-10-05"
      }
    },
    {
      "type": "Feature",
      "geometry": {
        "type": "Point",
        "coordinates": [
          77.538396,
          12.87141
        ]
      },
      "properties": {
        "station_id": "blr-thalaghattapura",
        "name": "Thalaghattapura",
        "city_id": "bengaluru",
        "city": "Bengaluru",
        "line_ids": [
          "blr-green"
        ],
        "status": "operational",
        "phase": "1",
        "is_interchange": false,
        "opened_on": "2006-11-11",
        "expected_completion": null,
        "layout": "elevated",
        "source": "osm",
        "last_verified": "2026-10-05"
      }
    },
    {
      "type": "Feature",
      "geometry": {
        "type": "Point",
        "coordinates": [
          77.544741,
          12.877437
        ]
      },
      "properties": {
        "station_id": "blr-vajarahalli",
        "name": "Vajarahalli",
        "city_id": "bengaluru",
        "city": "Bengaluru",
        "line_ids": [
          "blr-green"
        ],
        "status": "operational",
        "phase": "1",
        "is_interchange": false,
        "opened_on": "2006-11-11",
        "expected_completion": null,
        "layout": "elevated",
        "source": "osm",
        "last_verified": "2026-10-05"
      }
    },
    {
      "type": "Feature",
      "geometry": {
        "type": "Point",
        "coordinates": [
          77.552755,
          12.884643
        ]
      },
      "properties": {
        "station_id": "blr-doddakallasandra",
        "name": "Doddakallasandra",
        "city_id": "bengaluru",
        "city": "Bengaluru",
        "line_ids": [
          "blr-green"
        ],
        "status": "operational",
        "phase": "1",
        "is_interchange": false,
        "opened_on": "2006-11-11",
        "expected_completion": null,
        "layout": "elevated",
        "source": "osm",
        "last_verified": "2026-10-05"
      }
    },
    {
      "type": "Feature",
      "geometry": {
        "type": "Point",
        "coordinates": [
          77.562667,
          12.888967
        ]
      },
      "properties": {
        "station_id": "blr-konanakunte-cross",
        "name": "Konanakunte Cross",
        "city_id": "bengaluru",
        "city": "Bengaluru",
        "line_ids": [
          "blr-green"
        ],
        "status": "operational",
        "phase": "1",
        "is_interchange": false,
        "opened_on": "2006-11-11",
        "expected_completion": null,
        "layout": "elevated",
        "source": "osm",
        "last_verified": "2026-10-05"
      }
    },
    {
      "type": "Feature",
      "geometry": {
        "type": "Point",
        "coordinates": [
          77.681374,
          12.829033
        ]
      },
      "properties": {
        "station_id": "blr-biocon-hebbagodi",
        "name": "Biocon Hebbagodi",
        "city_id": "bengaluru",
        "city": "Bengaluru",
        "line_ids": [
          "blr-yellow"
        ],
        "status": "operational",
        "phase": "2",
        "is_interchange": false,
        "opened_on": "2006-11-11",
        "expected_completion": null,
        "layout": "elevated",
        "source": "osm",
        "last_verified": "2026-10-05"
      }
    },
    {
      "type": "Feature",
      "geometry": {
        "type": "Point",
        "coordinates": [
          77.500142,
          13.047954
        ]
      },
      "properties": {
        "station_id": "blr-nagasandra",
        "name": "Nagasandra",
        "city_id": "bengaluru",
        "city": "Bengaluru",
        "line_ids": [
          "blr-green"
        ],
        "status": "operational",
        "phase": "1",
        "is_interchange": false,
        "opened_on": "2006-11-11",
        "expected_completion": null,
        "layout": "elevated",
        "source": "osm",
        "last_verified": "2026-10-05"
      }
    },
    {
      "type": "Feature",
      "geometry": {
        "type": "Point",
        "coordinates": [
          77.549875,
          13.023268
        ]
      },
      "properties": {
        "station_id": "blr-yeshwantpur",
        "name": "Yeshwantpur",
        "city_id": "bengaluru",
        "city": "Bengaluru",
        "line_ids": [
          "blr-green"
        ],
        "status": "operational",
        "phase": "1",
        "is_interchange": false,
        "opened_on": "2006-11-11",
        "expected_completion": null,
        "layout": "elevated",
        "source": "osm",
        "last_verified": "2026-10-05"
      }
    },
    {
      "type": "Feature",
      "geometry": {
        "type": "Point",
        "coordinates": [
          77.747012,
          12.98565
        ]
      },
      "properties": {
        "station_id": "blr-kadugodi-tree-park",
        "name": "Kadugodi Tree Park",
        "city_id": "bengaluru",
        "city": "Bengaluru",
        "line_ids": [
          "blr-purple"
        ],
        "status": "operational",
        "phase": "1",
        "is_interchange": false,
        "opened_on": "2006-11-11",
        "expected_completion": null,
        "layout": "elevated",
        "source": "osm",
        "last_verified": "2026-10-05"
      }
    },
    {
      "type": "Feature",
      "geometry": {
        "type": "Point",
        "coordinates": [
          72.892806,
          19.05413
        ]
      },
      "properties": {
        "station_id": "mum-chembur",
        "name": "Chembur",
        "city_id": "mumbai",
        "city": "Mumbai",
        "line_ids": [
          "mum-line-2b"
        ],
        "status": "construction",
        "phase": "2B",
        "is_interchange": false,
        "opened_on": null,
        "expected_completion": "2026-12",
        "layout": "elevated",
        "source": "osm",
        "last_verified": "2026-10-05"
      }
    },
    {
      "type": "Feature",
      "geometry": {
        "type": "Point",
        "coordinates": [
          72.834807,
          19.206232
        ]
      },
      "properties": {
        "station_id": "mum-dahanukarwadi",
        "name": "Dahanukarwadi",
        "city_id": "mumbai",
        "city": "Mumbai",
        "line_ids": [
          "mum-line-2a"
        ],
        "status": "operational",
        "phase": "2A",
        "is_interchange": false,
        "opened_on": "2006-11-11",
        "expected_completion": null,
        "layout": "elevated",
        "source": "osm",
        "last_verified": "2026-10-05"
      }
    },
    {
      "type": "Feature",
      "geometry": {
        "type": "Point",
        "coordinates": [
          72.837305,
          19.214004
        ]
      },
      "properties": {
        "station_id": "mum-kandivali-west",
        "name": "Kandivali (West)",
        "city_id": "mumbai",
        "city": "Mumbai",
        "line_ids": [
          "mum-line-2a"
        ],
        "status": "operational",
        "phase": "2A",
        "is_interchange": false,
        "opened_on": "2006-11-11",
        "expected_completion": null,
        "layout": "elevated",
        "source": "osm",
        "last_verified": "2026-10-05"
      }
    },
    {
      "type": "Feature",
      "geometry": {
        "type": "Point",
        "coordinates": [
          72.840861,
          19.231392
        ]
      },
      "properties": {
        "station_id": "mum-borivali-west",
        "name": "Borivali (West)",
        "city_id": "mumbai",
        "city": "Mumbai",
        "line_ids": [
          "mum-line-2a"
        ],
        "status": "operational",
        "phase": "2A",
        "is_interchange": false,
        "opened_on": "2006-11-11",
        "expected_completion": null,
        "layout": "elevated",
        "source": "osm",
        "last_verified": "2026-10-05"
      }
    },
    {
      "type": "Feature",
      "geometry": {
        "type": "Point",
        "coordinates": [
          72.8458,
          19.249586
        ]
      },
      "properties": {
        "station_id": "mum-mandapeshwar-ic-colony",
        "name": "Mandapeshwar - I.C. Colony",
        "city_id": "mumbai",
        "city": "Mumbai",
        "line_ids": [
          "mum-line-2a"
        ],
        "status": "operational",
        "phase": "2A",
        "is_interchange": false,
        "opened_on": "2006-11-11",
        "expected_completion": null,
        "layout": "elevated",
        "source": "osm",
        "last_verified": "2026-10-05"
      }
    },
    {
      "type": "Feature",
      "geometry": {
        "type": "Point",
        "coordinates": [
          72.850504,
          19.256634
        ]
      },
      "properties": {
        "station_id": "mum-kandarpada",
        "name": "Kandarpada",
        "city_id": "mumbai",
        "city": "Mumbai",
        "line_ids": [
          "mum-line-2a"
        ],
        "status": "operational",
        "phase": "2A",
        "is_interchange": false,
        "opened_on": "2006-11-11",
        "expected_completion": null,
        "layout": "elevated",
        "source": "osm",
        "last_verified": "2026-10-05"
      }
    },
    {
      "type": "Feature",
      "geometry": {
        "type": "Point",
        "coordinates": [
          72.866349,
          19.257209
        ]
      },
      "properties": {
        "station_id": "mum-anand-nagar",
        "name": "Anand Nagar",
        "city_id": "mumbai",
        "city": "Mumbai",
        "line_ids": [
          "mum-line-2a"
        ],
        "status": "operational",
        "phase": "2A",
        "is_interchange": false,
        "opened_on": "2006-11-11",
        "expected_completion": null,
        "layout": "elevated",
        "source": "osm",
        "last_verified": "2026-10-05"
      }
    },
    {
      "type": "Feature",
      "geometry": {
        "type": "Point",
        "coordinates": [
          72.901838,
          19.051719
        ]
      },
      "properties": {
        "station_id": "mum-diamond-garden",
        "name": "Diamond Garden",
        "city_id": "mumbai",
        "city": "Mumbai",
        "line_ids": [
          "mum-line-2b"
        ],
        "status": "construction",
        "phase": "2B",
        "is_interchange": false,
        "opened_on": null,
        "expected_completion": "2026-12",
        "layout": "elevated",
        "source": "osm",
        "last_verified": "2026-10-05"
      }
    },
    {
      "type": "Feature",
      "geometry": {
        "type": "Point",
        "coordinates": [
          72.840943,
          19.222833
        ]
      },
      "properties": {
        "station_id": "mum-shimpoli",
        "name": "Shimpoli",
        "city_id": "mumbai",
        "city": "Mumbai",
        "line_ids": [
          "mum-line-2a"
        ],
        "status": "operational",
        "phase": "2A",
        "is_interchange": false,
        "opened_on": "2006-11-11",
        "expected_completion": null,
        "layout": "elevated",
        "source": "osm",
        "last_verified": "2026-10-05"
      }
    },
    {
      "type": "Feature",
      "geometry": {
        "type": "Point",
        "coordinates": [
          72.843446,
          19.240377
        ]
      },
      "properties": {
        "station_id": "mum-eksar",
        "name": "Eksar",
        "city_id": "mumbai",
        "city": "Mumbai",
        "line_ids": [
          "mum-line-2a"
        ],
        "status": "operational",
        "phase": "2A",
        "is_interchange": false,
        "opened_on": "2006-11-11",
        "expected_completion": null,
        "layout": "elevated",
        "source": "osm",
        "last_verified": "2026-10-05"
      }
    },
    {
      "type": "Feature",
      "geometry": {
        "type": "Point",
        "coordinates": [
          72.874469,
          19.102334
        ]
      },
      "properties": {
        "station_id": "mum-chhatrapati-shivaji-maharaj-international-airport-t2",
        "name": "Chhatrapati Shivaji Maharaj International Airport - T2",
        "city_id": "mumbai",
        "city": "Mumbai",
        "line_ids": [
          "mum-line-3"
        ],
        "status": "operational",
        "phase": "3",
        "is_interchange": false,
        "opened_on": "2006-11-11",
        "expected_completion": null,
        "layout": "elevated",
        "source": "osm",
        "last_verified": "2026-10-05"
      }
    },
    {
      "type": "Feature",
      "geometry": {
        "type": "Point",
        "coordinates": [
          72.85468,
          19.060663
        ]
      },
      "properties": {
        "station_id": "mum-bandra-kurla-complex",
        "name": "Bandra Kurla Complex",
        "city_id": "mumbai",
        "city": "Mumbai",
        "line_ids": [
          "mum-line-3"
        ],
        "status": "operational",
        "phase": "3",
        "is_interchange": false,
        "opened_on": "2006-11-11",
        "expected_completion": null,
        "layout": "elevated",
        "source": "osm",
        "last_verified": "2026-10-05"
      }
    },
    {
      "type": "Feature",
      "geometry": {
        "type": "Point",
        "coordinates": [
          72.873727,
          19.125999
        ]
      },
      "properties": {
        "station_id": "mum-seepz",
        "name": "SEEPZ",
        "city_id": "mumbai",
        "city": "Mumbai",
        "line_ids": [
          "mum-line-3"
        ],
        "status": "operational",
        "phase": "3",
        "is_interchange": false,
        "opened_on": "2006-11-11",
        "expected_completion": null,
        "layout": "elevated",
        "source": "osm",
        "last_verified": "2026-10-05"
      }
    },
    {
      "type": "Feature",
      "geometry": {
        "type": "Point",
        "coordinates": [
          72.873597,
          19.117354
        ]
      },
      "properties": {
        "station_id": "mum-midc-andheri",
        "name": "MIDC - Andheri",
        "city_id": "mumbai",
        "city": "Mumbai",
        "line_ids": [
          "mum-line-3"
        ],
        "status": "operational",
        "phase": "3",
        "is_interchange": false,
        "opened_on": "2006-11-11",
        "expected_completion": null,
        "layout": "elevated",
        "source": "osm",
        "last_verified": "2026-10-05"
      }
    },
    {
      "type": "Feature",
      "geometry": {
        "type": "Point",
        "coordinates": [
          72.878578,
          19.108504
        ]
      },
      "properties": {
        "station_id": "mum-marol-naka",
        "name": "Marol Naka",
        "city_id": "mumbai",
        "city": "Mumbai",
        "line_ids": [
          "mum-line-3"
        ],
        "status": "operational",
        "phase": "3",
        "is_interchange": true,
        "opened_on": "2006-11-11",
        "expected_completion": null,
        "layout": "elevated",
        "source": "osm",
        "last_verified": "2026-10-05"
      }
    },
    {
      "type": "Feature",
      "geometry": {
        "type": "Point",
        "coordinates": [
          72.848843,
          19.120564
        ]
      },
      "properties": {
        "station_id": "mum-andheri-l1",
        "name": "Andheri L1",
        "city_id": "mumbai",
        "city": "Mumbai",
        "line_ids": [
          "mum-line-1"
        ],
        "status": "operational",
        "phase": "1",
        "is_interchange": false,
        "opened_on": "2006-11-11",
        "expected_completion": null,
        "layout": "elevated",
        "source": "osm",
        "last_verified": "2026-10-05"
      }
    },
    {
      "type": "Feature",
      "geometry": {
        "type": "Point",
        "coordinates": [
          72.977424,
          19.224143
        ]
      },
      "properties": {
        "station_id": "mum-kapurbawdi",
        "name": "Kapurbawdi",
        "city_id": "mumbai",
        "city": "Mumbai",
        "line_ids": [
          "mum-line-4"
        ],
        "status": "construction",
        "phase": "4",
        "is_interchange": false,
        "opened_on": null,
        "expected_completion": "2026-12",
        "layout": "elevated",
        "source": "osm",
        "last_verified": "2026-10-05"
      }
    },
    {
      "type": "Feature",
      "geometry": {
        "type": "Point",
        "coordinates": [
          72.946808,
          19.284435
        ]
      },
      "properties": {
        "station_id": "mum-gaimukh",
        "name": "Gaimukh",
        "city_id": "mumbai",
        "city": "Mumbai",
        "line_ids": [
          "mum-line-4"
        ],
        "status": "construction",
        "phase": "4",
        "is_interchange": false,
        "opened_on": null,
        "expected_completion": "2026-12",
        "layout": "elevated",
        "source": "osm",
        "last_verified": "2026-10-05"
      }
    },
    {
      "type": "Feature",
      "geometry": {
        "type": "Point",
        "coordinates": [
          72.958227,
          19.276747
        ]
      },
      "properties": {
        "station_id": "mum-gowniwada",
        "name": "Gowniwada",
        "city_id": "mumbai",
        "city": "Mumbai",
        "line_ids": [
          "mum-line-4"
        ],
        "status": "construction",
        "phase": "4",
        "is_interchange": false,
        "opened_on": null,
        "expected_completion": "2026-12",
        "layout": "elevated",
        "source": "osm",
        "last_verified": "2026-10-05"
      }
    },
    {
      "type": "Feature",
      "geometry": {
        "type": "Point",
        "coordinates": [
          72.95146,
          19.208858
        ]
      },
      "properties": {
        "station_id": "mum-lokmanya-nagar-bus-depot",
        "name": "Lokmanya Nagar Bus Depot",
        "city_id": "mumbai",
        "city": "Mumbai",
        "line_ids": [
          "mum-line-4"
        ],
        "status": "planned",
        "phase": "4",
        "is_interchange": false,
        "opened_on": null,
        "expected_completion": "2028",
        "layout": "elevated",
        "source": "osm",
        "last_verified": "2026-10-05"
      }
    },
    {
      "type": "Feature",
      "geometry": {
        "type": "Point",
        "coordinates": [
          72.980999,
          19.241037
        ]
      },
      "properties": {
        "station_id": "mum-azad-nagar-bus-stop",
        "name": "Azad Nagar Bus Stop",
        "city_id": "mumbai",
        "city": "Mumbai",
        "line_ids": [
          "mum-line-4"
        ],
        "status": "construction",
        "phase": "4",
        "is_interchange": false,
        "opened_on": null,
        "expected_completion": "2026-12",
        "layout": "elevated",
        "source": "osm",
        "last_verified": "2026-10-05"
      }
    },
    {
      "type": "Feature",
      "geometry": {
        "type": "Point",
        "coordinates": [
          72.843129,
          19.294238
        ]
      },
      "properties": {
        "station_id": "mum-subhash-chandra-bose-ground",
        "name": "Subhash Chandra Bose Ground",
        "city_id": "mumbai",
        "city": "Mumbai",
        "line_ids": [
          "mum-line-2a"
        ],
        "status": "operational",
        "phase": "2A",
        "is_interchange": false,
        "opened_on": "2006-11-11",
        "expected_completion": null,
        "layout": "elevated",
        "source": "osm",
        "last_verified": "2026-10-05"
      }
    },
    {
      "type": "Feature",
      "geometry": {
        "type": "Point",
        "coordinates": [
          72.854017,
          19.105818
        ]
      },
      "properties": {
        "station_id": "mum-airport-colony",
        "name": "Airport Colony",
        "city_id": "mumbai",
        "city": "Mumbai",
        "line_ids": [
          "mum-line-3"
        ],
        "status": "operational",
        "phase": "3",
        "is_interchange": false,
        "opened_on": "2006-11-11",
        "expected_completion": null,
        "layout": "elevated",
        "source": "osm",
        "last_verified": "2026-10-05"
      }
    },
    {
      "type": "Feature",
      "geometry": {
        "type": "Point",
        "coordinates": [
          72.878634,
          19.045827
        ]
      },
      "properties": {
        "station_id": "mum-anik-nagar-bus-depot",
        "name": "Anik Nagar Bus Depot",
        "city_id": "mumbai",
        "city": "Mumbai",
        "line_ids": [
          "mum-line-4"
        ],
        "status": "construction",
        "phase": "4",
        "is_interchange": false,
        "opened_on": null,
        "expected_completion": "2026-12",
        "layout": "elevated",
        "source": "osm",
        "last_verified": "2026-10-05"
      }
    },
    {
      "type": "Feature",
      "geometry": {
        "type": "Point",
        "coordinates": [
          72.971299,
          19.235478
        ]
      },
      "properties": {
        "station_id": "mum-manpada",
        "name": "Manpada",
        "city_id": "mumbai",
        "city": "Mumbai",
        "line_ids": [
          "mum-line-4"
        ],
        "status": "planned",
        "phase": "4",
        "is_interchange": false,
        "opened_on": null,
        "expected_completion": "2028",
        "layout": "elevated",
        "source": "osm",
        "last_verified": "2026-10-05"
      }
    },
    {
      "type": "Feature",
      "geometry": {
        "type": "Point",
        "coordinates": [
          72.866666,
          19.250698
        ]
      },
      "properties": {
        "station_id": "mum-dahisar-east-line-7",
        "name": "Dahisar (East) [Line 7]",
        "city_id": "mumbai",
        "city": "Mumbai",
        "line_ids": [
          "mum-line-7"
        ],
        "status": "operational",
        "phase": "1",
        "is_interchange": false,
        "opened_on": "2006-11-11",
        "expected_completion": null,
        "layout": "elevated",
        "source": "osm",
        "last_verified": "2026-10-05"
      }
    },
    {
      "type": "Feature",
      "geometry": {
        "type": "Point",
        "coordinates": [
          72.867332,
          19.251733
        ]
      },
      "properties": {
        "station_id": "mum-dahisar-east-line-2",
        "name": "Dahisar (East) [Line 2]",
        "city_id": "mumbai",
        "city": "Mumbai",
        "line_ids": [
          "mum-line-2a"
        ],
        "status": "operational",
        "phase": "2A",
        "is_interchange": false,
        "opened_on": "2006-11-11",
        "expected_completion": null,
        "layout": "elevated",
        "source": "osm",
        "last_verified": "2026-10-05"
      }
    },
    {
      "type": "Feature",
      "geometry": {
        "type": "Point",
        "coordinates": [
          72.858792,
          19.169324
        ]
      },
      "properties": {
        "station_id": "mum-aarey",
        "name": "Aarey",
        "city_id": "mumbai",
        "city": "Mumbai",
        "line_ids": [
          "mum-line-7"
        ],
        "status": "operational",
        "phase": "1",
        "is_interchange": false,
        "opened_on": "2006-11-11",
        "expected_completion": null,
        "layout": "elevated",
        "source": "osm",
        "last_verified": "2026-10-05"
      }
    },
    {
      "type": "Feature",
      "geometry": {
        "type": "Point",
        "coordinates": [
          72.858298,
          19.179758
        ]
      },
      "properties": {
        "station_id": "mum-dindoshi",
        "name": "Dindoshi",
        "city_id": "mumbai",
        "city": "Mumbai",
        "line_ids": [
          "mum-line-7"
        ],
        "status": "operational",
        "phase": "1",
        "is_interchange": false,
        "opened_on": "2006-11-11",
        "expected_completion": null,
        "layout": "elevated",
        "source": "osm",
        "last_verified": "2026-10-05"
      }
    },
    {
      "type": "Feature",
      "geometry": {
        "type": "Point",
        "coordinates": [
          72.858455,
          19.1873
        ]
      },
      "properties": {
        "station_id": "mum-kurar",
        "name": "Kurar",
        "city_id": "mumbai",
        "city": "Mumbai",
        "line_ids": [
          "mum-line-7"
        ],
        "status": "operational",
        "phase": "1",
        "is_interchange": false,
        "opened_on": "2006-11-11",
        "expected_completion": null,
        "layout": "elevated",
        "source": "osm",
        "last_verified": "2026-10-05"
      }
    },
    {
      "type": "Feature",
      "geometry": {
        "type": "Point",
        "coordinates": [
          72.86049,
          19.198159
        ]
      },
      "properties": {
        "station_id": "mum-akurli",
        "name": "Akurli",
        "city_id": "mumbai",
        "city": "Mumbai",
        "line_ids": [
          "mum-line-7"
        ],
        "status": "operational",
        "phase": "1",
        "is_interchange": false,
        "opened_on": "2006-11-11",
        "expected_completion": null,
        "layout": "elevated",
        "source": "osm",
        "last_verified": "2026-10-05"
      }
    },
    {
      "type": "Feature",
      "geometry": {
        "type": "Point",
        "coordinates": [
          72.863323,
          19.203771
        ]
      },
      "properties": {
        "station_id": "mum-poisar",
        "name": "Poisar",
        "city_id": "mumbai",
        "city": "Mumbai",
        "line_ids": [
          "mum-line-7"
        ],
        "status": "operational",
        "phase": "1",
        "is_interchange": false,
        "opened_on": "2006-11-11",
        "expected_completion": null,
        "layout": "elevated",
        "source": "osm",
        "last_verified": "2026-10-05"
      }
    },
    {
      "type": "Feature",
      "geometry": {
        "type": "Point",
        "coordinates": [
          72.866801,
          19.216797
        ]
      },
      "properties": {
        "station_id": "mum-magathane",
        "name": "Magathane",
        "city_id": "mumbai",
        "city": "Mumbai",
        "line_ids": [
          "mum-line-7"
        ],
        "status": "operational",
        "phase": "1",
        "is_interchange": false,
        "opened_on": "2006-11-11",
        "expected_completion": null,
        "layout": "elevated",
        "source": "osm",
        "last_verified": "2026-10-05"
      }
    },
    {
      "type": "Feature",
      "geometry": {
        "type": "Point",
        "coordinates": [
          72.864325,
          19.224036
        ]
      },
      "properties": {
        "station_id": "mum-devipada",
        "name": "Devipada",
        "city_id": "mumbai",
        "city": "Mumbai",
        "line_ids": [
          "mum-line-7"
        ],
        "status": "operational",
        "phase": "1",
        "is_interchange": false,
        "opened_on": "2006-11-11",
        "expected_completion": null,
        "layout": "elevated",
        "source": "osm",
        "last_verified": "2026-10-05"
      }
    },
    {
      "type": "Feature",
      "geometry": {
        "type": "Point",
        "coordinates": [
          72.863137,
          19.234614
        ]
      },
      "properties": {
        "station_id": "mum-rashtriya-udyan",
        "name": "Rashtriya Udyan",
        "city_id": "mumbai",
        "city": "Mumbai",
        "line_ids": [
          "mum-line-7"
        ],
        "status": "operational",
        "phase": "1",
        "is_interchange": false,
        "opened_on": "2006-11-11",
        "expected_completion": null,
        "layout": "elevated",
        "source": "osm",
        "last_verified": "2026-10-05"
      }
    },
    {
      "type": "Feature",
      "geometry": {
        "type": "Point",
        "coordinates": [
          72.864138,
          19.243149
        ]
      },
      "properties": {
        "station_id": "mum-ovaripada",
        "name": "Ovaripada",
        "city_id": "mumbai",
        "city": "Mumbai",
        "line_ids": [
          "mum-line-7"
        ],
        "status": "operational",
        "phase": "1",
        "is_interchange": false,
        "opened_on": "2006-11-11",
        "expected_completion": null,
        "layout": "elevated",
        "source": "osm",
        "last_verified": "2026-10-05"
      }
    },
    {
      "type": "Feature",
      "geometry": {
        "type": "Point",
        "coordinates": [
          72.849362,
          19.294812
        ]
      },
      "properties": {
        "station_id": "mum-shahid-bhagat-singh-garden",
        "name": "Shahid Bhagat Singh Garden",
        "city_id": "mumbai",
        "city": "Mumbai",
        "line_ids": [
          "mum-line-2a"
        ],
        "status": "operational",
        "phase": "2A",
        "is_interchange": false,
        "opened_on": "2006-11-11",
        "expected_completion": null,
        "layout": "elevated",
        "source": "osm",
        "last_verified": "2026-10-05"
      }
    },
    {
      "type": "Feature",
      "geometry": {
        "type": "Point",
        "coordinates": [
          72.855156,
          19.114513
        ]
      },
      "properties": {
        "station_id": "mum-gundavali",
        "name": "Gundavali",
        "city_id": "mumbai",
        "city": "Mumbai",
        "line_ids": [
          "mum-line-7"
        ],
        "status": "operational",
        "phase": "1",
        "is_interchange": true,
        "opened_on": "2006-11-11",
        "expected_completion": null,
        "layout": "elevated",
        "source": "osm",
        "last_verified": "2026-10-05"
      }
    },
    {
      "type": "Feature",
      "geometry": {
        "type": "Point",
        "coordinates": [
          72.855456,
          19.128436
        ]
      },
      "properties": {
        "station_id": "mum-mogra",
        "name": "Mogra",
        "city_id": "mumbai",
        "city": "Mumbai",
        "line_ids": [
          "mum-line-7"
        ],
        "status": "operational",
        "phase": "1",
        "is_interchange": false,
        "opened_on": "2006-11-11",
        "expected_completion": null,
        "layout": "elevated",
        "source": "osm",
        "last_verified": "2026-10-05"
      }
    },
    {
      "type": "Feature",
      "geometry": {
        "type": "Point",
        "coordinates": [
          72.855185,
          19.142945
        ]
      },
      "properties": {
        "station_id": "mum-jogeshwari-east",
        "name": "Jogeshwari (East)",
        "city_id": "mumbai",
        "city": "Mumbai",
        "line_ids": [
          "mum-line-7"
        ],
        "status": "operational",
        "phase": "1",
        "is_interchange": false,
        "opened_on": "2006-11-11",
        "expected_completion": null,
        "layout": "elevated",
        "source": "osm",
        "last_verified": "2026-10-05"
      }
    },
    {
      "type": "Feature",
      "geometry": {
        "type": "Point",
        "coordinates": [
          72.856597,
          19.152449
        ]
      },
      "properties": {
        "station_id": "mum-goregaon-east",
        "name": "Goregaon (East)",
        "city_id": "mumbai",
        "city": "Mumbai",
        "line_ids": [
          "mum-line-7"
        ],
        "status": "operational",
        "phase": "1",
        "is_interchange": false,
        "opened_on": "2006-11-11",
        "expected_completion": null,
        "layout": "elevated",
        "source": "osm",
        "last_verified": "2026-10-05"
      }
    },
    {
      "type": "Feature",
      "geometry": {
        "type": "Point",
        "coordinates": [
          72.831431,
          19.129134
        ]
      },
      "properties": {
        "station_id": "mum-andheri-west",
        "name": "Andheri (West)",
        "city_id": "mumbai",
        "city": "Mumbai",
        "line_ids": [
          "mum-line-2a"
        ],
        "status": "operational",
        "phase": "2A",
        "is_interchange": false,
        "opened_on": "2006-11-11",
        "expected_completion": null,
        "layout": "elevated",
        "source": "osm",
        "last_verified": "2026-10-05"
      }
    },
    {
      "type": "Feature",
      "geometry": {
        "type": "Point",
        "coordinates": [
          72.831714,
          19.140698
        ]
      },
      "properties": {
        "station_id": "mum-lower-oshiwara",
        "name": "Lower Oshiwara",
        "city_id": "mumbai",
        "city": "Mumbai",
        "line_ids": [
          "mum-line-2a"
        ],
        "status": "operational",
        "phase": "2A",
        "is_interchange": false,
        "opened_on": "2006-11-11",
        "expected_completion": null,
        "layout": "elevated",
        "source": "osm",
        "last_verified": "2026-10-05"
      }
    },
    {
      "type": "Feature",
      "geometry": {
        "type": "Point",
        "coordinates": [
          72.833952,
          19.146035
        ]
      },
      "properties": {
        "station_id": "mum-oshiwara",
        "name": "Oshiwara",
        "city_id": "mumbai",
        "city": "Mumbai",
        "line_ids": [
          "mum-line-2a"
        ],
        "status": "operational",
        "phase": "2A",
        "is_interchange": false,
        "opened_on": "2006-11-11",
        "expected_completion": null,
        "layout": "elevated",
        "source": "osm",
        "last_verified": "2026-10-05"
      }
    },
    {
      "type": "Feature",
      "geometry": {
        "type": "Point",
        "coordinates": [
          72.835666,
          19.153024
        ]
      },
      "properties": {
        "station_id": "mum-goregaon-west",
        "name": "Goregaon (West)",
        "city_id": "mumbai",
        "city": "Mumbai",
        "line_ids": [
          "mum-line-2a"
        ],
        "status": "operational",
        "phase": "2A",
        "is_interchange": false,
        "opened_on": "2006-11-11",
        "expected_completion": null,
        "layout": "elevated",
        "source": "osm",
        "last_verified": "2026-10-05"
      }
    },
    {
      "type": "Feature",
      "geometry": {
        "type": "Point",
        "coordinates": [
          72.83648,
          19.173098
        ]
      },
      "properties": {
        "station_id": "mum-lower-malad",
        "name": "Lower Malad",
        "city_id": "mumbai",
        "city": "Mumbai",
        "line_ids": [
          "mum-line-2a"
        ],
        "status": "operational",
        "phase": "2A",
        "is_interchange": false,
        "opened_on": "2006-11-11",
        "expected_completion": null,
        "layout": "elevated",
        "source": "osm",
        "last_verified": "2026-10-05"
      }
    },
    {
      "type": "Feature",
      "geometry": {
        "type": "Point",
        "coordinates": [
          72.835861,
          19.185285
        ]
      },
      "properties": {
        "station_id": "mum-malad-west",
        "name": "Malad (West)",
        "city_id": "mumbai",
        "city": "Mumbai",
        "line_ids": [
          "mum-line-2a"
        ],
        "status": "operational",
        "phase": "2A",
        "is_interchange": false,
        "opened_on": "2006-11-11",
        "expected_completion": null,
        "layout": "elevated",
        "source": "osm",
        "last_verified": "2026-10-05"
      }
    },
    {
      "type": "Feature",
      "geometry": {
        "type": "Point",
        "coordinates": [
          72.833775,
          19.196829
        ]
      },
      "properties": {
        "station_id": "mum-valnai-meeth-chowky",
        "name": "Valnai-Meeth Chowky",
        "city_id": "mumbai",
        "city": "Mumbai",
        "line_ids": [
          "mum-line-2a"
        ],
        "status": "operational",
        "phase": "2A",
        "is_interchange": false,
        "opened_on": "2006-11-11",
        "expected_completion": null,
        "layout": "elevated",
        "source": "osm",
        "last_verified": "2026-10-05"
      }
    },
    {
      "type": "Feature",
      "geometry": {
        "type": "Point",
        "coordinates": [
          73.040266,
          19.0206
        ]
      },
      "properties": {
        "station_id": "mum-cbd-belapur",
        "name": "CBD Belapur",
        "city_id": "mumbai",
        "city": "Mumbai",
        "line_ids": [
          "mum-line-2b"
        ],
        "status": "construction",
        "phase": "2B",
        "is_interchange": false,
        "opened_on": null,
        "expected_completion": "2026-12",
        "layout": "elevated",
        "source": "osm",
        "last_verified": "2026-10-05"
      }
    },
    {
      "type": "Feature",
      "geometry": {
        "type": "Point",
        "coordinates": [
          73.047943,
          19.022985
        ]
      },
      "properties": {
        "station_id": "mum-rbi-colony",
        "name": "RBI Colony",
        "city_id": "mumbai",
        "city": "Mumbai",
        "line_ids": [
          "mum-line-2b"
        ],
        "status": "construction",
        "phase": "2B",
        "is_interchange": false,
        "opened_on": null,
        "expected_completion": "2026-12",
        "layout": "elevated",
        "source": "osm",
        "last_verified": "2026-10-05"
      }
    },
    {
      "type": "Feature",
      "geometry": {
        "type": "Point",
        "coordinates": [
          72.84936,
          19.069963
        ]
      },
      "properties": {
        "station_id": "mum-bandra-colony",
        "name": "Bandra Colony",
        "city_id": "mumbai",
        "city": "Mumbai",
        "line_ids": [
          "mum-line-3"
        ],
        "status": "operational",
        "phase": "3",
        "is_interchange": false,
        "opened_on": "2006-11-11",
        "expected_completion": null,
        "layout": "elevated",
        "source": "osm",
        "last_verified": "2026-10-05"
      }
    },
    {
      "type": "Feature",
      "geometry": {
        "type": "Point",
        "coordinates": [
          72.847118,
          19.079289
        ]
      },
      "properties": {
        "station_id": "mum-santacruz",
        "name": "Santacruz",
        "city_id": "mumbai",
        "city": "Mumbai",
        "line_ids": [
          "mum-line-3"
        ],
        "status": "operational",
        "phase": "3",
        "is_interchange": false,
        "opened_on": "2006-11-11",
        "expected_completion": null,
        "layout": "elevated",
        "source": "osm",
        "last_verified": "2026-10-05"
      }
    },
    {
      "type": "Feature",
      "geometry": {
        "type": "Point",
        "coordinates": [
          72.853577,
          19.093899
        ]
      },
      "properties": {
        "station_id": "mum-chhatrapati-shivaji-maharaj-international-airport-t1",
        "name": "Chhatrapati Shivaji Maharaj International Airport - T1",
        "city_id": "mumbai",
        "city": "Mumbai",
        "line_ids": [
          "mum-line-3"
        ],
        "status": "operational",
        "phase": "3",
        "is_interchange": false,
        "opened_on": "2006-11-11",
        "expected_completion": null,
        "layout": "elevated",
        "source": "osm",
        "last_verified": "2026-10-05"
      }
    },
    {
      "type": "Feature",
      "geometry": {
        "type": "Point",
        "coordinates": [
          72.865236,
          19.102196
        ]
      },
      "properties": {
        "station_id": "mum-sahar-road",
        "name": "Sahar Road",
        "city_id": "mumbai",
        "city": "Mumbai",
        "line_ids": [
          "mum-line-3"
        ],
        "status": "operational",
        "phase": "3",
        "is_interchange": false,
        "opened_on": "2006-11-11",
        "expected_completion": null,
        "layout": "elevated",
        "source": "osm",
        "last_verified": "2026-10-05"
      }
    },
    {
      "type": "Feature",
      "geometry": {
        "type": "Point",
        "coordinates": [
          72.834871,
          19.162472
        ]
      },
      "properties": {
        "station_id": "mum-bangur-nagar",
        "name": "Bangur Nagar",
        "city_id": "mumbai",
        "city": "Mumbai",
        "line_ids": [
          "mum-line-2a"
        ],
        "status": "operational",
        "phase": "2A",
        "is_interchange": false,
        "opened_on": "2006-11-11",
        "expected_completion": null,
        "layout": "elevated",
        "source": "osm",
        "last_verified": "2026-10-05"
      }
    },
    {
      "type": "Feature",
      "geometry": {
        "type": "Point",
        "coordinates": [
          72.839221,
          19.023624
        ]
      },
      "properties": {
        "station_id": "mum-dadar",
        "name": "Dadar",
        "city_id": "mumbai",
        "city": "Mumbai",
        "line_ids": [
          "mum-line-3"
        ],
        "status": "operational",
        "phase": "3",
        "is_interchange": true,
        "opened_on": "2006-11-11",
        "expected_completion": null,
        "layout": "elevated",
        "source": "osm",
        "last_verified": "2026-10-05"
      }
    },
    {
      "type": "Feature",
      "geometry": {
        "type": "Point",
        "coordinates": [
          72.841965,
          19.038464
        ]
      },
      "properties": {
        "station_id": "mum-shitala-devi-mandir",
        "name": "Shitala Devi Mandir",
        "city_id": "mumbai",
        "city": "Mumbai",
        "line_ids": [
          "mum-line-3"
        ],
        "status": "operational",
        "phase": "3",
        "is_interchange": false,
        "opened_on": "2006-11-11",
        "expected_completion": null,
        "layout": "elevated",
        "source": "osm",
        "last_verified": "2026-10-05"
      }
    },
    {
      "type": "Feature",
      "geometry": {
        "type": "Point",
        "coordinates": [
          72.849741,
          19.046261
        ]
      },
      "properties": {
        "station_id": "mum-dharavi",
        "name": "Dharavi",
        "city_id": "mumbai",
        "city": "Mumbai",
        "line_ids": [
          "mum-line-3"
        ],
        "status": "operational",
        "phase": "3",
        "is_interchange": false,
        "opened_on": "2006-11-11",
        "expected_completion": null,
        "layout": "elevated",
        "source": "osm",
        "last_verified": "2026-10-05"
      }
    },
    {
      "type": "Feature",
      "geometry": {
        "type": "Point",
        "coordinates": [
          72.81772,
          18.99782
        ]
      },
      "properties": {
        "station_id": "mum-acharya-atre-chowk",
        "name": "Acharya Atre Chowk",
        "city_id": "mumbai",
        "city": "Mumbai",
        "line_ids": [
          "mum-line-3"
        ],
        "status": "operational",
        "phase": "3",
        "is_interchange": false,
        "opened_on": "2006-11-11",
        "expected_completion": null,
        "layout": "elevated",
        "source": "osm",
        "last_verified": "2026-10-05"
      }
    },
    {
      "type": "Feature",
      "geometry": {
        "type": "Point",
        "coordinates": [
          72.819274,
          19.008606
        ]
      },
      "properties": {
        "station_id": "mum-worli",
        "name": "Worli",
        "city_id": "mumbai",
        "city": "Mumbai",
        "line_ids": [
          "mum-line-3"
        ],
        "status": "operational",
        "phase": "3",
        "is_interchange": false,
        "opened_on": "2006-11-11",
        "expected_completion": null,
        "layout": "elevated",
        "source": "osm",
        "last_verified": "2026-10-05"
      }
    },
    {
      "type": "Feature",
      "geometry": {
        "type": "Point",
        "coordinates": [
          72.83092,
          19.015894
        ]
      },
      "properties": {
        "station_id": "mum-siddhivinayak-temple",
        "name": "Siddhivinayak Temple",
        "city_id": "mumbai",
        "city": "Mumbai",
        "line_ids": [
          "mum-line-3"
        ],
        "status": "operational",
        "phase": "3",
        "is_interchange": false,
        "opened_on": "2006-11-11",
        "expected_completion": null,
        "layout": "elevated",
        "source": "osm",
        "last_verified": "2026-10-05"
      }
    },
    {
      "type": "Feature",
      "geometry": {
        "type": "Point",
        "coordinates": [
          72.821179,
          18.969992
        ]
      },
      "properties": {
        "station_id": "mum-jagannath-shankar-sheth-metro",
        "name": "Jagannath Shankar Sheth Metro",
        "city_id": "mumbai",
        "city": "Mumbai",
        "line_ids": [
          "mum-line-3"
        ],
        "status": "operational",
        "phase": "3",
        "is_interchange": false,
        "opened_on": "2006-11-11",
        "expected_completion": null,
        "layout": "elevated",
        "source": "osm",
        "last_verified": "2026-10-05"
      }
    },
    {
      "type": "Feature",
      "geometry": {
        "type": "Point",
        "coordinates": [
          72.825401,
          18.979467
        ]
      },
      "properties": {
        "station_id": "mum-mahalaxmi",
        "name": "Mahalaxmi",
        "city_id": "mumbai",
        "city": "Mumbai",
        "line_ids": [
          "mum-line-3"
        ],
        "status": "operational",
        "phase": "3",
        "is_interchange": false,
        "opened_on": "2006-11-11",
        "expected_completion": null,
        "layout": "elevated",
        "source": "osm",
        "last_verified": "2026-10-05"
      }
    },
    {
      "type": "Feature",
      "geometry": {
        "type": "Point",
        "coordinates": [
          72.821352,
          18.990895
        ]
      },
      "properties": {
        "station_id": "mum-science-centre",
        "name": "Science Centre",
        "city_id": "mumbai",
        "city": "Mumbai",
        "line_ids": [
          "mum-line-3"
        ],
        "status": "operational",
        "phase": "3",
        "is_interchange": false,
        "opened_on": "2006-11-11",
        "expected_completion": null,
        "layout": "elevated",
        "source": "osm",
        "last_verified": "2026-10-05"
      }
    },
    {
      "type": "Feature",
      "geometry": {
        "type": "Point",
        "coordinates": [
          72.820715,
          18.913569
        ]
      },
      "properties": {
        "station_id": "mum-cuffe-parade",
        "name": "Cuffe Parade",
        "city_id": "mumbai",
        "city": "Mumbai",
        "line_ids": [
          "mum-line-3"
        ],
        "status": "operational",
        "phase": "3",
        "is_interchange": false,
        "opened_on": "2006-11-11",
        "expected_completion": null,
        "layout": "elevated",
        "source": "osm",
        "last_verified": "2026-10-05"
      }
    },
    {
      "type": "Feature",
      "geometry": {
        "type": "Point",
        "coordinates": [
          72.825493,
          18.924781
        ]
      },
      "properties": {
        "station_id": "mum-vidhan-bhavan",
        "name": "Vidhan Bhavan",
        "city_id": "mumbai",
        "city": "Mumbai",
        "line_ids": [
          "mum-line-3"
        ],
        "status": "operational",
        "phase": "3",
        "is_interchange": false,
        "opened_on": "2006-11-11",
        "expected_completion": null,
        "layout": "elevated",
        "source": "osm",
        "last_verified": "2026-10-05"
      }
    },
    {
      "type": "Feature",
      "geometry": {
        "type": "Point",
        "coordinates": [
          72.826939,
          18.931495
        ]
      },
      "properties": {
        "station_id": "mum-churchgate",
        "name": "Churchgate",
        "city_id": "mumbai",
        "city": "Mumbai",
        "line_ids": [
          "mum-line-3"
        ],
        "status": "operational",
        "phase": "3",
        "is_interchange": false,
        "opened_on": "2006-11-11",
        "expected_completion": null,
        "layout": "elevated",
        "source": "osm",
        "last_verified": "2026-10-05"
      }
    },
    {
      "type": "Feature",
      "geometry": {
        "type": "Point",
        "coordinates": [
          72.832504,
          18.934185
        ]
      },
      "properties": {
        "station_id": "mum-hutatma-chowk",
        "name": "Hutatma Chowk",
        "city_id": "mumbai",
        "city": "Mumbai",
        "line_ids": [
          "mum-line-3"
        ],
        "status": "operational",
        "phase": "3",
        "is_interchange": false,
        "opened_on": "2006-11-11",
        "expected_completion": null,
        "layout": "elevated",
        "source": "osm",
        "last_verified": "2026-10-05"
      }
    },
    {
      "type": "Feature",
      "geometry": {
        "type": "Point",
        "coordinates": [
          72.831861,
          18.940833
        ]
      },
      "properties": {
        "station_id": "mum-chhatrapati-shivaji-maharaj-terminus",
        "name": "Chhatrapati Shivaji Maharaj Terminus",
        "city_id": "mumbai",
        "city": "Mumbai",
        "line_ids": [
          "mum-line-3"
        ],
        "status": "operational",
        "phase": "3",
        "is_interchange": true,
        "opened_on": "2006-11-11",
        "expected_completion": null,
        "layout": "elevated",
        "source": "osm",
        "last_verified": "2026-10-05"
      }
    },
    {
      "type": "Feature",
      "geometry": {
        "type": "Point",
        "coordinates": [
          72.827193,
          18.946329
        ]
      },
      "properties": {
        "station_id": "mum-kalbadevi",
        "name": "Kalbadevi",
        "city_id": "mumbai",
        "city": "Mumbai",
        "line_ids": [
          "mum-line-3"
        ],
        "status": "operational",
        "phase": "3",
        "is_interchange": false,
        "opened_on": "2006-11-11",
        "expected_completion": null,
        "layout": "elevated",
        "source": "osm",
        "last_verified": "2026-10-05"
      }
    },
    {
      "type": "Feature",
      "geometry": {
        "type": "Point",
        "coordinates": [
          72.822206,
          18.952102
        ]
      },
      "properties": {
        "station_id": "mum-girgaon",
        "name": "Girgaon",
        "city_id": "mumbai",
        "city": "Mumbai",
        "line_ids": [
          "mum-line-3"
        ],
        "status": "operational",
        "phase": "3",
        "is_interchange": false,
        "opened_on": "2006-11-11",
        "expected_completion": null,
        "layout": "elevated",
        "source": "osm",
        "last_verified": "2026-10-05"
      }
    },
    {
      "type": "Feature",
      "geometry": {
        "type": "Point",
        "coordinates": [
          72.818044,
          18.963218
        ]
      },
      "properties": {
        "station_id": "mum-grant-road",
        "name": "Grant Road",
        "city_id": "mumbai",
        "city": "Mumbai",
        "line_ids": [
          "mum-line-3"
        ],
        "status": "operational",
        "phase": "3",
        "is_interchange": false,
        "opened_on": "2006-11-11",
        "expected_completion": null,
        "layout": "elevated",
        "source": "osm",
        "last_verified": "2026-10-05"
      }
    },
    {
      "type": "Feature",
      "geometry": {
        "type": "Point",
        "coordinates": [
          72.938661,
          19.049592
        ]
      },
      "properties": {
        "station_id": "mum-mandale",
        "name": "Mandale",
        "city_id": "mumbai",
        "city": "Mumbai",
        "line_ids": [
          "mum-line-2b"
        ],
        "status": "construction",
        "phase": "2B",
        "is_interchange": false,
        "opened_on": null,
        "expected_completion": "2026-12",
        "layout": "elevated",
        "source": "osm",
        "last_verified": "2026-10-05"
      }
    },
    {
      "type": "Feature",
      "geometry": {
        "type": "Point",
        "coordinates": [
          72.906981,
          19.047938
        ]
      },
      "properties": {
        "station_id": "mum-shivaji-chowk-chembur",
        "name": "Shivaji Chowk (Chembur)",
        "city_id": "mumbai",
        "city": "Mumbai",
        "line_ids": [
          "mum-line-2b"
        ],
        "status": "construction",
        "phase": "2B",
        "is_interchange": false,
        "opened_on": null,
        "expected_completion": "2026-12",
        "layout": "elevated",
        "source": "osm",
        "last_verified": "2026-10-05"
      }
    },
    {
      "type": "Feature",
      "geometry": {
        "type": "Point",
        "coordinates": [
          72.917495,
          19.044833
        ]
      },
      "properties": {
        "station_id": "mum-deonar",
        "name": "Deonar",
        "city_id": "mumbai",
        "city": "Mumbai",
        "line_ids": [
          "mum-line-2b"
        ],
        "status": "construction",
        "phase": "2B",
        "is_interchange": false,
        "opened_on": null,
        "expected_completion": "2026-12",
        "layout": "elevated",
        "source": "osm",
        "last_verified": "2026-10-05"
      }
    },
    {
      "type": "Feature",
      "geometry": {
        "type": "Point",
        "coordinates": [
          72.931231,
          19.049217
        ]
      },
      "properties": {
        "station_id": "mum-mankhurd",
        "name": "Mankhurd",
        "city_id": "mumbai",
        "city": "Mumbai",
        "line_ids": [
          "mum-line-2b"
        ],
        "status": "construction",
        "phase": "2B",
        "is_interchange": false,
        "opened_on": null,
        "expected_completion": "2026-12",
        "layout": "elevated",
        "source": "osm",
        "last_verified": "2026-10-05"
      }
    },
    {
      "type": "Feature",
      "geometry": {
        "type": "Point",
        "coordinates": [
          72.94925,
          19.196284
        ]
      },
      "properties": {
        "station_id": "mum-wagle-circle",
        "name": "Wagle Circle",
        "city_id": "mumbai",
        "city": "Mumbai",
        "line_ids": [
          "mum-line-4"
        ],
        "status": "planned",
        "phase": "4",
        "is_interchange": false,
        "opened_on": null,
        "expected_completion": "2028",
        "layout": "elevated",
        "source": "osm",
        "last_verified": "2026-10-05"
      }
    },
    {
      "type": "Feature",
      "geometry": {
        "type": "Point",
        "coordinates": [
          72.954171,
          19.21739
        ]
      },
      "properties": {
        "station_id": "mum-shivai-nagar",
        "name": "Shivai Nagar",
        "city_id": "mumbai",
        "city": "Mumbai",
        "line_ids": [
          "mum-line-4"
        ],
        "status": "planned",
        "phase": "4",
        "is_interchange": false,
        "opened_on": null,
        "expected_completion": "2028",
        "layout": "elevated",
        "source": "osm",
        "last_verified": "2026-10-05"
      }
    },
    {
      "type": "Feature",
      "geometry": {
        "type": "Point",
        "coordinates": [
          72.959392,
          19.221187
        ]
      },
      "properties": {
        "station_id": "mum-neelkanth-terminal",
        "name": "Neelkanth Terminal",
        "city_id": "mumbai",
        "city": "Mumbai",
        "line_ids": [
          "mum-line-4"
        ],
        "status": "planned",
        "phase": "4",
        "is_interchange": false,
        "opened_on": null,
        "expected_completion": "2028",
        "layout": "elevated",
        "source": "osm",
        "last_verified": "2026-10-05"
      }
    },
    {
      "type": "Feature",
      "geometry": {
        "type": "Point",
        "coordinates": [
          72.967518,
          19.219113
        ]
      },
      "properties": {
        "station_id": "mum-ghandi-nagar",
        "name": "Ghandi Nagar",
        "city_id": "mumbai",
        "city": "Mumbai",
        "line_ids": [
          "mum-line-4"
        ],
        "status": "planned",
        "phase": "4",
        "is_interchange": false,
        "opened_on": null,
        "expected_completion": "2028",
        "layout": "elevated",
        "source": "osm",
        "last_verified": "2026-10-05"
      }
    },
    {
      "type": "Feature",
      "geometry": {
        "type": "Point",
        "coordinates": [
          72.969884,
          19.229168
        ]
      },
      "properties": {
        "station_id": "mum-dr-kashinath-ghanekar-natyagruha",
        "name": "Dr. Kashinath Ghanekar Natyagruha",
        "city_id": "mumbai",
        "city": "Mumbai",
        "line_ids": [
          "mum-line-4"
        ],
        "status": "planned",
        "phase": "4",
        "is_interchange": false,
        "opened_on": null,
        "expected_completion": "2028",
        "layout": "elevated",
        "source": "osm",
        "last_verified": "2026-10-05"
      }
    },
    {
      "type": "Feature",
      "geometry": {
        "type": "Point",
        "coordinates": [
          72.974732,
          19.248771
        ]
      },
      "properties": {
        "station_id": "mum-dongripada",
        "name": "Dongripada",
        "city_id": "mumbai",
        "city": "Mumbai",
        "line_ids": [
          "mum-line-4"
        ],
        "status": "planned",
        "phase": "4",
        "is_interchange": false,
        "opened_on": null,
        "expected_completion": "2028",
        "layout": "elevated",
        "source": "osm",
        "last_verified": "2026-10-05"
      }
    },
    {
      "type": "Feature",
      "geometry": {
        "type": "Point",
        "coordinates": [
          72.973519,
          19.255467
        ]
      },
      "properties": {
        "station_id": "mum-vijay-nagari",
        "name": "Vijay Nagari",
        "city_id": "mumbai",
        "city": "Mumbai",
        "line_ids": [
          "mum-line-4"
        ],
        "status": "planned",
        "phase": "4",
        "is_interchange": false,
        "opened_on": null,
        "expected_completion": "2028",
        "layout": "elevated",
        "source": "osm",
        "last_verified": "2026-10-05"
      }
    },
    {
      "type": "Feature",
      "geometry": {
        "type": "Point",
        "coordinates": [
          72.979427,
          19.263921
        ]
      },
      "properties": {
        "station_id": "mum-waghbil",
        "name": "Waghbil",
        "city_id": "mumbai",
        "city": "Mumbai",
        "line_ids": [
          "mum-line-4"
        ],
        "status": "planned",
        "phase": "4",
        "is_interchange": false,
        "opened_on": null,
        "expected_completion": "2028",
        "layout": "elevated",
        "source": "osm",
        "last_verified": "2026-10-05"
      }
    },
    {
      "type": "Feature",
      "geometry": {
        "type": "Point",
        "coordinates": [
          72.988409,
          19.262495
        ]
      },
      "properties": {
        "station_id": "mum-waterfront",
        "name": "Waterfront",
        "city_id": "mumbai",
        "city": "Mumbai",
        "line_ids": [
          "mum-line-4"
        ],
        "status": "planned",
        "phase": "4",
        "is_interchange": false,
        "opened_on": null,
        "expected_completion": "2028",
        "layout": "elevated",
        "source": "osm",
        "last_verified": "2026-10-05"
      }
    },
    {
      "type": "Feature",
      "geometry": {
        "type": "Point",
        "coordinates": [
          72.983182,
          19.247301
        ]
      },
      "properties": {
        "station_id": "mum-patlipada",
        "name": "Patlipada",
        "city_id": "mumbai",
        "city": "Mumbai",
        "line_ids": [
          "mum-line-4"
        ],
        "status": "planned",
        "phase": "4",
        "is_interchange": false,
        "opened_on": null,
        "expected_completion": "2028",
        "layout": "elevated",
        "source": "osm",
        "last_verified": "2026-10-05"
      }
    },
    {
      "type": "Feature",
      "geometry": {
        "type": "Point",
        "coordinates": [
          72.867452,
          19.25108
        ]
      },
      "properties": {
        "station_id": "mum-dahisar-east-line-9",
        "name": "Dahisar (East) [Line 9]",
        "city_id": "mumbai",
        "city": "Mumbai",
        "line_ids": [
          "mum-line-2a"
        ],
        "status": "operational",
        "phase": "2A",
        "is_interchange": false,
        "opened_on": "2006-11-11",
        "expected_completion": null,
        "layout": "elevated",
        "source": "osm",
        "last_verified": "2026-10-05"
      }
    },
    {
      "type": "Feature",
      "geometry": {
        "type": "Point",
        "coordinates": [
          72.872486,
          19.259726
        ]
      },
      "properties": {
        "station_id": "mum-pandurang-wadi",
        "name": "Pandurang Wadi",
        "city_id": "mumbai",
        "city": "Mumbai",
        "line_ids": [
          "mum-line-2a"
        ],
        "status": "operational",
        "phase": "2A",
        "is_interchange": false,
        "opened_on": "2006-11-11",
        "expected_completion": null,
        "layout": "elevated",
        "source": "osm",
        "last_verified": "2026-10-05"
      }
    },
    {
      "type": "Feature",
      "geometry": {
        "type": "Point",
        "coordinates": [
          72.880698,
          19.271007
        ]
      },
      "properties": {
        "station_id": "mum-miragaon",
        "name": "Miragaon",
        "city_id": "mumbai",
        "city": "Mumbai",
        "line_ids": [
          "mum-line-4"
        ],
        "status": "construction",
        "phase": "4",
        "is_interchange": false,
        "opened_on": null,
        "expected_completion": "2026-12",
        "layout": "elevated",
        "source": "osm",
        "last_verified": "2026-10-05"
      }
    },
    {
      "type": "Feature",
      "geometry": {
        "type": "Point",
        "coordinates": [
          72.88024,
          19.277666
        ]
      },
      "properties": {
        "station_id": "mum-kashigaon",
        "name": "Kashigaon",
        "city_id": "mumbai",
        "city": "Mumbai",
        "line_ids": [
          "mum-line-4"
        ],
        "status": "construction",
        "phase": "4",
        "is_interchange": false,
        "opened_on": null,
        "expected_completion": "2026-12",
        "layout": "elevated",
        "source": "osm",
        "last_verified": "2026-10-05"
      }
    },
    {
      "type": "Feature",
      "geometry": {
        "type": "Point",
        "coordinates": [
          72.839928,
          19.024655
        ]
      },
      "properties": {
        "station_id": "mum-sbi-dadar-metro",
        "name": "SBI-Dadar Metro",
        "city_id": "mumbai",
        "city": "Mumbai",
        "line_ids": [
          "mum-line-3"
        ],
        "status": "operational",
        "phase": "3",
        "is_interchange": false,
        "opened_on": "2006-11-11",
        "expected_completion": null,
        "layout": "elevated",
        "source": "osm",
        "last_verified": "2026-10-05"
      }
    },
    {
      "type": "Feature",
      "geometry": {
        "type": "Point",
        "coordinates": [
          77.13165,
          28.652744
        ]
      },
      "properties": {
        "station_id": "del-ramesh-nagar",
        "name": "Ramesh Nagar",
        "city_id": "delhi",
        "city": "Delhi",
        "line_ids": [
          "del-blue"
        ],
        "status": "operational",
        "phase": "I",
        "is_interchange": false,
        "opened_on": "2006-11-11",
        "expected_completion": null,
        "layout": "elevated",
        "source": "osm",
        "last_verified": "2026-10-05"
      }
    },
    {
      "type": "Feature",
      "geometry": {
        "type": "Point",
        "coordinates": [
          77.169282,
          28.645013
        ]
      },
      "properties": {
        "station_id": "del-patel-nagar",
        "name": "Patel Nagar",
        "city_id": "delhi",
        "city": "Delhi",
        "line_ids": [
          "del-blue"
        ],
        "status": "operational",
        "phase": "I",
        "is_interchange": false,
        "opened_on": "2006-11-11",
        "expected_completion": null,
        "layout": "elevated",
        "source": "osm",
        "last_verified": "2026-10-05"
      }
    },
    {
      "type": "Feature",
      "geometry": {
        "type": "Point",
        "coordinates": [
          77.107181,
          28.720806
        ]
      },
      "properties": {
        "station_id": "del-rithala",
        "name": "Rithala",
        "city_id": "delhi",
        "city": "Delhi",
        "line_ids": [
          "del-red"
        ],
        "status": "operational",
        "phase": "I",
        "is_interchange": false,
        "opened_on": "2006-11-11",
        "expected_completion": null,
        "layout": "elevated",
        "source": "osm",
        "last_verified": "2026-10-05"
      }
    },
    {
      "type": "Feature",
      "geometry": {
        "type": "Point",
        "coordinates": [
          77.198897,
          28.666718
        ]
      },
      "properties": {
        "station_id": "del-pratap-nagar",
        "name": "Pratap Nagar",
        "city_id": "delhi",
        "city": "Delhi",
        "line_ids": [
          "del-red"
        ],
        "status": "operational",
        "phase": "I",
        "is_interchange": false,
        "opened_on": "2006-11-11",
        "expected_completion": null,
        "layout": "elevated",
        "source": "osm",
        "last_verified": "2026-10-05"
      }
    },
    {
      "type": "Feature",
      "geometry": {
        "type": "Point",
        "coordinates": [
          77.207416,
          28.666407
        ]
      },
      "properties": {
        "station_id": "del-pul-bangash",
        "name": "Pul Bangash",
        "city_id": "delhi",
        "city": "Delhi",
        "line_ids": [
          "del-red"
        ],
        "status": "operational",
        "phase": "I",
        "is_interchange": false,
        "opened_on": "2006-11-11",
        "expected_completion": null,
        "layout": "elevated",
        "source": "osm",
        "last_verified": "2026-10-05"
      }
    },
    {
      "type": "Feature",
      "geometry": {
        "type": "Point",
        "coordinates": [
          77.228249,
          28.667449
        ]
      },
      "properties": {
        "station_id": "del-kashmere-gate",
        "name": "Kashmere Gate",
        "city_id": "delhi",
        "city": "Delhi",
        "line_ids": [
          "del-red",
          "del-yellow",
          "del-violet"
        ],
        "status": "operational",
        "phase": "I",
        "is_interchange": true,
        "opened_on": "2006-11-11",
        "expected_completion": null,
        "layout": "elevated",
        "source": "osm",
        "last_verified": "2026-10-05"
      }
    },
    {
      "type": "Feature",
      "geometry": {
        "type": "Point",
        "coordinates": [
          77.140539,
          28.698041
        ]
      },
      "properties": {
        "station_id": "del-kohat-enclave",
        "name": "Kohat Enclave",
        "city_id": "delhi",
        "city": "Delhi",
        "line_ids": [
          "del-red"
        ],
        "status": "operational",
        "phase": "I",
        "is_interchange": false,
        "opened_on": "2006-11-11",
        "expected_completion": null,
        "layout": "elevated",
        "source": "osm",
        "last_verified": "2026-10-05"
      }
    },
    {
      "type": "Feature",
      "geometry": {
        "type": "Point",
        "coordinates": [
          77.188524,
          28.644012
        ]
      },
      "properties": {
        "station_id": "del-karol-bagh",
        "name": "Karol Bagh",
        "city_id": "delhi",
        "city": "Delhi",
        "line_ids": [
          "del-blue"
        ],
        "status": "operational",
        "phase": "I",
        "is_interchange": false,
        "opened_on": "2006-11-11",
        "expected_completion": null,
        "layout": "elevated",
        "source": "osm",
        "last_verified": "2026-10-05"
      }
    },
    {
      "type": "Feature",
      "geometry": {
        "type": "Point",
        "coordinates": [
          77.150663,
          28.655746
        ]
      },
      "properties": {
        "station_id": "del-kirti-nagar",
        "name": "Kirti Nagar",
        "city_id": "delhi",
        "city": "Delhi",
        "line_ids": [
          "del-blue",
          "del-green"
        ],
        "status": "operational",
        "phase": "I",
        "is_interchange": true,
        "opened_on": "2006-11-11",
        "expected_completion": null,
        "layout": "elevated",
        "source": "osm",
        "last_verified": "2026-10-05"
      }
    },
    {
      "type": "Feature",
      "geometry": {
        "type": "Point",
        "coordinates": [
          77.158259,
          28.651583
        ]
      },
      "properties": {
        "station_id": "del-shadipur",
        "name": "Shadipur",
        "city_id": "delhi",
        "city": "Delhi",
        "line_ids": [
          "del-blue"
        ],
        "status": "operational",
        "phase": "I",
        "is_interchange": false,
        "opened_on": "2006-11-11",
        "expected_completion": null,
        "layout": "elevated",
        "source": "osm",
        "last_verified": "2026-10-05"
      }
    },
    {
      "type": "Feature",
      "geometry": {
        "type": "Point",
        "coordinates": [
          77.142429,
          28.657859
        ]
      },
      "properties": {
        "station_id": "del-moti-nagar",
        "name": "Moti Nagar",
        "city_id": "delhi",
        "city": "Delhi",
        "line_ids": [
          "del-blue"
        ],
        "status": "operational",
        "phase": "I",
        "is_interchange": false,
        "opened_on": "2006-11-11",
        "expected_completion": null,
        "layout": "elevated",
        "source": "osm",
        "last_verified": "2026-10-05"
      }
    },
    {
      "type": "Feature",
      "geometry": {
        "type": "Point",
        "coordinates": [
          77.093002,
          28.481272
        ]
      },
      "properties": {
        "station_id": "del-sikanderpur",
        "name": "Sikanderpur",
        "city_id": "delhi",
        "city": "Delhi",
        "line_ids": [
          "del-yellow"
        ],
        "status": "operational",
        "phase": "I",
        "is_interchange": false,
        "opened_on": "2006-11-11",
        "expected_completion": null,
        "layout": "elevated",
        "source": "osm",
        "last_verified": "2026-10-05"
      }
    },
    {
      "type": "Feature",
      "geometry": {
        "type": "Point",
        "coordinates": [
          77.120795,
          28.548779
        ]
      },
      "properties": {
        "station_id": "del-delhi-aerocity",
        "name": "Delhi Aerocity",
        "city_id": "delhi",
        "city": "Delhi",
        "line_ids": [
          "del-airport"
        ],
        "status": "operational",
        "phase": "II",
        "is_interchange": false,
        "opened_on": "2006-11-11",
        "expected_completion": null,
        "layout": "elevated",
        "source": "osm",
        "last_verified": "2026-10-05"
      }
    },
    {
      "type": "Feature",
      "geometry": {
        "type": "Point",
        "coordinates": [
          77.206707,
          28.544256
        ]
      },
      "properties": {
        "station_id": "del-hauz-khas",
        "name": "Hauz Khas",
        "city_id": "delhi",
        "city": "Delhi",
        "line_ids": [
          "del-yellow",
          "del-magenta"
        ],
        "status": "operational",
        "phase": "I",
        "is_interchange": true,
        "opened_on": "2006-11-11",
        "expected_completion": null,
        "layout": "elevated",
        "source": "osm",
        "last_verified": "2026-10-05"
      }
    },
    {
      "type": "Feature",
      "geometry": {
        "type": "Point",
        "coordinates": [
          77.211322,
          28.628896
        ]
      },
      "properties": {
        "station_id": "del-shivaji-stadium",
        "name": "Shivaji Stadium",
        "city_id": "delhi",
        "city": "Delhi",
        "line_ids": [
          "del-airport"
        ],
        "status": "operational",
        "phase": "II",
        "is_interchange": false,
        "opened_on": "2006-11-11",
        "expected_completion": null,
        "layout": "elevated",
        "source": "osm",
        "last_verified": "2026-10-05"
      }
    },
    {
      "type": "Feature",
      "geometry": {
        "type": "Point",
        "coordinates": [
          77.222742,
          28.643483
        ]
      },
      "properties": {
        "station_id": "del-new-delhi",
        "name": "New Delhi",
        "city_id": "delhi",
        "city": "Delhi",
        "line_ids": [
          "del-yellow",
          "del-airport"
        ],
        "status": "operational",
        "phase": "I",
        "is_interchange": true,
        "opened_on": "2006-11-11",
        "expected_completion": null,
        "layout": "elevated",
        "source": "osm",
        "last_verified": "2026-10-05"
      }
    },
    {
      "type": "Feature",
      "geometry": {
        "type": "Point",
        "coordinates": [
          77.216631,
          28.667163
        ]
      },
      "properties": {
        "station_id": "del-tis-hazari",
        "name": "Tis Hazari",
        "city_id": "delhi",
        "city": "Delhi",
        "line_ids": [
          "del-red"
        ],
        "status": "operational",
        "phase": "I",
        "is_interchange": false,
        "opened_on": "2006-11-11",
        "expected_completion": null,
        "layout": "elevated",
        "source": "osm",
        "last_verified": "2026-10-05"
      }
    },
    {
      "type": "Feature",
      "geometry": {
        "type": "Point",
        "coordinates": [
          77.25053,
          28.668434
        ]
      },
      "properties": {
        "station_id": "del-shastri-park",
        "name": "Shastri Park",
        "city_id": "delhi",
        "city": "Delhi",
        "line_ids": [
          "del-red"
        ],
        "status": "operational",
        "phase": "I",
        "is_interchange": false,
        "opened_on": "2006-11-11",
        "expected_completion": null,
        "layout": "elevated",
        "source": "osm",
        "last_verified": "2026-10-05"
      }
    },
    {
      "type": "Feature",
      "geometry": {
        "type": "Point",
        "coordinates": [
          77.266814,
          28.669816
        ]
      },
      "properties": {
        "station_id": "del-seelampur",
        "name": "Seelampur",
        "city_id": "delhi",
        "city": "Delhi",
        "line_ids": [
          "del-red"
        ],
        "status": "operational",
        "phase": "I",
        "is_interchange": false,
        "opened_on": "2006-11-11",
        "expected_completion": null,
        "layout": "elevated",
        "source": "osm",
        "last_verified": "2026-10-05"
      }
    },
    {
      "type": "Feature",
      "geometry": {
        "type": "Point",
        "coordinates": [
          77.277847,
          28.671791
        ]
      },
      "properties": {
        "station_id": "del-welcome",
        "name": "Welcome",
        "city_id": "delhi",
        "city": "Delhi",
        "line_ids": [
          "del-red",
          "del-pink"
        ],
        "status": "operational",
        "phase": "I",
        "is_interchange": true,
        "opened_on": "2006-11-11",
        "expected_completion": null,
        "layout": "elevated",
        "source": "osm",
        "last_verified": "2026-10-05"
      }
    },
    {
      "type": "Feature",
      "geometry": {
        "type": "Point",
        "coordinates": [
          77.289886,
          28.67343
        ]
      },
      "properties": {
        "station_id": "del-shahdara",
        "name": "Shahdara",
        "city_id": "delhi",
        "city": "Delhi",
        "line_ids": [
          "del-red"
        ],
        "status": "operational",
        "phase": "I",
        "is_interchange": false,
        "opened_on": "2006-11-11",
        "expected_completion": null,
        "layout": "elevated",
        "source": "osm",
        "last_verified": "2026-10-05"
      }
    },
    {
      "type": "Feature",
      "geometry": {
        "type": "Point",
        "coordinates": [
          77.312395,
          28.67572
        ]
      },
      "properties": {
        "station_id": "del-jhilmil",
        "name": "Jhilmil",
        "city_id": "delhi",
        "city": "Delhi",
        "line_ids": [
          "del-red"
        ],
        "status": "operational",
        "phase": "I",
        "is_interchange": false,
        "opened_on": "2006-11-11",
        "expected_completion": null,
        "layout": "elevated",
        "source": "osm",
        "last_verified": "2026-10-05"
      }
    },
    {
      "type": "Feature",
      "geometry": {
        "type": "Point",
        "coordinates": [
          77.181859,
          28.670088
        ]
      },
      "properties": {
        "station_id": "del-shastri-nagar",
        "name": "Shastri Nagar",
        "city_id": "delhi",
        "city": "Delhi",
        "line_ids": [
          "del-red"
        ],
        "status": "operational",
        "phase": "I",
        "is_interchange": false,
        "opened_on": "2006-11-11",
        "expected_completion": null,
        "layout": "elevated",
        "source": "osm",
        "last_verified": "2026-10-05"
      }
    },
    {
      "type": "Feature",
      "geometry": {
        "type": "Point",
        "coordinates": [
          77.170347,
          28.673589
        ]
      },
      "properties": {
        "station_id": "del-inderlok",
        "name": "Inderlok",
        "city_id": "delhi",
        "city": "Delhi",
        "line_ids": [
          "del-red",
          "del-green"
        ],
        "status": "operational",
        "phase": "I",
        "is_interchange": true,
        "opened_on": "2006-11-11",
        "expected_completion": null,
        "layout": "elevated",
        "source": "osm",
        "last_verified": "2026-10-05"
      }
    },
    {
      "type": "Feature",
      "geometry": {
        "type": "Point",
        "coordinates": [
          77.164775,
          28.682408
        ]
      },
      "properties": {
        "station_id": "del-kanhaiya-nagar",
        "name": "Kanhaiya Nagar",
        "city_id": "delhi",
        "city": "Delhi",
        "line_ids": [
          "del-red"
        ],
        "status": "operational",
        "phase": "I",
        "is_interchange": false,
        "opened_on": "2006-11-11",
        "expected_completion": null,
        "layout": "elevated",
        "source": "osm",
        "last_verified": "2026-10-05"
      }
    },
    {
      "type": "Feature",
      "geometry": {
        "type": "Point",
        "coordinates": [
          77.161683,
          28.688926
        ]
      },
      "properties": {
        "station_id": "del-keshav-puram",
        "name": "Keshav Puram",
        "city_id": "delhi",
        "city": "Delhi",
        "line_ids": [
          "del-red"
        ],
        "status": "operational",
        "phase": "I",
        "is_interchange": false,
        "opened_on": "2006-11-11",
        "expected_completion": null,
        "layout": "elevated",
        "source": "osm",
        "last_verified": "2026-10-05"
      }
    },
    {
      "type": "Feature",
      "geometry": {
        "type": "Point",
        "coordinates": [
          77.152486,
          28.696048
        ]
      },
      "properties": {
        "station_id": "del-netaji-subhash-place",
        "name": "Netaji Subhash Place",
        "city_id": "delhi",
        "city": "Delhi",
        "line_ids": [
          "del-red",
          "del-pink"
        ],
        "status": "operational",
        "phase": "I",
        "is_interchange": true,
        "opened_on": "2006-11-11",
        "expected_completion": null,
        "layout": "elevated",
        "source": "osm",
        "last_verified": "2026-10-05"
      }
    },
    {
      "type": "Feature",
      "geometry": {
        "type": "Point",
        "coordinates": [
          77.13225,
          28.703268
        ]
      },
      "properties": {
        "station_id": "del-madhuban-chowk",
        "name": "Madhuban Chowk",
        "city_id": "delhi",
        "city": "Delhi",
        "line_ids": [
          "del-red",
          "del-magenta"
        ],
        "status": "operational",
        "phase": "I",
        "is_interchange": true,
        "opened_on": "2006-11-11",
        "expected_completion": null,
        "layout": "elevated",
        "source": "osm",
        "last_verified": "2026-10-05"
      }
    },
    {
      "type": "Feature",
      "geometry": {
        "type": "Point",
        "coordinates": [
          77.125997,
          28.707577
        ]
      },
      "properties": {
        "station_id": "del-rohini-east",
        "name": "Rohini East",
        "city_id": "delhi",
        "city": "Delhi",
        "line_ids": [
          "del-red"
        ],
        "status": "operational",
        "phase": "I",
        "is_interchange": false,
        "opened_on": "2006-11-11",
        "expected_completion": null,
        "layout": "elevated",
        "source": "osm",
        "last_verified": "2026-10-05"
      }
    },
    {
      "type": "Feature",
      "geometry": {
        "type": "Point",
        "coordinates": [
          77.2064,
          28.698133
        ]
      },
      "properties": {
        "station_id": "del-gtb-nagar",
        "name": "GTB Nagar",
        "city_id": "delhi",
        "city": "Delhi",
        "line_ids": [
          "del-yellow"
        ],
        "status": "operational",
        "phase": "I",
        "is_interchange": false,
        "opened_on": "2006-11-11",
        "expected_completion": null,
        "layout": "elevated",
        "source": "osm",
        "last_verified": "2026-10-05"
      }
    },
    {
      "type": "Feature",
      "geometry": {
        "type": "Point",
        "coordinates": [
          77.086699,
          28.556463
        ]
      },
      "properties": {
        "station_id": "del-igi-airport",
        "name": "IGI Airport",
        "city_id": "delhi",
        "city": "Delhi",
        "line_ids": [
          "del-airport"
        ],
        "status": "operational",
        "phase": "II",
        "is_interchange": false,
        "opened_on": "2006-11-11",
        "expected_completion": null,
        "layout": "elevated",
        "source": "osm",
        "last_verified": "2026-10-05"
      }
    },
    {
      "type": "Feature",
      "geometry": {
        "type": "Point",
        "coordinates": [
          77.25909,
          28.549478
        ]
      },
      "properties": {
        "station_id": "del-kalkaji-mandir",
        "name": "Kalkaji Mandir",
        "city_id": "delhi",
        "city": "Delhi",
        "line_ids": [
          "del-violet",
          "del-magenta"
        ],
        "status": "operational",
        "phase": "II",
        "is_interchange": true,
        "opened_on": "2006-11-11",
        "expected_completion": null,
        "layout": "elevated",
        "source": "osm",
        "last_verified": "2026-10-05"
      }
    },
    {
      "type": "Feature",
      "geometry": {
        "type": "Point",
        "coordinates": [
          77.161716,
          28.591872
        ]
      },
      "properties": {
        "station_id": "del-dhaula-kuan",
        "name": "Dhaula Kuan",
        "city_id": "delhi",
        "city": "Delhi",
        "line_ids": [
          "del-airport"
        ],
        "status": "operational",
        "phase": "II",
        "is_interchange": false,
        "opened_on": "2006-11-11",
        "expected_completion": null,
        "layout": "elevated",
        "source": "osm",
        "last_verified": "2026-10-05"
      }
    },
    {
      "type": "Feature",
      "geometry": {
        "type": "Point",
        "coordinates": [
          77.223112,
          28.642479
        ]
      },
      "properties": {
        "station_id": "del-new-delhi-airport-express-terminal",
        "name": "New Delhi Airport Express Terminal",
        "city_id": "delhi",
        "city": "Delhi",
        "line_ids": [
          "del-yellow",
          "del-airport"
        ],
        "status": "operational",
        "phase": "II",
        "is_interchange": true,
        "opened_on": "2006-11-11",
        "expected_completion": null,
        "layout": "elevated",
        "source": "osm",
        "last_verified": "2026-10-05"
      }
    },
    {
      "type": "Feature",
      "geometry": {
        "type": "Point",
        "coordinates": [
          77.157703,
          28.662053
        ]
      },
      "properties": {
        "station_id": "del-satguru-ramsingh-marg",
        "name": "Satguru Ramsingh Marg",
        "city_id": "delhi",
        "city": "Delhi",
        "line_ids": [
          "del-green"
        ],
        "status": "operational",
        "phase": "II",
        "is_interchange": false,
        "opened_on": "2006-11-11",
        "expected_completion": null,
        "layout": "elevated",
        "source": "osm",
        "last_verified": "2026-10-05"
      }
    },
    {
      "type": "Feature",
      "geometry": {
        "type": "Point",
        "coordinates": [
          77.115385,
          28.714957
        ]
      },
      "properties": {
        "station_id": "del-rohini-west",
        "name": "Rohini West",
        "city_id": "delhi",
        "city": "Delhi",
        "line_ids": [
          "del-red"
        ],
        "status": "operational",
        "phase": "I",
        "is_interchange": false,
        "opened_on": "2006-11-11",
        "expected_completion": null,
        "layout": "elevated",
        "source": "osm",
        "last_verified": "2026-10-05"
      }
    },
    {
      "type": "Feature",
      "geometry": {
        "type": "Point",
        "coordinates": [
          77.088132,
          28.491702
        ]
      },
      "properties": {
        "station_id": "del-belvedere-towers",
        "name": "Belvedere Towers",
        "city_id": "delhi",
        "city": "Delhi",
        "line_ids": [
          "del-yellow"
        ],
        "status": "operational",
        "phase": "I",
        "is_interchange": false,
        "opened_on": "2006-11-11",
        "expected_completion": null,
        "layout": "elevated",
        "source": "osm",
        "last_verified": "2026-10-05"
      }
    },
    {
      "type": "Feature",
      "geometry": {
        "type": "Point",
        "coordinates": [
          77.092991,
          28.48756
        ]
      },
      "properties": {
        "station_id": "del-dlf-phase-2",
        "name": "DLF Phase 2",
        "city_id": "delhi",
        "city": "Delhi",
        "line_ids": [
          "del-yellow"
        ],
        "status": "operational",
        "phase": "I",
        "is_interchange": false,
        "opened_on": "2006-11-11",
        "expected_completion": null,
        "layout": "elevated",
        "source": "osm",
        "last_verified": "2026-10-05"
      }
    },
    {
      "type": "Feature",
      "geometry": {
        "type": "Point",
        "coordinates": [
          77.094437,
          28.480997
        ]
      },
      "properties": {
        "station_id": "del-sikanderpur-rmrg",
        "name": "Sikanderpur RMRG",
        "city_id": "delhi",
        "city": "Delhi",
        "line_ids": [
          "del-yellow"
        ],
        "status": "operational",
        "phase": "I",
        "is_interchange": false,
        "opened_on": "2006-11-11",
        "expected_completion": null,
        "layout": "elevated",
        "source": "osm",
        "last_verified": "2026-10-05"
      }
    },
    {
      "type": "Feature",
      "geometry": {
        "type": "Point",
        "coordinates": [
          77.094631,
          28.500778
        ]
      },
      "properties": {
        "station_id": "del-moulsari-avenue",
        "name": "Moulsari Avenue",
        "city_id": "delhi",
        "city": "Delhi",
        "line_ids": [
          "del-yellow"
        ],
        "status": "operational",
        "phase": "I",
        "is_interchange": false,
        "opened_on": "2006-11-11",
        "expected_completion": null,
        "layout": "elevated",
        "source": "osm",
        "last_verified": "2026-10-05"
      }
    },
    {
      "type": "Feature",
      "geometry": {
        "type": "Point",
        "coordinates": [
          77.093661,
          28.493568
        ]
      },
      "properties": {
        "station_id": "del-phase-3",
        "name": "Phase 3",
        "city_id": "delhi",
        "city": "Delhi",
        "line_ids": [
          "del-yellow"
        ],
        "status": "operational",
        "phase": "I",
        "is_interchange": false,
        "opened_on": "2006-11-11",
        "expected_completion": null,
        "layout": "elevated",
        "source": "osm",
        "last_verified": "2026-10-05"
      }
    },
    {
      "type": "Feature",
      "geometry": {
        "type": "Point",
        "coordinates": [
          76.978526,
          28.611909
        ]
      },
      "properties": {
        "station_id": "del-dhansa-bus-stand",
        "name": "Dhansa Bus Stand",
        "city_id": "delhi",
        "city": "Delhi",
        "line_ids": [
          "del-grey"
        ],
        "status": "operational",
        "phase": "III",
        "is_interchange": false,
        "opened_on": "2006-11-11",
        "expected_completion": null,
        "layout": "elevated",
        "source": "osm",
        "last_verified": "2026-10-05"
      }
    },
    {
      "type": "Feature",
      "geometry": {
        "type": "Point",
        "coordinates": [
          77.175059,
          28.556897
        ]
      },
      "properties": {
        "station_id": "del-munirka",
        "name": "Munirka",
        "city_id": "delhi",
        "city": "Delhi",
        "line_ids": [
          "del-magenta"
        ],
        "status": "operational",
        "phase": "III",
        "is_interchange": false,
        "opened_on": "2006-11-11",
        "expected_completion": null,
        "layout": "elevated",
        "source": "osm",
        "last_verified": "2026-10-05"
      }
    },
    {
      "type": "Feature",
      "geometry": {
        "type": "Point",
        "coordinates": [
          77.2749,
          28.559748
        ]
      },
      "properties": {
        "station_id": "del-sukhdev-vihar",
        "name": "Sukhdev Vihar",
        "city_id": "delhi",
        "city": "Delhi",
        "line_ids": [
          "del-magenta"
        ],
        "status": "operational",
        "phase": "III",
        "is_interchange": false,
        "opened_on": "2006-11-11",
        "expected_completion": null,
        "layout": "elevated",
        "source": "osm",
        "last_verified": "2026-10-05"
      }
    },
    {
      "type": "Feature",
      "geometry": {
        "type": "Point",
        "coordinates": [
          77.161117,
          28.557827
        ]
      },
      "properties": {
        "station_id": "del-vasant-vihar",
        "name": "Vasant Vihar",
        "city_id": "delhi",
        "city": "Delhi",
        "line_ids": [
          "del-magenta"
        ],
        "status": "operational",
        "phase": "III",
        "is_interchange": false,
        "opened_on": "2006-11-11",
        "expected_completion": null,
        "layout": "elevated",
        "source": "osm",
        "last_verified": "2026-10-05"
      }
    },
    {
      "type": "Feature",
      "geometry": {
        "type": "Point",
        "coordinates": [
          77.140281,
          28.560846
        ]
      },
      "properties": {
        "station_id": "del-shankar-vihar",
        "name": "Shankar Vihar",
        "city_id": "delhi",
        "city": "Delhi",
        "line_ids": [
          "del-magenta"
        ],
        "status": "operational",
        "phase": "III",
        "is_interchange": false,
        "opened_on": "2006-11-11",
        "expected_completion": null,
        "layout": "elevated",
        "source": "osm",
        "last_verified": "2026-10-05"
      }
    },
    {
      "type": "Feature",
      "geometry": {
        "type": "Point",
        "coordinates": [
          77.111128,
          28.577115
        ]
      },
      "properties": {
        "station_id": "del-sadar-bazar-cantonment",
        "name": "Sadar Bazar Cantonment",
        "city_id": "delhi",
        "city": "Delhi",
        "line_ids": [
          "del-magenta"
        ],
        "status": "operational",
        "phase": "III",
        "is_interchange": false,
        "opened_on": "2006-11-11",
        "expected_completion": null,
        "layout": "elevated",
        "source": "osm",
        "last_verified": "2026-10-05"
      }
    },
    {
      "type": "Feature",
      "geometry": {
        "type": "Point",
        "coordinates": [
          77.083076,
          28.58891
        ]
      },
      "properties": {
        "station_id": "del-palam",
        "name": "Palam",
        "city_id": "delhi",
        "city": "Delhi",
        "line_ids": [
          "del-magenta"
        ],
        "status": "operational",
        "phase": "III",
        "is_interchange": false,
        "opened_on": "2006-11-11",
        "expected_completion": null,
        "layout": "elevated",
        "source": "osm",
        "last_verified": "2026-10-05"
      }
    },
    {
      "type": "Feature",
      "geometry": {
        "type": "Point",
        "coordinates": [
          77.082375,
          28.60185
        ]
      },
      "properties": {
        "station_id": "del-dashrath-puri",
        "name": "Dashrath Puri",
        "city_id": "delhi",
        "city": "Delhi",
        "line_ids": [
          "del-magenta"
        ],
        "status": "operational",
        "phase": "III",
        "is_interchange": false,
        "opened_on": "2006-11-11",
        "expected_completion": null,
        "layout": "elevated",
        "source": "osm",
        "last_verified": "2026-10-05"
      }
    },
    {
      "type": "Feature",
      "geometry": {
        "type": "Point",
        "coordinates": [
          77.077949,
          28.628947
        ]
      },
      "properties": {
        "station_id": "del-janakpuri-west",
        "name": "Janakpuri West",
        "city_id": "delhi",
        "city": "Delhi",
        "line_ids": [
          "del-blue",
          "del-magenta"
        ],
        "status": "operational",
        "phase": "III",
        "is_interchange": true,
        "opened_on": "2006-11-11",
        "expected_completion": null,
        "layout": "elevated",
        "source": "osm",
        "last_verified": "2026-10-05"
      }
    },
    {
      "type": "Feature",
      "geometry": {
        "type": "Point",
        "coordinates": [
          77.321595,
          28.552942
        ]
      },
      "properties": {
        "station_id": "del-okhla-bird-sanctuary",
        "name": "Okhla Bird Sanctuary",
        "city_id": "delhi",
        "city": "Delhi",
        "line_ids": [
          "del-magenta"
        ],
        "status": "operational",
        "phase": "III",
        "is_interchange": false,
        "opened_on": "2006-11-11",
        "expected_completion": null,
        "layout": "elevated",
        "source": "osm",
        "last_verified": "2026-10-05"
      }
    },
    {
      "type": "Feature",
      "geometry": {
        "type": "Point",
        "coordinates": [
          77.238493,
          28.541908
        ]
      },
      "properties": {
        "station_id": "del-greater-kailash",
        "name": "Greater Kailash",
        "city_id": "delhi",
        "city": "Delhi",
        "line_ids": [
          "del-magenta"
        ],
        "status": "operational",
        "phase": "III",
        "is_interchange": false,
        "opened_on": "2006-11-11",
        "expected_completion": null,
        "layout": "elevated",
        "source": "osm",
        "last_verified": "2026-10-05"
      }
    },
    {
      "type": "Feature",
      "geometry": {
        "type": "Point",
        "coordinates": [
          77.310111,
          28.542916
        ]
      },
      "properties": {
        "station_id": "del-kalindi-kunj",
        "name": "Kalindi Kunj",
        "city_id": "delhi",
        "city": "Delhi",
        "line_ids": [
          "del-magenta"
        ],
        "status": "operational",
        "phase": "III",
        "is_interchange": false,
        "opened_on": "2006-11-11",
        "expected_completion": null,
        "layout": "elevated",
        "source": "osm",
        "last_verified": "2026-10-05"
      }
    },
    {
      "type": "Feature",
      "geometry": {
        "type": "Point",
        "coordinates": [
          77.291877,
          28.5613
        ]
      },
      "properties": {
        "station_id": "del-okhla-vihar",
        "name": "Okhla Vihar",
        "city_id": "delhi",
        "city": "Delhi",
        "line_ids": [
          "del-magenta"
        ],
        "status": "operational",
        "phase": "III",
        "is_interchange": false,
        "opened_on": "2006-11-11",
        "expected_completion": null,
        "layout": "elevated",
        "source": "osm",
        "last_verified": "2026-10-05"
      }
    },
    {
      "type": "Feature",
      "geometry": {
        "type": "Point",
        "coordinates": [
          77.221092,
          28.542375
        ]
      },
      "properties": {
        "station_id": "del-panchsheel-park",
        "name": "Panchsheel Park",
        "city_id": "delhi",
        "city": "Delhi",
        "line_ids": [
          "del-magenta"
        ],
        "status": "operational",
        "phase": "III",
        "is_interchange": false,
        "opened_on": "2006-11-11",
        "expected_completion": null,
        "layout": "elevated",
        "source": "osm",
        "last_verified": "2026-10-05"
      }
    },
    {
      "type": "Feature",
      "geometry": {
        "type": "Point",
        "coordinates": [
          77.185523,
          28.55038
        ]
      },
      "properties": {
        "station_id": "del-r-k-puram",
        "name": "R. K. Puram",
        "city_id": "delhi",
        "city": "Delhi",
        "line_ids": [
          "del-magenta"
        ],
        "status": "operational",
        "phase": "III",
        "is_interchange": false,
        "opened_on": "2006-11-11",
        "expected_completion": null,
        "layout": "elevated",
        "source": "osm",
        "last_verified": "2026-10-05"
      }
    },
    {
      "type": "Feature",
      "geometry": {
        "type": "Point",
        "coordinates": [
          77.296658,
          28.545828
        ]
      },
      "properties": {
        "station_id": "del-jasola-vihar-shaheen-bagh",
        "name": "Jasola Vihar Shaheen Bagh",
        "city_id": "delhi",
        "city": "Delhi",
        "line_ids": [
          "del-magenta"
        ],
        "status": "operational",
        "phase": "III",
        "is_interchange": false,
        "opened_on": "2006-11-11",
        "expected_completion": null,
        "layout": "elevated",
        "source": "osm",
        "last_verified": "2026-10-05"
      }
    },
    {
      "type": "Feature",
      "geometry": {
        "type": "Point",
        "coordinates": [
          77.333837,
          28.563905
        ]
      },
      "properties": {
        "station_id": "del-botanical-garden",
        "name": "Botanical Garden",
        "city_id": "delhi",
        "city": "Delhi",
        "line_ids": [
          "del-blue",
          "del-magenta"
        ],
        "status": "operational",
        "phase": "III",
        "is_interchange": true,
        "opened_on": "2006-11-11",
        "expected_completion": null,
        "layout": "elevated",
        "source": "osm",
        "last_verified": "2026-10-05"
      }
    },
    {
      "type": "Feature",
      "geometry": {
        "type": "Point",
        "coordinates": [
          77.122657,
          28.564835
        ]
      },
      "properties": {
        "station_id": "del-terminal-1-igi-airport",
        "name": "Terminal 1 IGI Airport",
        "city_id": "delhi",
        "city": "Delhi",
        "line_ids": [
          "del-magenta"
        ],
        "status": "operational",
        "phase": "III",
        "is_interchange": false,
        "opened_on": "2006-11-11",
        "expected_completion": null,
        "layout": "elevated",
        "source": "osm",
        "last_verified": "2026-10-05"
      }
    },
    {
      "type": "Feature",
      "geometry": {
        "type": "Point",
        "coordinates": [
          77.308855,
          28.613453
        ]
      },
      "properties": {
        "station_id": "del-trilokpuri-sanjay-lake",
        "name": "Trilokpuri Sanjay Lake",
        "city_id": "delhi",
        "city": "Delhi",
        "line_ids": [
          "del-pink"
        ],
        "status": "operational",
        "phase": "III",
        "is_interchange": false,
        "opened_on": "2006-11-11",
        "expected_completion": null,
        "layout": "elevated",
        "source": "osm",
        "last_verified": "2026-10-05"
      }
    },
    {
      "type": "Feature",
      "geometry": {
        "type": "Point",
        "coordinates": [
          77.315875,
          28.646834
        ]
      },
      "properties": {
        "station_id": "del-anand-vihar",
        "name": "Anand Vihar",
        "city_id": "delhi",
        "city": "Delhi",
        "line_ids": [
          "del-blue",
          "del-pink"
        ],
        "status": "operational",
        "phase": "II",
        "is_interchange": true,
        "opened_on": "2006-11-11",
        "expected_completion": null,
        "layout": "elevated",
        "source": "osm",
        "last_verified": "2026-10-05"
      }
    },
    {
      "type": "Feature",
      "geometry": {
        "type": "Point",
        "coordinates": [
          77.306069,
          28.649343
        ]
      },
      "properties": {
        "station_id": "del-karkarduma",
        "name": "Karkarduma",
        "city_id": "delhi",
        "city": "Delhi",
        "line_ids": [
          "del-blue",
          "del-pink"
        ],
        "status": "operational",
        "phase": "III",
        "is_interchange": true,
        "opened_on": "2006-11-11",
        "expected_completion": null,
        "layout": "elevated",
        "source": "osm",
        "last_verified": "2026-10-05"
      }
    },
    {
      "type": "Feature",
      "geometry": {
        "type": "Point",
        "coordinates": [
          77.13827,
          28.744641
        ]
      },
      "properties": {
        "station_id": "del-samaypur-badli",
        "name": "Samaypur Badli",
        "city_id": "delhi",
        "city": "Delhi",
        "line_ids": [
          "del-yellow"
        ],
        "status": "operational",
        "phase": "I",
        "is_interchange": false,
        "opened_on": "2006-11-11",
        "expected_completion": null,
        "layout": "elevated",
        "source": "osm",
        "last_verified": "2026-10-05"
      }
    },
    {
      "type": "Feature",
      "geometry": {
        "type": "Point",
        "coordinates": [
          77.139853,
          28.73838
        ]
      },
      "properties": {
        "station_id": "del-rohini-sector-18-19",
        "name": "Rohini Sector 18, 19",
        "city_id": "delhi",
        "city": "Delhi",
        "line_ids": [
          "del-yellow"
        ],
        "status": "operational",
        "phase": "I",
        "is_interchange": false,
        "opened_on": "2006-11-11",
        "expected_completion": null,
        "layout": "elevated",
        "source": "osm",
        "last_verified": "2026-10-05"
      }
    },
    {
      "type": "Feature",
      "geometry": {
        "type": "Point",
        "coordinates": [
          77.104897,
          28.432977
        ]
      },
      "properties": {
        "station_id": "del-sector-54-chowk",
        "name": "Sector 54 Chowk",
        "city_id": "delhi",
        "city": "Delhi",
        "line_ids": [
          "del-yellow"
        ],
        "status": "operational",
        "phase": "I",
        "is_interchange": false,
        "opened_on": "2006-11-11",
        "expected_completion": null,
        "layout": "elevated",
        "source": "osm",
        "last_verified": "2026-10-05"
      }
    },
    {
      "type": "Feature",
      "geometry": {
        "type": "Point",
        "coordinates": [
          77.100463,
          28.446383
        ]
      },
      "properties": {
        "station_id": "del-sector-53-54",
        "name": "Sector 53-54",
        "city_id": "delhi",
        "city": "Delhi",
        "line_ids": [
          "del-yellow"
        ],
        "status": "operational",
        "phase": "I",
        "is_interchange": false,
        "opened_on": "2006-11-11",
        "expected_completion": null,
        "layout": "elevated",
        "source": "osm",
        "last_verified": "2026-10-05"
      }
    },
    {
      "type": "Feature",
      "geometry": {
        "type": "Point",
        "coordinates": [
          77.096953,
          28.457425
        ]
      },
      "properties": {
        "station_id": "del-sector-42-43",
        "name": "Sector 42-43",
        "city_id": "delhi",
        "city": "Delhi",
        "line_ids": [
          "del-yellow"
        ],
        "status": "operational",
        "phase": "I",
        "is_interchange": false,
        "opened_on": "2006-11-11",
        "expected_completion": null,
        "layout": "elevated",
        "source": "osm",
        "last_verified": "2026-10-05"
      }
    },
    {
      "type": "Feature",
      "geometry": {
        "type": "Point",
        "coordinates": [
          77.286339,
          28.563049
        ]
      },
      "properties": {
        "station_id": "del-jamia-millia-islamia",
        "name": "Jamia Millia Islamia",
        "city_id": "delhi",
        "city": "Delhi",
        "line_ids": [
          "del-magenta"
        ],
        "status": "operational",
        "phase": "III",
        "is_interchange": false,
        "opened_on": "2006-11-11",
        "expected_completion": null,
        "layout": "elevated",
        "source": "osm",
        "last_verified": "2026-10-05"
      }
    },
    {
      "type": "Feature",
      "geometry": {
        "type": "Point",
        "coordinates": [
          77.230316,
          28.541111
        ]
      },
      "properties": {
        "station_id": "del-chirag-delhi",
        "name": "Chirag Delhi",
        "city_id": "delhi",
        "city": "Delhi",
        "line_ids": [
          "del-magenta"
        ],
        "status": "operational",
        "phase": "III",
        "is_interchange": false,
        "opened_on": "2006-11-11",
        "expected_completion": null,
        "layout": "elevated",
        "source": "osm",
        "last_verified": "2026-10-05"
      }
    },
    {
      "type": "Feature",
      "geometry": {
        "type": "Point",
        "coordinates": [
          77.093961,
          28.471426
        ]
      },
      "properties": {
        "station_id": "del-dlf-phase-1",
        "name": "DLF Phase 1",
        "city_id": "delhi",
        "city": "Delhi",
        "line_ids": [
          "del-yellow"
        ],
        "status": "operational",
        "phase": "I",
        "is_interchange": false,
        "opened_on": "2006-11-11",
        "expected_completion": null,
        "layout": "elevated",
        "source": "osm",
        "last_verified": "2026-10-05"
      }
    },
    {
      "type": "Feature",
      "geometry": {
        "type": "Point",
        "coordinates": [
          77.105133,
          28.423356
        ]
      },
      "properties": {
        "station_id": "del-sector-5556",
        "name": "Sector 55–56",
        "city_id": "delhi",
        "city": "Delhi",
        "line_ids": [
          "del-yellow"
        ],
        "status": "operational",
        "phase": "I",
        "is_interchange": false,
        "opened_on": "2006-11-11",
        "expected_completion": null,
        "layout": "elevated",
        "source": "osm",
        "last_verified": "2026-10-05"
      }
    },
    {
      "type": "Feature",
      "geometry": {
        "type": "Point",
        "coordinates": [
          77.310718,
          28.631903
        ]
      },
      "properties": {
        "station_id": "del-ip-extension",
        "name": "IP Extension",
        "city_id": "delhi",
        "city": "Delhi",
        "line_ids": [
          "del-pink"
        ],
        "status": "operational",
        "phase": "III",
        "is_interchange": false,
        "opened_on": "2006-11-11",
        "expected_completion": null,
        "layout": "elevated",
        "source": "osm",
        "last_verified": "2026-10-05"
      }
    },
    {
      "type": "Feature",
      "geometry": {
        "type": "Point",
        "coordinates": [
          77.295788,
          28.6536
        ]
      },
      "properties": {
        "station_id": "del-karkarduma-court",
        "name": "Karkarduma Court",
        "city_id": "delhi",
        "city": "Delhi",
        "line_ids": [
          "del-pink"
        ],
        "status": "operational",
        "phase": "III",
        "is_interchange": false,
        "opened_on": "2006-11-11",
        "expected_completion": null,
        "layout": "elevated",
        "source": "osm",
        "last_verified": "2026-10-05"
      }
    },
    {
      "type": "Feature",
      "geometry": {
        "type": "Point",
        "coordinates": [
          77.305407,
          28.620044
        ]
      },
      "properties": {
        "station_id": "del-east-vinod-nagar-mayur-vihar-ii",
        "name": "East Vinod Nagar - Mayur Vihar - II",
        "city_id": "delhi",
        "city": "Delhi",
        "line_ids": [
          "del-pink"
        ],
        "status": "operational",
        "phase": "III",
        "is_interchange": false,
        "opened_on": "2006-11-11",
        "expected_completion": null,
        "layout": "elevated",
        "source": "osm",
        "last_verified": "2026-10-05"
      }
    },
    {
      "type": "Feature",
      "geometry": {
        "type": "Point",
        "coordinates": [
          77.304452,
          28.624979
        ]
      },
      "properties": {
        "station_id": "del-mandawali-west-vinod-nagar",
        "name": "Mandawali - West Vinod Nagar",
        "city_id": "delhi",
        "city": "Delhi",
        "line_ids": [
          "del-pink"
        ],
        "status": "operational",
        "phase": "III",
        "is_interchange": false,
        "opened_on": "2006-11-11",
        "expected_completion": null,
        "layout": "elevated",
        "source": "osm",
        "last_verified": "2026-10-05"
      }
    },
    {
      "type": "Feature",
      "geometry": {
        "type": "Point",
        "coordinates": [
          77.011558,
          28.544117
        ]
      },
      "properties": {
        "station_id": "del-dwarka-sector-28",
        "name": "Dwarka Sector-28",
        "city_id": "delhi",
        "city": "Delhi",
        "line_ids": [
          "del-airport"
        ],
        "status": "construction",
        "phase": "II",
        "is_interchange": false,
        "opened_on": null,
        "expected_completion": "2026-12",
        "layout": "elevated",
        "source": "osm",
        "last_verified": "2026-10-05"
      }
    },
    {
      "type": "Feature",
      "geometry": {
        "type": "Point",
        "coordinates": [
          77.149642,
          28.652368
        ]
      },
      "properties": {
        "station_id": "del-kirti-nagar-2",
        "name": "Kirti Nagar",
        "city_id": "delhi",
        "city": "Delhi",
        "line_ids": [
          "del-green"
        ],
        "status": "construction",
        "phase": "II",
        "is_interchange": true,
        "opened_on": null,
        "expected_completion": "2026-12",
        "layout": "elevated",
        "source": "osm",
        "last_verified": "2026-10-05"
      }
    },
    {
      "type": "Feature",
      "geometry": {
        "type": "Point",
        "coordinates": [
          77.226713,
          28.527903
        ]
      },
      "properties": {
        "station_id": "del-saket-d-block",
        "name": "Saket D Block",
        "city_id": "delhi",
        "city": "Delhi",
        "line_ids": [
          "del-magenta"
        ],
        "status": "construction",
        "phase": "III",
        "is_interchange": false,
        "opened_on": null,
        "expected_completion": "2026-12",
        "layout": "elevated",
        "source": "osm",
        "last_verified": "2026-10-05"
      }
    },
    {
      "type": "Feature",
      "geometry": {
        "type": "Point",
        "coordinates": [
          77.22857,
          28.554633
        ]
      },
      "properties": {
        "station_id": "del-greater-kailash-2",
        "name": "Greater Kailash",
        "city_id": "delhi",
        "city": "Delhi",
        "line_ids": [
          "del-violet"
        ],
        "status": "construction",
        "phase": "II",
        "is_interchange": false,
        "opened_on": null,
        "expected_completion": "2026-12",
        "layout": "elevated",
        "source": "osm",
        "last_verified": "2026-10-05"
      }
    },
    {
      "type": "Feature",
      "geometry": {
        "type": "Point",
        "coordinates": [
          77.231941,
          28.529693
        ]
      },
      "properties": {
        "station_id": "del-sheikh-sarai",
        "name": "Sheikh Sarai",
        "city_id": "delhi",
        "city": "Delhi",
        "line_ids": [
          "del-magenta"
        ],
        "status": "construction",
        "phase": "III",
        "is_interchange": false,
        "opened_on": null,
        "expected_completion": "2026-12",
        "layout": "elevated",
        "source": "osm",
        "last_verified": "2026-10-05"
      }
    },
    {
      "type": "Feature",
      "geometry": {
        "type": "Point",
        "coordinates": [
          77.22097,
          28.526805
        ]
      },
      "properties": {
        "station_id": "del-district-court",
        "name": "District Court",
        "city_id": "delhi",
        "city": "Delhi",
        "line_ids": [
          "del-yellow"
        ],
        "status": "construction",
        "phase": "I",
        "is_interchange": false,
        "opened_on": null,
        "expected_completion": "2026-12",
        "layout": "elevated",
        "source": "osm",
        "last_verified": "2026-10-05"
      }
    },
    {
      "type": "Feature",
      "geometry": {
        "type": "Point",
        "coordinates": [
          77.218219,
          28.517346
        ]
      },
      "properties": {
        "station_id": "del-saket-g-block",
        "name": "Saket G Block",
        "city_id": "delhi",
        "city": "Delhi",
        "line_ids": [
          "del-yellow"
        ],
        "status": "construction",
        "phase": "I",
        "is_interchange": false,
        "opened_on": null,
        "expected_completion": "2026-12",
        "layout": "elevated",
        "source": "osm",
        "last_verified": "2026-10-05"
      }
    },
    {
      "type": "Feature",
      "geometry": {
        "type": "Point",
        "coordinates": [
          77.260863,
          28.73782
        ]
      },
      "properties": {
        "station_id": "del-loni-border",
        "name": "Loni Border",
        "city_id": "delhi",
        "city": "Delhi",
        "line_ids": [
          "del-pink"
        ],
        "status": "construction",
        "phase": "III",
        "is_interchange": false,
        "opened_on": null,
        "expected_completion": "2026-12",
        "layout": "elevated",
        "source": "osm",
        "last_verified": "2026-10-05"
      }
    },
    {
      "type": "Feature",
      "geometry": {
        "type": "Point",
        "coordinates": [
          77.232392,
          28.562312
        ]
      },
      "properties": {
        "station_id": "del-andrews-ganj",
        "name": "Andrews Ganj",
        "city_id": "delhi",
        "city": "Delhi",
        "line_ids": [
          "del-violet"
        ],
        "status": "construction",
        "phase": "II",
        "is_interchange": false,
        "opened_on": null,
        "expected_completion": "2026-12",
        "layout": "elevated",
        "source": "osm",
        "last_verified": "2026-10-05"
      }
    },
    {
      "type": "Feature",
      "geometry": {
        "type": "Point",
        "coordinates": [
          77.236169,
          28.570615
        ]
      },
      "properties": {
        "station_id": "del-lajpat-nagar",
        "name": "Lajpat Nagar",
        "city_id": "delhi",
        "city": "Delhi",
        "line_ids": [
          "del-violet",
          "del-pink"
        ],
        "status": "construction",
        "phase": "II",
        "is_interchange": true,
        "opened_on": null,
        "expected_completion": "2026-12",
        "layout": "elevated",
        "source": "osm",
        "last_verified": "2026-10-05"
      }
    },
    {
      "type": "Feature",
      "geometry": {
        "type": "Point",
        "coordinates": [
          77.094855,
          28.836432
        ]
      },
      "properties": {
        "station_id": "del-anaj-mandi",
        "name": "Anaj Mandi",
        "city_id": "delhi",
        "city": "Delhi",
        "line_ids": [
          "del-yellow"
        ],
        "status": "construction",
        "phase": "I",
        "is_interchange": false,
        "opened_on": null,
        "expected_completion": "2026-12",
        "layout": "elevated",
        "source": "osm",
        "last_verified": "2026-10-05"
      }
    },
    {
      "type": "Feature",
      "geometry": {
        "type": "Point",
        "coordinates": [
          77.073044,
          28.828542
        ]
      },
      "properties": {
        "station_id": "del-new-sanoth-colony",
        "name": "New Sanoth Colony",
        "city_id": "delhi",
        "city": "Delhi",
        "line_ids": [
          "del-yellow"
        ],
        "status": "construction",
        "phase": "I",
        "is_interchange": false,
        "opened_on": null,
        "expected_completion": "2026-12",
        "layout": "elevated",
        "source": "osm",
        "last_verified": "2026-10-05"
      }
    },
    {
      "type": "Feature",
      "geometry": {
        "type": "Point",
        "coordinates": [
          77.062181,
          28.818368
        ]
      },
      "properties": {
        "station_id": "del-sanoth",
        "name": "Sanoth",
        "city_id": "delhi",
        "city": "Delhi",
        "line_ids": [
          "del-yellow"
        ],
        "status": "construction",
        "phase": "I",
        "is_interchange": false,
        "opened_on": null,
        "expected_completion": "2026-12",
        "layout": "elevated",
        "source": "osm",
        "last_verified": "2026-10-05"
      }
    },
    {
      "type": "Feature",
      "geometry": {
        "type": "Point",
        "coordinates": [
          77.046908,
          28.804305
        ]
      },
      "properties": {
        "station_id": "del-bawana-jj-colony",
        "name": "Bawana J.J. Colony",
        "city_id": "delhi",
        "city": "Delhi",
        "line_ids": [
          "del-red"
        ],
        "status": "construction",
        "phase": "I",
        "is_interchange": false,
        "opened_on": null,
        "expected_completion": "2026-12",
        "layout": "elevated",
        "source": "osm",
        "last_verified": "2026-10-05"
      }
    },
    {
      "type": "Feature",
      "geometry": {
        "type": "Point",
        "coordinates": [
          77.042137,
          28.795523
        ]
      },
      "properties": {
        "station_id": "del-bawana",
        "name": "Bawana",
        "city_id": "delhi",
        "city": "Delhi",
        "line_ids": [
          "del-red"
        ],
        "status": "construction",
        "phase": "I",
        "is_interchange": false,
        "opened_on": null,
        "expected_completion": "2026-12",
        "layout": "elevated",
        "source": "osm",
        "last_verified": "2026-10-05"
      }
    },
    {
      "type": "Feature",
      "geometry": {
        "type": "Point",
        "coordinates": [
          77.041376,
          28.78577
        ]
      },
      "properties": {
        "station_id": "del-bawana-ind-area-ii",
        "name": "Bawana Ind. Area-II",
        "city_id": "delhi",
        "city": "Delhi",
        "line_ids": [
          "del-red"
        ],
        "status": "construction",
        "phase": "I",
        "is_interchange": false,
        "opened_on": null,
        "expected_completion": "2026-12",
        "layout": "elevated",
        "source": "osm",
        "last_verified": "2026-10-05"
      }
    },
    {
      "type": "Feature",
      "geometry": {
        "type": "Point",
        "coordinates": [
          77.049464,
          28.77871
        ]
      },
      "properties": {
        "station_id": "del-bawana-ind-area-i",
        "name": "Bawana Ind. Area-I",
        "city_id": "delhi",
        "city": "Delhi",
        "line_ids": [
          "del-red"
        ],
        "status": "construction",
        "phase": "I",
        "is_interchange": false,
        "opened_on": null,
        "expected_completion": "2026-12",
        "layout": "elevated",
        "source": "osm",
        "last_verified": "2026-10-05"
      }
    },
    {
      "type": "Feature",
      "geometry": {
        "type": "Point",
        "coordinates": [
          77.055766,
          28.773776
        ]
      },
      "properties": {
        "station_id": "del-puth-khurd",
        "name": "Puth Khurd",
        "city_id": "delhi",
        "city": "Delhi",
        "line_ids": [
          "del-red"
        ],
        "status": "construction",
        "phase": "I",
        "is_interchange": false,
        "opened_on": null,
        "expected_completion": "2026-12",
        "layout": "elevated",
        "source": "osm",
        "last_verified": "2026-10-05"
      }
    },
    {
      "type": "Feature",
      "geometry": {
        "type": "Point",
        "coordinates": [
          77.058983,
          28.760716
        ]
      },
      "properties": {
        "station_id": "del-barwala",
        "name": "Barwala",
        "city_id": "delhi",
        "city": "Delhi",
        "line_ids": [
          "del-red"
        ],
        "status": "construction",
        "phase": "I",
        "is_interchange": false,
        "opened_on": null,
        "expected_completion": "2026-12",
        "layout": "elevated",
        "source": "osm",
        "last_verified": "2026-10-05"
      }
    },
    {
      "type": "Feature",
      "geometry": {
        "type": "Point",
        "coordinates": [
          77.056023,
          28.754851
        ]
      },
      "properties": {
        "station_id": "del-sector-37-rohini",
        "name": "Sector-37 Rohini",
        "city_id": "delhi",
        "city": "Delhi",
        "line_ids": [
          "del-red"
        ],
        "status": "construction",
        "phase": "I",
        "is_interchange": false,
        "opened_on": null,
        "expected_completion": "2026-12",
        "layout": "elevated",
        "source": "osm",
        "last_verified": "2026-10-05"
      }
    },
    {
      "type": "Feature",
      "geometry": {
        "type": "Point",
        "coordinates": [
          77.061736,
          28.747895
        ]
      },
      "properties": {
        "station_id": "del-sector-36-rohini",
        "name": "Sector-36 Rohini",
        "city_id": "delhi",
        "city": "Delhi",
        "line_ids": [
          "del-red"
        ],
        "status": "construction",
        "phase": "I",
        "is_interchange": false,
        "opened_on": null,
        "expected_completion": "2026-12",
        "layout": "elevated",
        "source": "osm",
        "last_verified": "2026-10-05"
      }
    },
    {
      "type": "Feature",
      "geometry": {
        "type": "Point",
        "coordinates": [
          77.070825,
          28.743238
        ]
      },
      "properties": {
        "station_id": "del-sector-32-rohini",
        "name": "Sector-32 Rohini",
        "city_id": "delhi",
        "city": "Delhi",
        "line_ids": [
          "del-red"
        ],
        "status": "construction",
        "phase": "I",
        "is_interchange": false,
        "opened_on": null,
        "expected_completion": "2026-12",
        "layout": "elevated",
        "source": "osm",
        "last_verified": "2026-10-05"
      }
    },
    {
      "type": "Feature",
      "geometry": {
        "type": "Point",
        "coordinates": [
          77.079987,
          28.739381
        ]
      },
      "properties": {
        "station_id": "del-sector-31-rohini",
        "name": "Sector-31 Rohini",
        "city_id": "delhi",
        "city": "Delhi",
        "line_ids": [
          "del-red"
        ],
        "status": "construction",
        "phase": "I",
        "is_interchange": false,
        "opened_on": null,
        "expected_completion": "2026-12",
        "layout": "elevated",
        "source": "osm",
        "last_verified": "2026-10-05"
      }
    },
    {
      "type": "Feature",
      "geometry": {
        "type": "Point",
        "coordinates": [
          77.090112,
          28.732849
        ]
      },
      "properties": {
        "station_id": "del-sector-26-rohini",
        "name": "Sector-26 Rohini",
        "city_id": "delhi",
        "city": "Delhi",
        "line_ids": [
          "del-red"
        ],
        "status": "construction",
        "phase": "I",
        "is_interchange": false,
        "opened_on": null,
        "expected_completion": "2026-12",
        "layout": "elevated",
        "source": "osm",
        "last_verified": "2026-10-05"
      }
    },
    {
      "type": "Feature",
      "geometry": {
        "type": "Point",
        "coordinates": [
          77.098158,
          28.727316
        ]
      },
      "properties": {
        "station_id": "del-sector-25-rohini",
        "name": "Sector-25 Rohini",
        "city_id": "delhi",
        "city": "Delhi",
        "line_ids": [
          "del-red"
        ],
        "status": "construction",
        "phase": "I",
        "is_interchange": false,
        "opened_on": null,
        "expected_completion": "2026-12",
        "layout": "elevated",
        "source": "osm",
        "last_verified": "2026-10-05"
      }
    },
    {
      "type": "Feature",
      "geometry": {
        "type": "Point",
        "coordinates": [
          77.097788,
          28.852968
        ]
      },
      "properties": {
        "station_id": "del-narela",
        "name": "Narela",
        "city_id": "delhi",
        "city": "Delhi",
        "line_ids": [
          "del-yellow"
        ],
        "status": "construction",
        "phase": "I",
        "is_interchange": false,
        "opened_on": null,
        "expected_completion": "2026-12",
        "layout": "elevated",
        "source": "osm",
        "last_verified": "2026-10-05"
      }
    },
    {
      "type": "Feature",
      "geometry": {
        "type": "Point",
        "coordinates": [
          77.121531,
          28.563253
        ]
      },
      "properties": {
        "station_id": "del-domestic-airport",
        "name": "Domestic Airport",
        "city_id": "delhi",
        "city": "Delhi",
        "line_ids": [
          "del-magenta"
        ],
        "status": "construction",
        "phase": "III",
        "is_interchange": false,
        "opened_on": null,
        "expected_completion": "2026-12",
        "layout": "elevated",
        "source": "osm",
        "last_verified": "2026-10-05"
      }
    },
    {
      "type": "Feature",
      "geometry": {
        "type": "Point",
        "coordinates": [
          77.142188,
          28.534368
        ]
      },
      "properties": {
        "station_id": "del-vasantkunj-sector-d",
        "name": "Vasantkunj Sector D",
        "city_id": "delhi",
        "city": "Delhi",
        "line_ids": [
          "del-airport"
        ],
        "status": "construction",
        "phase": "II",
        "is_interchange": false,
        "opened_on": null,
        "expected_completion": "2026-12",
        "layout": "elevated",
        "source": "osm",
        "last_verified": "2026-10-05"
      }
    },
    {
      "type": "Feature",
      "geometry": {
        "type": "Point",
        "coordinates": [
          77.227823,
          28.51536
        ]
      },
      "properties": {
        "station_id": "del-ambedkar-nagar",
        "name": "Ambedkar Nagar",
        "city_id": "delhi",
        "city": "Delhi",
        "line_ids": [
          "del-yellow"
        ],
        "status": "construction",
        "phase": "I",
        "is_interchange": false,
        "opened_on": null,
        "expected_completion": "2026-12",
        "layout": "elevated",
        "source": "osm",
        "last_verified": "2026-10-05"
      }
    },
    {
      "type": "Feature",
      "geometry": {
        "type": "Point",
        "coordinates": [
          77.086699,
          28.651493
        ]
      },
      "properties": {
        "station_id": "del-keshavpur",
        "name": "Keshavpur",
        "city_id": "delhi",
        "city": "Delhi",
        "line_ids": [
          "del-magenta"
        ],
        "status": "construction",
        "phase": "III",
        "is_interchange": false,
        "opened_on": null,
        "expected_completion": "2026-12",
        "layout": "elevated",
        "source": "osm",
        "last_verified": "2026-10-05"
      }
    },
    {
      "type": "Feature",
      "geometry": {
        "type": "Point",
        "coordinates": [
          77.091752,
          28.661997
        ]
      },
      "properties": {
        "station_id": "del-meerabagh",
        "name": "Meerabagh",
        "city_id": "delhi",
        "city": "Delhi",
        "line_ids": [
          "del-magenta"
        ],
        "status": "construction",
        "phase": "III",
        "is_interchange": false,
        "opened_on": null,
        "expected_completion": "2026-12",
        "layout": "elevated",
        "source": "osm",
        "last_verified": "2026-10-05"
      }
    },
    {
      "type": "Feature",
      "geometry": {
        "type": "Point",
        "coordinates": [
          77.09283,
          28.668495
        ]
      },
      "properties": {
        "station_id": "del-paschim-vihar",
        "name": "Paschim Vihar",
        "city_id": "delhi",
        "city": "Delhi",
        "line_ids": [
          "del-green"
        ],
        "status": "construction",
        "phase": "II",
        "is_interchange": false,
        "opened_on": null,
        "expected_completion": "2026-12",
        "layout": "elevated",
        "source": "osm",
        "last_verified": "2026-10-05"
      }
    },
    {
      "type": "Feature",
      "geometry": {
        "type": "Point",
        "coordinates": [
          77.094563,
          28.678941
        ]
      },
      "properties": {
        "station_id": "del-peeragarhi-chowk",
        "name": "Peeragarhi Chowk",
        "city_id": "delhi",
        "city": "Delhi",
        "line_ids": [
          "del-green"
        ],
        "status": "construction",
        "phase": "II",
        "is_interchange": false,
        "opened_on": null,
        "expected_completion": "2026-12",
        "layout": "elevated",
        "source": "osm",
        "last_verified": "2026-10-05"
      }
    },
    {
      "type": "Feature",
      "geometry": {
        "type": "Point",
        "coordinates": [
          77.096025,
          28.687319
        ]
      },
      "properties": {
        "station_id": "del-mangolpuri",
        "name": "Mangolpuri",
        "city_id": "delhi",
        "city": "Delhi",
        "line_ids": [
          "del-green"
        ],
        "status": "construction",
        "phase": "II",
        "is_interchange": false,
        "opened_on": null,
        "expected_completion": "2026-12",
        "layout": "elevated",
        "source": "osm",
        "last_verified": "2026-10-05"
      }
    },
    {
      "type": "Feature",
      "geometry": {
        "type": "Point",
        "coordinates": [
          77.101056,
          28.693099
        ]
      },
      "properties": {
        "station_id": "del-west-enclave",
        "name": "West Enclave",
        "city_id": "delhi",
        "city": "Delhi",
        "line_ids": [
          "del-green"
        ],
        "status": "construction",
        "phase": "II",
        "is_interchange": false,
        "opened_on": null,
        "expected_completion": "2026-12",
        "layout": "elevated",
        "source": "osm",
        "last_verified": "2026-10-05"
      }
    },
    {
      "type": "Feature",
      "geometry": {
        "type": "Point",
        "coordinates": [
          77.108802,
          28.695617
        ]
      },
      "properties": {
        "station_id": "del-pushpanjali",
        "name": "Pushpanjali",
        "city_id": "delhi",
        "city": "Delhi",
        "line_ids": [
          "del-magenta"
        ],
        "status": "construction",
        "phase": "IV",
        "is_interchange": false,
        "opened_on": null,
        "expected_completion": "2026-12",
        "layout": "elevated",
        "source": "osm",
        "last_verified": "2026-10-05"
      }
    },
    {
      "type": "Feature",
      "geometry": {
        "type": "Point",
        "coordinates": [
          77.118279,
          28.6981
        ]
      },
      "properties": {
        "station_id": "del-deepali-chowk",
        "name": "Deepali Chowk",
        "city_id": "delhi",
        "city": "Delhi",
        "line_ids": [
          "del-magenta"
        ],
        "status": "construction",
        "phase": "IV",
        "is_interchange": false,
        "opened_on": null,
        "expected_completion": "2026-12",
        "layout": "elevated",
        "source": "osm",
        "last_verified": "2026-10-05"
      }
    },
    {
      "type": "Feature",
      "geometry": {
        "type": "Point",
        "coordinates": [
          77.142467,
          28.724899
        ]
      },
      "properties": {
        "station_id": "del-haiderpur-village",
        "name": "Haiderpur Village",
        "city_id": "delhi",
        "city": "Delhi",
        "line_ids": [
          "del-magenta"
        ],
        "status": "construction",
        "phase": "IV",
        "is_interchange": false,
        "opened_on": null,
        "expected_completion": "2026-12",
        "layout": "elevated",
        "source": "osm",
        "last_verified": "2026-10-05"
      }
    },
    {
      "type": "Feature",
      "geometry": {
        "type": "Point",
        "coordinates": [
          77.184826,
          28.699453
        ]
      },
      "properties": {
        "station_id": "del-ashok-vihar",
        "name": "Ashok Vihar",
        "city_id": "delhi",
        "city": "Delhi",
        "line_ids": [
          "del-yellow"
        ],
        "status": "construction",
        "phase": "I",
        "is_interchange": false,
        "opened_on": null,
        "expected_completion": "2026-12",
        "layout": "elevated",
        "source": "osm",
        "last_verified": "2026-10-05"
      }
    },
    {
      "type": "Feature",
      "geometry": {
        "type": "Point",
        "coordinates": [
          77.190386,
          28.692745
        ]
      },
      "properties": {
        "station_id": "del-derawal-nagar",
        "name": "Derawal Nagar",
        "city_id": "delhi",
        "city": "Delhi",
        "line_ids": [
          "del-yellow"
        ],
        "status": "construction",
        "phase": "I",
        "is_interchange": false,
        "opened_on": null,
        "expected_completion": "2026-12",
        "layout": "elevated",
        "source": "osm",
        "last_verified": "2026-10-05"
      }
    },
    {
      "type": "Feature",
      "geometry": {
        "type": "Point",
        "coordinates": [
          77.215931,
          28.659348
        ]
      },
      "properties": {
        "station_id": "del-sadar-bazar",
        "name": "Sadar Bazar",
        "city_id": "delhi",
        "city": "Delhi",
        "line_ids": [
          "del-red"
        ],
        "status": "construction",
        "phase": "I",
        "is_interchange": false,
        "opened_on": null,
        "expected_completion": "2026-12",
        "layout": "elevated",
        "source": "osm",
        "last_verified": "2026-10-05"
      }
    },
    {
      "type": "Feature",
      "geometry": {
        "type": "Point",
        "coordinates": [
          77.138731,
          28.713074
        ]
      },
      "properties": {
        "station_id": "del-north-pitampura-prashant-vihar",
        "name": "North Pitampura - Prashant Vihar",
        "city_id": "delhi",
        "city": "Delhi",
        "line_ids": [
          "del-magenta"
        ],
        "status": "construction",
        "phase": "IV",
        "is_interchange": false,
        "opened_on": null,
        "expected_completion": "2026-12",
        "layout": "elevated",
        "source": "osm",
        "last_verified": "2026-10-05"
      }
    },
    {
      "type": "Feature",
      "geometry": {
        "type": "Point",
        "coordinates": [
          77.168087,
          28.736957
        ]
      },
      "properties": {
        "station_id": "del-bhalaswa",
        "name": "Bhalaswa",
        "city_id": "delhi",
        "city": "Delhi",
        "line_ids": [
          "del-magenta"
        ],
        "status": "construction",
        "phase": "IV",
        "is_interchange": false,
        "opened_on": null,
        "expected_completion": "2026-12",
        "layout": "elevated",
        "source": "osm",
        "last_verified": "2026-10-05"
      }
    },
    {
      "type": "Feature",
      "geometry": {
        "type": "Point",
        "coordinates": [
          77.179648,
          28.706566
        ]
      },
      "properties": {
        "station_id": "del-azadpur",
        "name": "Azadpur",
        "city_id": "delhi",
        "city": "Delhi",
        "line_ids": [
          "del-yellow",
          "del-pink"
        ],
        "status": "construction",
        "phase": "I",
        "is_interchange": true,
        "opened_on": null,
        "expected_completion": "2026-12",
        "layout": "elevated",
        "source": "osm",
        "last_verified": "2026-10-05"
      }
    },
    {
      "type": "Feature",
      "geometry": {
        "type": "Point",
        "coordinates": [
          77.19491,
          28.686474
        ]
      },
      "properties": {
        "station_id": "del-rajpura",
        "name": "Rajpura",
        "city_id": "delhi",
        "city": "Delhi",
        "line_ids": [
          "del-yellow"
        ],
        "status": "construction",
        "phase": "I",
        "is_interchange": false,
        "opened_on": null,
        "expected_completion": "2026-12",
        "layout": "elevated",
        "source": "osm",
        "last_verified": "2026-10-05"
      }
    },
    {
      "type": "Feature",
      "geometry": {
        "type": "Point",
        "coordinates": [
          77.201726,
          28.677353
        ]
      },
      "properties": {
        "station_id": "del-ghanta-gharsabji-manti",
        "name": "Ghanta Ghar/Sabji Manti",
        "city_id": "delhi",
        "city": "Delhi",
        "line_ids": [
          "del-red"
        ],
        "status": "construction",
        "phase": "I",
        "is_interchange": false,
        "opened_on": null,
        "expected_completion": "2026-12",
        "layout": "elevated",
        "source": "osm",
        "last_verified": "2026-10-05"
      }
    },
    {
      "type": "Feature",
      "geometry": {
        "type": "Point",
        "coordinates": [
          77.207954,
          28.639584
        ]
      },
      "properties": {
        "station_id": "del-ramakrishna-ashram-marg",
        "name": "R K Ashram Marg",
        "city_id": "delhi",
        "city": "Delhi",
        "line_ids": [
          "del-blue"
        ],
        "status": "construction",
        "phase": "I",
        "is_interchange": false,
        "opened_on": null,
        "expected_completion": "2026-12",
        "layout": "elevated",
        "source": "osm",
        "last_verified": "2026-10-05"
      }
    },
    {
      "type": "Feature",
      "geometry": {
        "type": "Point",
        "coordinates": [
          77.180492,
          28.66763
        ]
      },
      "properties": {
        "station_id": "del-daya-basti",
        "name": "Daya Basti",
        "city_id": "delhi",
        "city": "Delhi",
        "line_ids": [
          "del-red"
        ],
        "status": "construction",
        "phase": "I",
        "is_interchange": false,
        "opened_on": null,
        "expected_completion": "2026-12",
        "layout": "elevated",
        "source": "osm",
        "last_verified": "2026-10-05"
      }
    },
    {
      "type": "Feature",
      "geometry": {
        "type": "Point",
        "coordinates": [
          77.185095,
          28.659843
        ]
      },
      "properties": {
        "station_id": "del-sarai-rohilla",
        "name": "Sarai Rohilla",
        "city_id": "delhi",
        "city": "Delhi",
        "line_ids": [
          "del-red"
        ],
        "status": "construction",
        "phase": "I",
        "is_interchange": false,
        "opened_on": null,
        "expected_completion": "2026-12",
        "layout": "elevated",
        "source": "osm",
        "last_verified": "2026-10-05"
      }
    },
    {
      "type": "Feature",
      "geometry": {
        "type": "Point",
        "coordinates": [
          77.195888,
          28.653305
        ]
      },
      "properties": {
        "station_id": "del-ajmal-khan-park",
        "name": "Ajmal Khan Park",
        "city_id": "delhi",
        "city": "Delhi",
        "line_ids": [
          "del-blue"
        ],
        "status": "construction",
        "phase": "I",
        "is_interchange": false,
        "opened_on": null,
        "expected_completion": "2026-12",
        "layout": "elevated",
        "source": "osm",
        "last_verified": "2026-10-05"
      }
    },
    {
      "type": "Feature",
      "geometry": {
        "type": "Point",
        "coordinates": [
          77.211212,
          28.652751
        ]
      },
      "properties": {
        "station_id": "del-nabi-karim",
        "name": "Nabi Karim",
        "city_id": "delhi",
        "city": "Delhi",
        "line_ids": [
          "del-blue"
        ],
        "status": "construction",
        "phase": "I",
        "is_interchange": false,
        "opened_on": null,
        "expected_completion": "2026-12",
        "layout": "elevated",
        "source": "osm",
        "last_verified": "2026-10-05"
      }
    },
    {
      "type": "Feature",
      "geometry": {
        "type": "Point",
        "coordinates": [
          77.235049,
          28.64014
        ]
      },
      "properties": {
        "station_id": "del-lnjp-hospital",
        "name": "LNJP Hospital",
        "city_id": "delhi",
        "city": "Delhi",
        "line_ids": [
          "del-violet"
        ],
        "status": "construction",
        "phase": "II",
        "is_interchange": false,
        "opened_on": null,
        "expected_completion": "2026-12",
        "layout": "elevated",
        "source": "osm",
        "last_verified": "2026-10-05"
      }
    },
    {
      "type": "Feature",
      "geometry": {
        "type": "Point",
        "coordinates": [
          77.242748,
          28.639912
        ]
      },
      "properties": {
        "station_id": "del-delhi-gate",
        "name": "Delhi Gate",
        "city_id": "delhi",
        "city": "Delhi",
        "line_ids": [
          "del-violet"
        ],
        "status": "construction",
        "phase": "II",
        "is_interchange": false,
        "opened_on": null,
        "expected_completion": "2026-12",
        "layout": "elevated",
        "source": "osm",
        "last_verified": "2026-10-05"
      }
    },
    {
      "type": "Feature",
      "geometry": {
        "type": "Point",
        "coordinates": [
          77.24683,
          28.631611
        ]
      },
      "properties": {
        "station_id": "del-indra-gandhi-stadium",
        "name": "Indra Gandhi Stadium",
        "city_id": "delhi",
        "city": "Delhi",
        "line_ids": [
          "del-violet"
        ],
        "status": "construction",
        "phase": "II",
        "is_interchange": false,
        "opened_on": null,
        "expected_completion": "2026-12",
        "layout": "elevated",
        "source": "osm",
        "last_verified": "2026-10-05"
      }
    },
    {
      "type": "Feature",
      "geometry": {
        "type": "Point",
        "coordinates": [
          77.2495,
          28.617506
        ]
      },
      "properties": {
        "station_id": "del-indraprastha",
        "name": "Indraprastha",
        "city_id": "delhi",
        "city": "Delhi",
        "line_ids": [
          "del-blue"
        ],
        "status": "construction",
        "phase": "I",
        "is_interchange": false,
        "opened_on": null,
        "expected_completion": "2026-12",
        "layout": "elevated",
        "source": "osm",
        "last_verified": "2026-10-05"
      }
    },
    {
      "type": "Feature",
      "geometry": {
        "type": "Point",
        "coordinates": [
          77.19957,
          28.729829
        ]
      },
      "properties": {
        "station_id": "del-burari",
        "name": "Burari",
        "city_id": "delhi",
        "city": "Delhi",
        "line_ids": [
          "del-pink"
        ],
        "status": "operational",
        "phase": "III",
        "is_interchange": false,
        "opened_on": "2006-11-11",
        "expected_completion": null,
        "layout": "elevated",
        "source": "osm",
        "last_verified": "2026-10-05"
      }
    },
    {
      "type": "Feature",
      "geometry": {
        "type": "Point",
        "coordinates": [
          77.223995,
          28.721116
        ]
      },
      "properties": {
        "station_id": "del-jagatpur-wazirabad",
        "name": "Jagatpur - Wazirabad",
        "city_id": "delhi",
        "city": "Delhi",
        "line_ids": [
          "del-pink"
        ],
        "status": "operational",
        "phase": "III",
        "is_interchange": false,
        "opened_on": "2006-11-11",
        "expected_completion": null,
        "layout": "elevated",
        "source": "osm",
        "last_verified": "2026-10-05"
      }
    },
    {
      "type": "Feature",
      "geometry": {
        "type": "Point",
        "coordinates": [
          77.254499,
          28.705261
        ]
      },
      "properties": {
        "station_id": "del-khajuri-khas",
        "name": "Khajuri Khas",
        "city_id": "delhi",
        "city": "Delhi",
        "line_ids": [
          "del-pink"
        ],
        "status": "operational",
        "phase": "III",
        "is_interchange": false,
        "opened_on": "2006-11-11",
        "expected_completion": null,
        "layout": "elevated",
        "source": "osm",
        "last_verified": "2026-10-05"
      }
    },
    {
      "type": "Feature",
      "geometry": {
        "type": "Point",
        "coordinates": [
          77.277311,
          28.702376
        ]
      },
      "properties": {
        "station_id": "del-yamuna-vihar",
        "name": "Yamuna Vihar",
        "city_id": "delhi",
        "city": "Delhi",
        "line_ids": [
          "del-pink"
        ],
        "status": "operational",
        "phase": "III",
        "is_interchange": false,
        "opened_on": "2006-11-11",
        "expected_completion": null,
        "layout": "elevated",
        "source": "osm",
        "last_verified": "2026-10-05"
      }
    },
    {
      "type": "Feature",
      "geometry": {
        "type": "Point",
        "coordinates": [
          77.262647,
          28.703599
        ]
      },
      "properties": {
        "station_id": "del-bhajanpura",
        "name": "Bhajanpura",
        "city_id": "delhi",
        "city": "Delhi",
        "line_ids": [
          "del-pink"
        ],
        "status": "operational",
        "phase": "III",
        "is_interchange": false,
        "opened_on": "2006-11-11",
        "expected_completion": null,
        "layout": "elevated",
        "source": "osm",
        "last_verified": "2026-10-05"
      }
    },
    {
      "type": "Feature",
      "geometry": {
        "type": "Point",
        "coordinates": [
          77.227453,
          28.710222
        ]
      },
      "properties": {
        "station_id": "del-soorghat",
        "name": "Soorghat",
        "city_id": "delhi",
        "city": "Delhi",
        "line_ids": [
          "del-pink"
        ],
        "status": "operational",
        "phase": "III",
        "is_interchange": false,
        "opened_on": "2006-11-11",
        "expected_completion": null,
        "layout": "elevated",
        "source": "osm",
        "last_verified": "2026-10-05"
      }
    },
    {
      "type": "Feature",
      "geometry": {
        "type": "Point",
        "coordinates": [
          77.12124,
          28.54799
        ]
      },
      "properties": {
        "station_id": "del-aerocity",
        "name": "Aerocity",
        "city_id": "delhi",
        "city": "Delhi",
        "line_ids": [
          "del-airport"
        ],
        "status": "construction",
        "phase": "II",
        "is_interchange": false,
        "opened_on": null,
        "expected_completion": "2026-12",
        "layout": "elevated",
        "source": "osm",
        "last_verified": "2026-10-05"
      }
    },
    {
      "type": "Feature",
      "geometry": {
        "type": "Point",
        "coordinates": [
          77.129896,
          28.541311
        ]
      },
      "properties": {
        "station_id": "del-mahipalpur",
        "name": "Mahipalpur",
        "city_id": "delhi",
        "city": "Delhi",
        "line_ids": [
          "del-airport"
        ],
        "status": "construction",
        "phase": "II",
        "is_interchange": false,
        "opened_on": null,
        "expected_completion": "2026-12",
        "layout": "elevated",
        "source": "osm",
        "last_verified": "2026-10-05"
      }
    },
    {
      "type": "Feature",
      "geometry": {
        "type": "Point",
        "coordinates": [
          77.15387,
          28.525948
        ]
      },
      "properties": {
        "station_id": "del-mashoodpur",
        "name": "Mashoodpur",
        "city_id": "delhi",
        "city": "Delhi",
        "line_ids": [
          "del-yellow"
        ],
        "status": "construction",
        "phase": "I",
        "is_interchange": false,
        "opened_on": null,
        "expected_completion": "2026-12",
        "layout": "elevated",
        "source": "osm",
        "last_verified": "2026-10-05"
      }
    },
    {
      "type": "Feature",
      "geometry": {
        "type": "Point",
        "coordinates": [
          77.168002,
          28.521984
        ]
      },
      "properties": {
        "station_id": "del-kishangarh",
        "name": "Kishangarh",
        "city_id": "delhi",
        "city": "Delhi",
        "line_ids": [
          "del-yellow"
        ],
        "status": "construction",
        "phase": "I",
        "is_interchange": false,
        "opened_on": null,
        "expected_completion": "2026-12",
        "layout": "elevated",
        "source": "osm",
        "last_verified": "2026-10-05"
      }
    },
    {
      "type": "Feature",
      "geometry": {
        "type": "Point",
        "coordinates": [
          77.183489,
          28.521643
        ]
      },
      "properties": {
        "station_id": "del-mehrauli",
        "name": "Mehrauli",
        "city_id": "delhi",
        "city": "Delhi",
        "line_ids": [
          "del-yellow"
        ],
        "status": "construction",
        "phase": "I",
        "is_interchange": false,
        "opened_on": null,
        "expected_completion": "2026-12",
        "layout": "elevated",
        "source": "osm",
        "last_verified": "2026-10-05"
      }
    },
    {
      "type": "Feature",
      "geometry": {
        "type": "Point",
        "coordinates": [
          77.194327,
          28.522322
        ]
      },
      "properties": {
        "station_id": "del-lado-sarai",
        "name": "Lado Sarai",
        "city_id": "delhi",
        "city": "Delhi",
        "line_ids": [
          "del-yellow"
        ],
        "status": "construction",
        "phase": "I",
        "is_interchange": false,
        "opened_on": null,
        "expected_completion": "2026-12",
        "layout": "elevated",
        "source": "osm",
        "last_verified": "2026-10-05"
      }
    },
    {
      "type": "Feature",
      "geometry": {
        "type": "Point",
        "coordinates": [
          77.203038,
          28.52039
        ]
      },
      "properties": {
        "station_id": "del-saket",
        "name": "Saket",
        "city_id": "delhi",
        "city": "Delhi",
        "line_ids": [
          "del-yellow"
        ],
        "status": "construction",
        "phase": "I",
        "is_interchange": false,
        "opened_on": null,
        "expected_completion": "2026-12",
        "layout": "elevated",
        "source": "osm",
        "last_verified": "2026-10-05"
      }
    },
    {
      "type": "Feature",
      "geometry": {
        "type": "Point",
        "coordinates": [
          77.243924,
          28.512216
        ]
      },
      "properties": {
        "station_id": "del-tigri",
        "name": "Tigri",
        "city_id": "delhi",
        "city": "Delhi",
        "line_ids": [
          "del-magenta"
        ],
        "status": "construction",
        "phase": "III",
        "is_interchange": false,
        "opened_on": null,
        "expected_completion": "2026-12",
        "layout": "elevated",
        "source": "osm",
        "last_verified": "2026-10-05"
      }
    },
    {
      "type": "Feature",
      "geometry": {
        "type": "Point",
        "coordinates": [
          77.279292,
          28.50422
        ]
      },
      "properties": {
        "station_id": "del-anandamayee-marg",
        "name": "Anandamayee Marg",
        "city_id": "delhi",
        "city": "Delhi",
        "line_ids": [
          "del-violet"
        ],
        "status": "construction",
        "phase": "II",
        "is_interchange": false,
        "opened_on": null,
        "expected_completion": "2026-12",
        "layout": "elevated",
        "source": "osm",
        "last_verified": "2026-10-05"
      }
    },
    {
      "type": "Feature",
      "geometry": {
        "type": "Point",
        "coordinates": [
          77.290823,
          28.501573
        ]
      },
      "properties": {
        "station_id": "del-tughlakabad-railway-colony",
        "name": "Tughlakabad Railway Colony",
        "city_id": "delhi",
        "city": "Delhi",
        "line_ids": [
          "del-violet"
        ],
        "status": "construction",
        "phase": "II",
        "is_interchange": false,
        "opened_on": null,
        "expected_completion": "2026-12",
        "layout": "elevated",
        "source": "osm",
        "last_verified": "2026-10-05"
      }
    },
    {
      "type": "Feature",
      "geometry": {
        "type": "Point",
        "coordinates": [
          77.149104,
          28.72994
        ]
      },
      "properties": {
        "station_id": "del-haiderpur-badli-mor",
        "name": "Haiderpur Badli Mor",
        "city_id": "delhi",
        "city": "Delhi",
        "line_ids": [
          "del-yellow",
          "del-magenta"
        ],
        "status": "construction",
        "phase": "IV",
        "is_interchange": true,
        "opened_on": null,
        "expected_completion": "2026-12",
        "layout": "elevated",
        "source": "osm",
        "last_verified": "2026-10-05"
      }
    },
    {
      "type": "Feature",
      "geometry": {
        "type": "Point",
        "coordinates": [
          77.212282,
          28.615879
        ]
      },
      "properties": {
        "station_id": "del-central-secretariat",
        "name": "Central Secretariat",
        "city_id": "delhi",
        "city": "Delhi",
        "line_ids": [
          "del-yellow",
          "del-violet"
        ],
        "status": "operational",
        "phase": "I",
        "is_interchange": true,
        "opened_on": "2006-11-11",
        "expected_completion": null,
        "layout": "elevated",
        "source": "osm",
        "last_verified": "2026-10-05"
      }
    },
    {
      "type": "Feature",
      "geometry": {
        "type": "Point",
        "coordinates": [
          77.049443,
          28.586443
        ]
      },
      "properties": {
        "station_id": "del-dwarka-sector-11",
        "name": "Dwarka Sector 11",
        "city_id": "delhi",
        "city": "Delhi",
        "line_ids": [
          "del-blue"
        ],
        "status": "operational",
        "phase": "I",
        "is_interchange": false,
        "opened_on": "2006-11-11",
        "expected_completion": null,
        "layout": "elevated",
        "source": "osm",
        "last_verified": "2026-10-05"
      }
    },
    {
      "type": "Feature",
      "geometry": {
        "type": "Point",
        "coordinates": [
          77.178276,
          28.642495
        ]
      },
      "properties": {
        "station_id": "del-rajendra-place",
        "name": "Rajendra Place",
        "city_id": "delhi",
        "city": "Delhi",
        "line_ids": [
          "del-blue"
        ],
        "status": "operational",
        "phase": "I",
        "is_interchange": false,
        "opened_on": "2006-11-11",
        "expected_completion": null,
        "layout": "elevated",
        "source": "osm",
        "last_verified": "2026-10-05"
      }
    },
    {
      "type": "Feature",
      "geometry": {
        "type": "Point",
        "coordinates": [
          77.251506,
          28.546058
        ]
      },
      "properties": {
        "station_id": "del-nehru-enclave",
        "name": "Nehru Enclave",
        "city_id": "delhi",
        "city": "Delhi",
        "line_ids": [
          "del-magenta"
        ],
        "status": "operational",
        "phase": "III",
        "is_interchange": false,
        "opened_on": "2006-11-11",
        "expected_completion": null,
        "layout": "elevated",
        "source": "osm",
        "last_verified": "2026-10-05"
      }
    },
    {
      "type": "Feature",
      "geometry": {
        "type": "Point",
        "coordinates": [
          77.28946,
          28.721381
        ]
      },
      "properties": {
        "station_id": "del-shiv-vihar",
        "name": "Shiv Vihar",
        "city_id": "delhi",
        "city": "Delhi",
        "line_ids": [
          "del-pink"
        ],
        "status": "operational",
        "phase": "III",
        "is_interchange": false,
        "opened_on": "2006-11-11",
        "expected_completion": null,
        "layout": "elevated",
        "source": "osm",
        "last_verified": "2026-10-05"
      }
    },
    {
      "type": "Feature",
      "geometry": {
        "type": "Point",
        "coordinates": [
          77.290129,
          28.712881
        ]
      },
      "properties": {
        "station_id": "del-johri-enclave",
        "name": "Johri Enclave",
        "city_id": "delhi",
        "city": "Delhi",
        "line_ids": [
          "del-pink"
        ],
        "status": "operational",
        "phase": "III",
        "is_interchange": false,
        "opened_on": "2006-11-11",
        "expected_completion": null,
        "layout": "elevated",
        "source": "osm",
        "last_verified": "2026-10-05"
      }
    },
    {
      "type": "Feature",
      "geometry": {
        "type": "Point",
        "coordinates": [
          77.286125,
          28.702475
        ]
      },
      "properties": {
        "station_id": "del-gokulpuri",
        "name": "Gokulpuri",
        "city_id": "delhi",
        "city": "Delhi",
        "line_ids": [
          "del-pink"
        ],
        "status": "operational",
        "phase": "III",
        "is_interchange": false,
        "opened_on": "2006-11-11",
        "expected_completion": null,
        "layout": "elevated",
        "source": "osm",
        "last_verified": "2026-10-05"
      }
    },
    {
      "type": "Feature",
      "geometry": {
        "type": "Point",
        "coordinates": [
          77.279697,
          28.692078
        ]
      },
      "properties": {
        "station_id": "del-maujpur-babarpur",
        "name": "Maujpur-Babarpur",
        "city_id": "delhi",
        "city": "Delhi",
        "line_ids": [
          "del-pink"
        ],
        "status": "operational",
        "phase": "III",
        "is_interchange": false,
        "opened_on": "2006-11-11",
        "expected_completion": null,
        "layout": "elevated",
        "source": "osm",
        "last_verified": "2026-10-05"
      }
    },
    {
      "type": "Feature",
      "geometry": {
        "type": "Point",
        "coordinates": [
          77.274805,
          28.682682
        ]
      },
      "properties": {
        "station_id": "del-jaffrabad",
        "name": "Jaffrabad",
        "city_id": "delhi",
        "city": "Delhi",
        "line_ids": [
          "del-pink"
        ],
        "status": "operational",
        "phase": "III",
        "is_interchange": false,
        "opened_on": "2006-11-11",
        "expected_completion": null,
        "layout": "elevated",
        "source": "osm",
        "last_verified": "2026-10-05"
      }
    },
    {
      "type": "Feature",
      "geometry": {
        "type": "Point",
        "coordinates": [
          77.284843,
          28.664676
        ]
      },
      "properties": {
        "station_id": "del-east-azad-nagar",
        "name": "East Azad Nagar",
        "city_id": "delhi",
        "city": "Delhi",
        "line_ids": [
          "del-pink"
        ],
        "status": "operational",
        "phase": "III",
        "is_interchange": false,
        "opened_on": "2006-11-11",
        "expected_completion": null,
        "layout": "elevated",
        "source": "osm",
        "last_verified": "2026-10-05"
      }
    },
    {
      "type": "Feature",
      "geometry": {
        "type": "Point",
        "coordinates": [
          77.29012,
          28.657813
        ]
      },
      "properties": {
        "station_id": "del-krishna-nagar",
        "name": "Krishna Nagar",
        "city_id": "delhi",
        "city": "Delhi",
        "line_ids": [
          "del-pink"
        ],
        "status": "operational",
        "phase": "III",
        "is_interchange": false,
        "opened_on": "2006-11-11",
        "expected_completion": null,
        "layout": "elevated",
        "source": "osm",
        "last_verified": "2026-10-05"
      }
    },
    {
      "type": "Feature",
      "geometry": {
        "type": "Point",
        "coordinates": [
          77.181841,
          28.724403
        ]
      },
      "properties": {
        "station_id": "del-majlis-park",
        "name": "Majlis Park",
        "city_id": "delhi",
        "city": "Delhi",
        "line_ids": [
          "del-pink",
          "del-magenta"
        ],
        "status": "operational",
        "phase": "III",
        "is_interchange": true,
        "opened_on": "2006-11-11",
        "expected_completion": null,
        "layout": "elevated",
        "source": "osm",
        "last_verified": "2026-10-05"
      }
    },
    {
      "type": "Feature",
      "geometry": {
        "type": "Point",
        "coordinates": [
          77.249297,
          28.565871
        ]
      },
      "properties": {
        "station_id": "del-vinobapuri",
        "name": "Vinobapuri",
        "city_id": "delhi",
        "city": "Delhi",
        "line_ids": [
          "del-pink"
        ],
        "status": "operational",
        "phase": "III",
        "is_interchange": false,
        "opened_on": "2006-11-11",
        "expected_completion": null,
        "layout": "elevated",
        "source": "osm",
        "last_verified": "2026-10-05"
      }
    },
    {
      "type": "Feature",
      "geometry": {
        "type": "Point",
        "coordinates": [
          77.290932,
          28.603642
        ]
      },
      "properties": {
        "station_id": "del-mayur-vihar-i",
        "name": "Mayur Vihar - I",
        "city_id": "delhi",
        "city": "Delhi",
        "line_ids": [
          "del-blue",
          "del-pink"
        ],
        "status": "operational",
        "phase": "III",
        "is_interchange": true,
        "opened_on": "2006-11-11",
        "expected_completion": null,
        "layout": "elevated",
        "source": "osm",
        "last_verified": "2026-10-05"
      }
    },
    {
      "type": "Feature",
      "geometry": {
        "type": "Point",
        "coordinates": [
          77.298702,
          28.605862
        ]
      },
      "properties": {
        "station_id": "del-shree-ram-mandir-mayur-vihar",
        "name": "Shree Ram Mandir Mayur Vihar",
        "city_id": "delhi",
        "city": "Delhi",
        "line_ids": [
          "del-pink"
        ],
        "status": "operational",
        "phase": "III",
        "is_interchange": false,
        "opened_on": "2006-11-11",
        "expected_completion": null,
        "layout": "elevated",
        "source": "osm",
        "last_verified": "2026-10-05"
      }
    },
    {
      "type": "Feature",
      "geometry": {
        "type": "Point",
        "coordinates": [
          77.257249,
          28.588749
        ]
      },
      "properties": {
        "station_id": "del-sarai-kale-khan-nizamuddin",
        "name": "Sarai Kale Khan - Nizamuddin",
        "city_id": "delhi",
        "city": "Delhi",
        "line_ids": [
          "del-pink"
        ],
        "status": "operational",
        "phase": "III",
        "is_interchange": false,
        "opened_on": "2006-11-11",
        "expected_completion": null,
        "layout": "elevated",
        "source": "osm",
        "last_verified": "2026-10-05"
      }
    },
    {
      "type": "Feature",
      "geometry": {
        "type": "Point",
        "coordinates": [
          77.258598,
          28.572423
        ]
      },
      "properties": {
        "station_id": "del-ashram",
        "name": "Ashram",
        "city_id": "delhi",
        "city": "Delhi",
        "line_ids": [
          "del-pink"
        ],
        "status": "operational",
        "phase": "III",
        "is_interchange": false,
        "opened_on": "2006-11-11",
        "expected_completion": null,
        "layout": "elevated",
        "source": "osm",
        "last_verified": "2026-10-05"
      }
    },
    {
      "type": "Feature",
      "geometry": {
        "type": "Point",
        "coordinates": [
          77.333915,
          28.676662
        ]
      },
      "properties": {
        "station_id": "del-shaheed-nagar",
        "name": "Shaheed Nagar",
        "city_id": "delhi",
        "city": "Delhi",
        "line_ids": [
          "del-red"
        ],
        "status": "operational",
        "phase": "I",
        "is_interchange": false,
        "opened_on": "2006-11-11",
        "expected_completion": null,
        "layout": "elevated",
        "source": "osm",
        "last_verified": "2026-10-05"
      }
    },
    {
      "type": "Feature",
      "geometry": {
        "type": "Point",
        "coordinates": [
          77.346828,
          28.677088
        ]
      },
      "properties": {
        "station_id": "del-raj-bagh",
        "name": "Raj Bagh",
        "city_id": "delhi",
        "city": "Delhi",
        "line_ids": [
          "del-red"
        ],
        "status": "operational",
        "phase": "I",
        "is_interchange": false,
        "opened_on": "2006-11-11",
        "expected_completion": null,
        "layout": "elevated",
        "source": "osm",
        "last_verified": "2026-10-05"
      }
    },
    {
      "type": "Feature",
      "geometry": {
        "type": "Point",
        "coordinates": [
          77.175741,
          28.578533
        ]
      },
      "properties": {
        "station_id": "del-sir-m-vishweshwaraiah-moti-bagh",
        "name": "Sir M. Vishweshwaraiah Moti Bagh",
        "city_id": "delhi",
        "city": "Delhi",
        "line_ids": [
          "del-pink"
        ],
        "status": "operational",
        "phase": "III",
        "is_interchange": false,
        "opened_on": "2006-11-11",
        "expected_completion": null,
        "layout": "elevated",
        "source": "osm",
        "last_verified": "2026-10-05"
      }
    },
    {
      "type": "Feature",
      "geometry": {
        "type": "Point",
        "coordinates": [
          77.187871,
          28.570262
        ]
      },
      "properties": {
        "station_id": "del-bhikaji-cama-place",
        "name": "Bhikaji Cama Place",
        "city_id": "delhi",
        "city": "Delhi",
        "line_ids": [
          "del-pink"
        ],
        "status": "operational",
        "phase": "III",
        "is_interchange": false,
        "opened_on": "2006-11-11",
        "expected_completion": null,
        "layout": "elevated",
        "source": "osm",
        "last_verified": "2026-10-05"
      }
    },
    {
      "type": "Feature",
      "geometry": {
        "type": "Point",
        "coordinates": [
          77.207586,
          28.573652
        ]
      },
      "properties": {
        "station_id": "del-dilli-haat-ina",
        "name": "Dilli Haat - INA",
        "city_id": "delhi",
        "city": "Delhi",
        "line_ids": [
          "del-yellow",
          "del-pink"
        ],
        "status": "operational",
        "phase": "III",
        "is_interchange": true,
        "opened_on": "2006-11-11",
        "expected_completion": null,
        "layout": "elevated",
        "source": "osm",
        "last_verified": "2026-10-05"
      }
    },
    {
      "type": "Feature",
      "geometry": {
        "type": "Point",
        "coordinates": [
          77.220568,
          28.568566
        ]
      },
      "properties": {
        "station_id": "del-south-extension",
        "name": "South Extension",
        "city_id": "delhi",
        "city": "Delhi",
        "line_ids": [
          "del-pink"
        ],
        "status": "operational",
        "phase": "III",
        "is_interchange": false,
        "opened_on": "2006-11-11",
        "expected_completion": null,
        "layout": "elevated",
        "source": "osm",
        "last_verified": "2026-10-05"
      }
    },
    {
      "type": "Feature",
      "geometry": {
        "type": "Point",
        "coordinates": [
          77.129733,
          28.637179
        ]
      },
      "properties": {
        "station_id": "del-mayapuri",
        "name": "Mayapuri",
        "city_id": "delhi",
        "city": "Delhi",
        "line_ids": [
          "del-pink"
        ],
        "status": "operational",
        "phase": "III",
        "is_interchange": false,
        "opened_on": "2006-11-11",
        "expected_completion": null,
        "layout": "elevated",
        "source": "osm",
        "last_verified": "2026-10-05"
      }
    },
    {
      "type": "Feature",
      "geometry": {
        "type": "Point",
        "coordinates": [
          77.12426,
          28.65119
        ]
      },
      "properties": {
        "station_id": "del-rajouri-garden",
        "name": "Rajouri Garden",
        "city_id": "delhi",
        "city": "Delhi",
        "line_ids": [
          "del-blue",
          "del-pink"
        ],
        "status": "operational",
        "phase": "III",
        "is_interchange": true,
        "opened_on": "2006-11-11",
        "expected_completion": null,
        "layout": "elevated",
        "source": "osm",
        "last_verified": "2026-10-05"
      }
    },
    {
      "type": "Feature",
      "geometry": {
        "type": "Point",
        "coordinates": [
          77.140419,
          28.60862
        ]
      },
      "properties": {
        "station_id": "del-delhi-cantt",
        "name": "Delhi Cantt",
        "city_id": "delhi",
        "city": "Delhi",
        "line_ids": [
          "del-pink"
        ],
        "status": "operational",
        "phase": "III",
        "is_interchange": false,
        "opened_on": "2006-11-11",
        "expected_completion": null,
        "layout": "elevated",
        "source": "osm",
        "last_verified": "2026-10-05"
      }
    },
    {
      "type": "Feature",
      "geometry": {
        "type": "Point",
        "coordinates": [
          77.165432,
          28.701957
        ]
      },
      "properties": {
        "station_id": "del-shalimar-bagh",
        "name": "Shalimar Bagh",
        "city_id": "delhi",
        "city": "Delhi",
        "line_ids": [
          "del-pink"
        ],
        "status": "operational",
        "phase": "III",
        "is_interchange": false,
        "opened_on": "2006-11-11",
        "expected_completion": null,
        "layout": "elevated",
        "source": "osm",
        "last_verified": "2026-10-05"
      }
    },
    {
      "type": "Feature",
      "geometry": {
        "type": "Point",
        "coordinates": [
          77.149609,
          28.685767
        ]
      },
      "properties": {
        "station_id": "del-shakurpur",
        "name": "Shakurpur",
        "city_id": "delhi",
        "city": "Delhi",
        "line_ids": [
          "del-pink"
        ],
        "status": "operational",
        "phase": "III",
        "is_interchange": false,
        "opened_on": "2006-11-11",
        "expected_completion": null,
        "layout": "elevated",
        "source": "osm",
        "last_verified": "2026-10-05"
      }
    },
    {
      "type": "Feature",
      "geometry": {
        "type": "Point",
        "coordinates": [
          77.198079,
          28.575817
        ]
      },
      "properties": {
        "station_id": "del-sarojini-nagar",
        "name": "Sarojini Nagar",
        "city_id": "delhi",
        "city": "Delhi",
        "line_ids": [
          "del-pink"
        ],
        "status": "operational",
        "phase": "III",
        "is_interchange": false,
        "opened_on": "2006-11-11",
        "expected_completion": null,
        "layout": "elevated",
        "source": "osm",
        "last_verified": "2026-10-05"
      }
    },
    {
      "type": "Feature",
      "geometry": {
        "type": "Point",
        "coordinates": [
          77.139198,
          28.672767
        ]
      },
      "properties": {
        "station_id": "del-punjabi-bagh-west",
        "name": "Punjabi Bagh West",
        "city_id": "delhi",
        "city": "Delhi",
        "line_ids": [
          "del-green",
          "del-pink"
        ],
        "status": "operational",
        "phase": "III",
        "is_interchange": true,
        "opened_on": "2006-11-11",
        "expected_completion": null,
        "layout": "elevated",
        "source": "osm",
        "last_verified": "2026-10-05"
      }
    },
    {
      "type": "Feature",
      "geometry": {
        "type": "Point",
        "coordinates": [
          77.136444,
          28.624385
        ]
      },
      "properties": {
        "station_id": "del-naraina-vihar",
        "name": "Naraina Vihar",
        "city_id": "delhi",
        "city": "Delhi",
        "line_ids": [
          "del-pink"
        ],
        "status": "operational",
        "phase": "III",
        "is_interchange": false,
        "opened_on": "2006-11-11",
        "expected_completion": null,
        "layout": "elevated",
        "source": "osm",
        "last_verified": "2026-10-05"
      }
    },
    {
      "type": "Feature",
      "geometry": {
        "type": "Point",
        "coordinates": [
          77.127268,
          28.658074
        ]
      },
      "properties": {
        "station_id": "del-esi-basaidarapur",
        "name": "ESI - Basaidarapur",
        "city_id": "delhi",
        "city": "Delhi",
        "line_ids": [
          "del-pink"
        ],
        "status": "operational",
        "phase": "III",
        "is_interchange": false,
        "opened_on": "2006-11-11",
        "expected_completion": null,
        "layout": "elevated",
        "source": "osm",
        "last_verified": "2026-10-05"
      }
    },
    {
      "type": "Feature",
      "geometry": {
        "type": "Point",
        "coordinates": [
          77.155291,
          28.671605
        ]
      },
      "properties": {
        "station_id": "del-ashok-park-main",
        "name": "Ashok Park Main",
        "city_id": "delhi",
        "city": "Delhi",
        "line_ids": [
          "del-green"
        ],
        "status": "operational",
        "phase": "II",
        "is_interchange": false,
        "opened_on": "2006-11-11",
        "expected_completion": null,
        "layout": "elevated",
        "source": "osm",
        "last_verified": "2026-10-05"
      }
    },
    {
      "type": "Feature",
      "geometry": {
        "type": "Point",
        "coordinates": [
          77.146124,
          28.672995
        ]
      },
      "properties": {
        "station_id": "del-punjabi-bagh",
        "name": "Punjabi Bagh",
        "city_id": "delhi",
        "city": "Delhi",
        "line_ids": [
          "del-green"
        ],
        "status": "operational",
        "phase": "II",
        "is_interchange": false,
        "opened_on": "2006-11-11",
        "expected_completion": null,
        "layout": "elevated",
        "source": "osm",
        "last_verified": "2026-10-05"
      }
    },
    {
      "type": "Feature",
      "geometry": {
        "type": "Point",
        "coordinates": [
          77.130472,
          28.675032
        ]
      },
      "properties": {
        "station_id": "del-shivaji-park",
        "name": "Shivaji Park",
        "city_id": "delhi",
        "city": "Delhi",
        "line_ids": [
          "del-green"
        ],
        "status": "operational",
        "phase": "II",
        "is_interchange": false,
        "opened_on": "2006-11-11",
        "expected_completion": null,
        "layout": "elevated",
        "source": "osm",
        "last_verified": "2026-10-05"
      }
    },
    {
      "type": "Feature",
      "geometry": {
        "type": "Point",
        "coordinates": [
          77.11936,
          28.676475
        ]
      },
      "properties": {
        "station_id": "del-madipur",
        "name": "Madipur",
        "city_id": "delhi",
        "city": "Delhi",
        "line_ids": [
          "del-green"
        ],
        "status": "operational",
        "phase": "II",
        "is_interchange": false,
        "opened_on": "2006-11-11",
        "expected_completion": null,
        "layout": "elevated",
        "source": "osm",
        "last_verified": "2026-10-05"
      }
    },
    {
      "type": "Feature",
      "geometry": {
        "type": "Point",
        "coordinates": [
          77.112282,
          28.677356
        ]
      },
      "properties": {
        "station_id": "del-paschim-vihar-east",
        "name": "Paschim Vihar East",
        "city_id": "delhi",
        "city": "Delhi",
        "line_ids": [
          "del-green"
        ],
        "status": "operational",
        "phase": "II",
        "is_interchange": false,
        "opened_on": "2006-11-11",
        "expected_completion": null,
        "layout": "elevated",
        "source": "osm",
        "last_verified": "2026-10-05"
      }
    },
    {
      "type": "Feature",
      "geometry": {
        "type": "Point",
        "coordinates": [
          77.092679,
          28.679807
        ]
      },
      "properties": {
        "station_id": "del-peera-garhi",
        "name": "Peera Garhi",
        "city_id": "delhi",
        "city": "Delhi",
        "line_ids": [
          "del-green"
        ],
        "status": "operational",
        "phase": "II",
        "is_interchange": false,
        "opened_on": "2006-11-11",
        "expected_completion": null,
        "layout": "elevated",
        "source": "osm",
        "last_verified": "2026-10-05"
      }
    },
    {
      "type": "Feature",
      "geometry": {
        "type": "Point",
        "coordinates": [
          77.080849,
          28.681103
        ]
      },
      "properties": {
        "station_id": "del-udyog-nagar",
        "name": "Udyog Nagar",
        "city_id": "delhi",
        "city": "Delhi",
        "line_ids": [
          "del-green"
        ],
        "status": "operational",
        "phase": "II",
        "is_interchange": false,
        "opened_on": "2006-11-11",
        "expected_completion": null,
        "layout": "elevated",
        "source": "osm",
        "last_verified": "2026-10-05"
      }
    },
    {
      "type": "Feature",
      "geometry": {
        "type": "Point",
        "coordinates": [
          77.074,
          28.681877
        ]
      },
      "properties": {
        "station_id": "del-surajmal-stadium",
        "name": "Surajmal Stadium",
        "city_id": "delhi",
        "city": "Delhi",
        "line_ids": [
          "del-green"
        ],
        "status": "operational",
        "phase": "II",
        "is_interchange": false,
        "opened_on": "2006-11-11",
        "expected_completion": null,
        "layout": "elevated",
        "source": "osm",
        "last_verified": "2026-10-05"
      }
    },
    {
      "type": "Feature",
      "geometry": {
        "type": "Point",
        "coordinates": [
          77.064732,
          28.682401
        ]
      },
      "properties": {
        "station_id": "del-nangloi",
        "name": "Nangloi",
        "city_id": "delhi",
        "city": "Delhi",
        "line_ids": [
          "del-green"
        ],
        "status": "operational",
        "phase": "II",
        "is_interchange": false,
        "opened_on": "2006-11-11",
        "expected_completion": null,
        "layout": "elevated",
        "source": "osm",
        "last_verified": "2026-10-05"
      }
    },
    {
      "type": "Feature",
      "geometry": {
        "type": "Point",
        "coordinates": [
          77.056246,
          28.682201
        ]
      },
      "properties": {
        "station_id": "del-nangloi-railway",
        "name": "Nangloi Railway",
        "city_id": "delhi",
        "city": "Delhi",
        "line_ids": [
          "del-green"
        ],
        "status": "operational",
        "phase": "II",
        "is_interchange": false,
        "opened_on": "2006-11-11",
        "expected_completion": null,
        "layout": "elevated",
        "source": "osm",
        "last_verified": "2026-10-05"
      }
    },
    {
      "type": "Feature",
      "geometry": {
        "type": "Point",
        "coordinates": [
          77.043944,
          28.682309
        ]
      },
      "properties": {
        "station_id": "del-rajdhani-park",
        "name": "Rajdhani Park",
        "city_id": "delhi",
        "city": "Delhi",
        "line_ids": [
          "del-green"
        ],
        "status": "operational",
        "phase": "II",
        "is_interchange": false,
        "opened_on": "2006-11-11",
        "expected_completion": null,
        "layout": "elevated",
        "source": "osm",
        "last_verified": "2026-10-05"
      }
    },
    {
      "type": "Feature",
      "geometry": {
        "type": "Point",
        "coordinates": [
          77.030574,
          28.682434
        ]
      },
      "properties": {
        "station_id": "del-mundka",
        "name": "Mundka",
        "city_id": "delhi",
        "city": "Delhi",
        "line_ids": [
          "del-green"
        ],
        "status": "operational",
        "phase": "II",
        "is_interchange": false,
        "opened_on": "2006-11-11",
        "expected_completion": null,
        "layout": "elevated",
        "source": "osm",
        "last_verified": "2026-10-05"
      }
    },
    {
      "type": "Feature",
      "geometry": {
        "type": "Point",
        "coordinates": [
          77.017149,
          28.68337
        ]
      },
      "properties": {
        "station_id": "del-mundka-industrial-area",
        "name": "Mundka Industrial Area",
        "city_id": "delhi",
        "city": "Delhi",
        "line_ids": [
          "del-green"
        ],
        "status": "operational",
        "phase": "II",
        "is_interchange": false,
        "opened_on": "2006-11-11",
        "expected_completion": null,
        "layout": "elevated",
        "source": "osm",
        "last_verified": "2026-10-05"
      }
    },
    {
      "type": "Feature",
      "geometry": {
        "type": "Point",
        "coordinates": [
          76.996159,
          28.685238
        ]
      },
      "properties": {
        "station_id": "del-ghevra",
        "name": "Ghevra",
        "city_id": "delhi",
        "city": "Delhi",
        "line_ids": [
          "del-green"
        ],
        "status": "operational",
        "phase": "II",
        "is_interchange": false,
        "opened_on": "2006-11-11",
        "expected_completion": null,
        "layout": "elevated",
        "source": "osm",
        "last_verified": "2026-10-05"
      }
    },
    {
      "type": "Feature",
      "geometry": {
        "type": "Point",
        "coordinates": [
          76.977208,
          28.686885
        ]
      },
      "properties": {
        "station_id": "del-tikri-kalan",
        "name": "Tikri Kalan",
        "city_id": "delhi",
        "city": "Delhi",
        "line_ids": [
          "del-green"
        ],
        "status": "operational",
        "phase": "II",
        "is_interchange": false,
        "opened_on": "2006-11-11",
        "expected_completion": null,
        "layout": "elevated",
        "source": "osm",
        "last_verified": "2026-10-05"
      }
    },
    {
      "type": "Feature",
      "geometry": {
        "type": "Point",
        "coordinates": [
          76.964083,
          28.688025
        ]
      },
      "properties": {
        "station_id": "del-tikri-border",
        "name": "Tikri Border",
        "city_id": "delhi",
        "city": "Delhi",
        "line_ids": [
          "del-green"
        ],
        "status": "operational",
        "phase": "II",
        "is_interchange": false,
        "opened_on": "2006-11-11",
        "expected_completion": null,
        "layout": "elevated",
        "source": "osm",
        "last_verified": "2026-10-05"
      }
    },
    {
      "type": "Feature",
      "geometry": {
        "type": "Point",
        "coordinates": [
          76.951199,
          28.689281
        ]
      },
      "properties": {
        "station_id": "del-pandit-shree-ram-sharma",
        "name": "Pandit Shree Ram Sharma",
        "city_id": "delhi",
        "city": "Delhi",
        "line_ids": [
          "del-green"
        ],
        "status": "operational",
        "phase": "II",
        "is_interchange": false,
        "opened_on": "2006-11-11",
        "expected_completion": null,
        "layout": "elevated",
        "source": "osm",
        "last_verified": "2026-10-05"
      }
    },
    {
      "type": "Feature",
      "geometry": {
        "type": "Point",
        "coordinates": [
          76.935481,
          28.690778
        ]
      },
      "properties": {
        "station_id": "del-bahadurgarh-city",
        "name": "Bahadurgarh City",
        "city_id": "delhi",
        "city": "Delhi",
        "line_ids": [
          "del-green"
        ],
        "status": "operational",
        "phase": "II",
        "is_interchange": false,
        "opened_on": "2006-11-11",
        "expected_completion": null,
        "layout": "elevated",
        "source": "osm",
        "last_verified": "2026-10-05"
      }
    },
    {
      "type": "Feature",
      "geometry": {
        "type": "Point",
        "coordinates": [
          76.919203,
          28.69746
        ]
      },
      "properties": {
        "station_id": "del-brigadier-hoshiyar-singh",
        "name": "Brigadier Hoshiyar Singh",
        "city_id": "delhi",
        "city": "Delhi",
        "line_ids": [
          "del-green"
        ],
        "status": "operational",
        "phase": "II",
        "is_interchange": false,
        "opened_on": "2006-11-11",
        "expected_completion": null,
        "layout": "elevated",
        "source": "osm",
        "last_verified": "2026-10-05"
      }
    },
    {
      "type": "Feature",
      "geometry": {
        "type": "Point",
        "coordinates": [
          77.194555,
          28.547012
        ]
      },
      "properties": {
        "station_id": "del-iit-delhi",
        "name": "IIT Delhi",
        "city_id": "delhi",
        "city": "Delhi",
        "line_ids": [
          "del-magenta"
        ],
        "status": "operational",
        "phase": "III",
        "is_interchange": false,
        "opened_on": "2006-11-11",
        "expected_completion": null,
        "layout": "underground",
        "source": "osm",
        "last_verified": "2026-10-05"
      }
    },
    {
      "type": "Feature",
      "geometry": {
        "type": "Point",
        "coordinates": [
          77.268013,
          28.623312
        ]
      },
      "properties": {
        "station_id": "del-yamuna-bank",
        "name": "Yamuna Bank",
        "city_id": "delhi",
        "city": "Delhi",
        "line_ids": [
          "del-blue"
        ],
        "status": "operational",
        "phase": "II",
        "is_interchange": true,
        "opened_on": "2006-11-11",
        "expected_completion": null,
        "layout": "elevated",
        "source": "osm",
        "last_verified": "2026-10-05"
      }
    },
    {
      "type": "Feature",
      "geometry": {
        "type": "Point",
        "coordinates": [
          77.301508,
          28.589088
        ]
      },
      "properties": {
        "station_id": "del-new-ashok-nagar",
        "name": "New Ashok Nagar",
        "city_id": "delhi",
        "city": "Delhi",
        "line_ids": [
          "del-blue"
        ],
        "status": "operational",
        "phase": "I",
        "is_interchange": false,
        "opened_on": "2006-11-11",
        "expected_completion": null,
        "layout": "elevated",
        "source": "osm",
        "last_verified": "2026-10-05"
      }
    },
    {
      "type": "Feature",
      "geometry": {
        "type": "Point",
        "coordinates": [
          77.346325,
          28.567376
        ]
      },
      "properties": {
        "station_id": "del-noida-golf-course",
        "name": "Noida Golf Course",
        "city_id": "delhi",
        "city": "Delhi",
        "line_ids": [
          "del-blue"
        ],
        "status": "operational",
        "phase": "I",
        "is_interchange": false,
        "opened_on": "2006-11-11",
        "expected_completion": null,
        "layout": "elevated",
        "source": "osm",
        "last_verified": "2026-10-05"
      }
    },
    {
      "type": "Feature",
      "geometry": {
        "type": "Point",
        "coordinates": [
          77.326076,
          28.570758
        ]
      },
      "properties": {
        "station_id": "del-noida-sector-18",
        "name": "Noida Sector 18",
        "city_id": "delhi",
        "city": "Delhi",
        "line_ids": [
          "del-blue"
        ],
        "status": "operational",
        "phase": "I",
        "is_interchange": false,
        "opened_on": "2006-11-11",
        "expected_completion": null,
        "layout": "elevated",
        "source": "osm",
        "last_verified": "2026-10-05"
      }
    },
    {
      "type": "Feature",
      "geometry": {
        "type": "Point",
        "coordinates": [
          77.317778,
          28.578081
        ]
      },
      "properties": {
        "station_id": "del-noida-sector-16",
        "name": "Noida Sector 16",
        "city_id": "delhi",
        "city": "Delhi",
        "line_ids": [
          "del-blue"
        ],
        "status": "operational",
        "phase": "I",
        "is_interchange": false,
        "opened_on": "2006-11-11",
        "expected_completion": null,
        "layout": "elevated",
        "source": "osm",
        "last_verified": "2026-10-05"
      }
    },
    {
      "type": "Feature",
      "geometry": {
        "type": "Point",
        "coordinates": [
          77.311612,
          28.584884
        ]
      },
      "properties": {
        "station_id": "del-noida-sector-15",
        "name": "Noida Sector 15",
        "city_id": "delhi",
        "city": "Delhi",
        "line_ids": [
          "del-blue"
        ],
        "status": "operational",
        "phase": "I",
        "is_interchange": false,
        "opened_on": "2006-11-11",
        "expected_completion": null,
        "layout": "elevated",
        "source": "osm",
        "last_verified": "2026-10-05"
      }
    },
    {
      "type": "Feature",
      "geometry": {
        "type": "Point",
        "coordinates": [
          77.040732,
          28.592236
        ]
      },
      "properties": {
        "station_id": "del-dwarka-sector-12",
        "name": "Dwarka Sector 12",
        "city_id": "delhi",
        "city": "Delhi",
        "line_ids": [
          "del-blue"
        ],
        "status": "operational",
        "phase": "I",
        "is_interchange": false,
        "opened_on": "2006-11-11",
        "expected_completion": null,
        "layout": "elevated",
        "source": "osm",
        "last_verified": "2026-10-05"
      }
    },
    {
      "type": "Feature",
      "geometry": {
        "type": "Point",
        "coordinates": [
          77.199917,
          28.644319
        ]
      },
      "properties": {
        "station_id": "del-jhandewalan",
        "name": "Jhandewalan",
        "city_id": "delhi",
        "city": "Delhi",
        "line_ids": [
          "del-blue"
        ],
        "status": "operational",
        "phase": "I",
        "is_interchange": false,
        "opened_on": "2006-11-11",
        "expected_completion": null,
        "layout": "elevated",
        "source": "osm",
        "last_verified": "2026-10-05"
      }
    },
    {
      "type": "Feature",
      "geometry": {
        "type": "Point",
        "coordinates": [
          77.219312,
          28.632706
        ]
      },
      "properties": {
        "station_id": "del-rajiv-chowk",
        "name": "Rajiv Chowk",
        "city_id": "delhi",
        "city": "Delhi",
        "line_ids": [
          "del-yellow",
          "del-blue"
        ],
        "status": "operational",
        "phase": "I",
        "is_interchange": true,
        "opened_on": "2006-11-11",
        "expected_completion": null,
        "layout": "elevated",
        "source": "osm",
        "last_verified": "2026-10-05"
      }
    },
    {
      "type": "Feature",
      "geometry": {
        "type": "Point",
        "coordinates": [
          77.225005,
          28.629768
        ]
      },
      "properties": {
        "station_id": "del-barakhambha-road",
        "name": "Barakhambha Road",
        "city_id": "delhi",
        "city": "Delhi",
        "line_ids": [
          "del-blue"
        ],
        "status": "operational",
        "phase": "I",
        "is_interchange": false,
        "opened_on": "2006-11-11",
        "expected_completion": null,
        "layout": "elevated",
        "source": "osm",
        "last_verified": "2026-10-05"
      }
    },
    {
      "type": "Feature",
      "geometry": {
        "type": "Point",
        "coordinates": [
          77.234197,
          28.625612
        ]
      },
      "properties": {
        "station_id": "del-mandi-house",
        "name": "Mandi House",
        "city_id": "delhi",
        "city": "Delhi",
        "line_ids": [
          "del-blue",
          "del-violet"
        ],
        "status": "operational",
        "phase": "I",
        "is_interchange": true,
        "opened_on": "2006-11-11",
        "expected_completion": null,
        "layout": "elevated",
        "source": "osm",
        "last_verified": "2026-10-05"
      }
    },
    {
      "type": "Feature",
      "geometry": {
        "type": "Point",
        "coordinates": [
          77.242528,
          28.623475
        ]
      },
      "properties": {
        "station_id": "del-supreme-court",
        "name": "Supreme Court",
        "city_id": "delhi",
        "city": "Delhi",
        "line_ids": [
          "del-blue"
        ],
        "status": "operational",
        "phase": "I",
        "is_interchange": false,
        "opened_on": "2006-11-11",
        "expected_completion": null,
        "layout": "elevated",
        "source": "osm",
        "last_verified": "2026-10-05"
      }
    },
    {
      "type": "Feature",
      "geometry": {
        "type": "Point",
        "coordinates": [
          77.0575,
          28.581058
        ]
      },
      "properties": {
        "station_id": "del-dwarka-sector-10",
        "name": "Dwarka Sector 10",
        "city_id": "delhi",
        "city": "Delhi",
        "line_ids": [
          "del-blue"
        ],
        "status": "operational",
        "phase": "I",
        "is_interchange": false,
        "opened_on": "2006-11-11",
        "expected_completion": null,
        "layout": "elevated",
        "source": "osm",
        "last_verified": "2026-10-05"
      }
    },
    {
      "type": "Feature",
      "geometry": {
        "type": "Point",
        "coordinates": [
          77.065332,
          28.574272
        ]
      },
      "properties": {
        "station_id": "del-dwarka-sector-9",
        "name": "Dwarka Sector 9",
        "city_id": "delhi",
        "city": "Delhi",
        "line_ids": [
          "del-blue"
        ],
        "status": "operational",
        "phase": "I",
        "is_interchange": false,
        "opened_on": "2006-11-11",
        "expected_completion": null,
        "layout": "elevated",
        "source": "osm",
        "last_verified": "2026-10-05"
      }
    },
    {
      "type": "Feature",
      "geometry": {
        "type": "Point",
        "coordinates": [
          77.067037,
          28.565611
        ]
      },
      "properties": {
        "station_id": "del-dwarka-sector-8",
        "name": "Dwarka Sector 8",
        "city_id": "delhi",
        "city": "Delhi",
        "line_ids": [
          "del-blue"
        ],
        "status": "operational",
        "phase": "I",
        "is_interchange": false,
        "opened_on": "2006-11-11",
        "expected_completion": null,
        "layout": "elevated",
        "source": "osm",
        "last_verified": "2026-10-05"
      }
    },
    {
      "type": "Feature",
      "geometry": {
        "type": "Point",
        "coordinates": [
          77.05856,
          28.551922
        ]
      },
      "properties": {
        "station_id": "del-dwarka-sector-21",
        "name": "Dwarka Sector 21",
        "city_id": "delhi",
        "city": "Delhi",
        "line_ids": [
          "del-blue",
          "del-airport"
        ],
        "status": "operational",
        "phase": "I",
        "is_interchange": true,
        "opened_on": "2006-11-11",
        "expected_completion": null,
        "layout": "elevated",
        "source": "osm",
        "last_verified": "2026-10-05"
      }
    },
    {
      "type": "Feature",
      "geometry": {
        "type": "Point",
        "coordinates": [
          77.065286,
          28.624847
        ]
      },
      "properties": {
        "station_id": "del-uttam-nagar-east",
        "name": "Uttam Nagar East",
        "city_id": "delhi",
        "city": "Delhi",
        "line_ids": [
          "del-blue"
        ],
        "status": "operational",
        "phase": "I",
        "is_interchange": false,
        "opened_on": "2006-11-11",
        "expected_completion": null,
        "layout": "elevated",
        "source": "osm",
        "last_verified": "2026-10-05"
      }
    },
    {
      "type": "Feature",
      "geometry": {
        "type": "Point",
        "coordinates": [
          77.055712,
          28.621757
        ]
      },
      "properties": {
        "station_id": "del-uttam-nagar-west",
        "name": "Uttam Nagar West",
        "city_id": "delhi",
        "city": "Delhi",
        "line_ids": [
          "del-blue"
        ],
        "status": "operational",
        "phase": "I",
        "is_interchange": false,
        "opened_on": "2006-11-11",
        "expected_completion": null,
        "layout": "elevated",
        "source": "osm",
        "last_verified": "2026-10-05"
      }
    },
    {
      "type": "Feature",
      "geometry": {
        "type": "Point",
        "coordinates": [
          77.045079,
          28.620276
        ]
      },
      "properties": {
        "station_id": "del-nawada",
        "name": "Nawada",
        "city_id": "delhi",
        "city": "Delhi",
        "line_ids": [
          "del-blue"
        ],
        "status": "operational",
        "phase": "I",
        "is_interchange": false,
        "opened_on": "2006-11-11",
        "expected_completion": null,
        "layout": "elevated",
        "source": "osm",
        "last_verified": "2026-10-05"
      }
    },
    {
      "type": "Feature",
      "geometry": {
        "type": "Point",
        "coordinates": [
          77.033279,
          28.61931
        ]
      },
      "properties": {
        "station_id": "del-dwarka-mor",
        "name": "Dwarka Mor",
        "city_id": "delhi",
        "city": "Delhi",
        "line_ids": [
          "del-blue"
        ],
        "status": "operational",
        "phase": "I",
        "is_interchange": false,
        "opened_on": "2006-11-11",
        "expected_completion": null,
        "layout": "elevated",
        "source": "osm",
        "last_verified": "2026-10-05"
      }
    },
    {
      "type": "Feature",
      "geometry": {
        "type": "Point",
        "coordinates": [
          77.022434,
          28.615887
        ]
      },
      "properties": {
        "station_id": "del-dwarka-kakrola",
        "name": "Dwarka - Kakrola",
        "city_id": "delhi",
        "city": "Delhi",
        "line_ids": [
          "del-blue",
          "del-grey"
        ],
        "status": "operational",
        "phase": "III",
        "is_interchange": true,
        "opened_on": "2006-11-11",
        "expected_completion": null,
        "layout": "elevated",
        "source": "osm",
        "last_verified": "2026-10-05"
      }
    },
    {
      "type": "Feature",
      "geometry": {
        "type": "Point",
        "coordinates": [
          77.025976,
          28.602222
        ]
      },
      "properties": {
        "station_id": "del-dwarka-sector-14",
        "name": "Dwarka Sector 14",
        "city_id": "delhi",
        "city": "Delhi",
        "line_ids": [
          "del-blue"
        ],
        "status": "operational",
        "phase": "I",
        "is_interchange": false,
        "opened_on": "2006-11-11",
        "expected_completion": null,
        "layout": "elevated",
        "source": "osm",
        "last_verified": "2026-10-05"
      }
    },
    {
      "type": "Feature",
      "geometry": {
        "type": "Point",
        "coordinates": [
          77.033541,
          28.597009
        ]
      },
      "properties": {
        "station_id": "del-dwarka-sector-13",
        "name": "Dwarka Sector 13",
        "city_id": "delhi",
        "city": "Delhi",
        "line_ids": [
          "del-blue"
        ],
        "status": "operational",
        "phase": "I",
        "is_interchange": false,
        "opened_on": "2006-11-11",
        "expected_completion": null,
        "layout": "elevated",
        "source": "osm",
        "last_verified": "2026-10-05"
      }
    },
    {
      "type": "Feature",
      "geometry": {
        "type": "Point",
        "coordinates": [
          77.170422,
          28.71658
        ]
      },
      "properties": {
        "station_id": "del-adarsh-nagar",
        "name": "Adarsh Nagar",
        "city_id": "delhi",
        "city": "Delhi",
        "line_ids": [
          "del-yellow"
        ],
        "status": "operational",
        "phase": "I",
        "is_interchange": false,
        "opened_on": "2006-11-11",
        "expected_completion": null,
        "layout": "elevated",
        "source": "osm",
        "last_verified": "2026-10-05"
      }
    },
    {
      "type": "Feature",
      "geometry": {
        "type": "Point",
        "coordinates": [
          77.162658,
          28.725972
        ]
      },
      "properties": {
        "station_id": "del-jahangirpuri",
        "name": "Jahangirpuri",
        "city_id": "delhi",
        "city": "Delhi",
        "line_ids": [
          "del-yellow"
        ],
        "status": "operational",
        "phase": "I",
        "is_interchange": false,
        "opened_on": "2006-11-11",
        "expected_completion": null,
        "layout": "elevated",
        "source": "osm",
        "last_verified": "2026-10-05"
      }
    },
    {
      "type": "Feature",
      "geometry": {
        "type": "Point",
        "coordinates": [
          77.086757,
          28.633021
        ]
      },
      "properties": {
        "station_id": "del-janakpuri-east",
        "name": "Janakpuri East",
        "city_id": "delhi",
        "city": "Delhi",
        "line_ids": [
          "del-blue"
        ],
        "status": "operational",
        "phase": "I",
        "is_interchange": false,
        "opened_on": "2006-11-11",
        "expected_completion": null,
        "layout": "elevated",
        "source": "osm",
        "last_verified": "2026-10-05"
      }
    },
    {
      "type": "Feature",
      "geometry": {
        "type": "Point",
        "coordinates": [
          77.096496,
          28.636548
        ]
      },
      "properties": {
        "station_id": "del-tilak-nagar",
        "name": "Tilak Nagar",
        "city_id": "delhi",
        "city": "Delhi",
        "line_ids": [
          "del-blue"
        ],
        "status": "operational",
        "phase": "I",
        "is_interchange": false,
        "opened_on": "2006-11-11",
        "expected_completion": null,
        "layout": "elevated",
        "source": "osm",
        "last_verified": "2026-10-05"
      }
    },
    {
      "type": "Feature",
      "geometry": {
        "type": "Point",
        "coordinates": [
          77.105182,
          28.640459
        ]
      },
      "properties": {
        "station_id": "del-subhash-nagar",
        "name": "Subhash Nagar",
        "city_id": "delhi",
        "city": "Delhi",
        "line_ids": [
          "del-blue"
        ],
        "status": "operational",
        "phase": "I",
        "is_interchange": false,
        "opened_on": "2006-11-11",
        "expected_completion": null,
        "layout": "elevated",
        "source": "osm",
        "last_verified": "2026-10-05"
      }
    },
    {
      "type": "Feature",
      "geometry": {
        "type": "Point",
        "coordinates": [
          77.11282,
          28.643726
        ]
      },
      "properties": {
        "station_id": "del-tagore-garden",
        "name": "Tagore Garden",
        "city_id": "delhi",
        "city": "Delhi",
        "line_ids": [
          "del-blue"
        ],
        "status": "operational",
        "phase": "I",
        "is_interchange": false,
        "opened_on": "2006-11-11",
        "expected_completion": null,
        "layout": "elevated",
        "source": "osm",
        "last_verified": "2026-10-05"
      }
    },
    {
      "type": "Feature",
      "geometry": {
        "type": "Point",
        "coordinates": [
          77.102268,
          28.482021
        ]
      },
      "properties": {
        "station_id": "del-guru-dronacharya",
        "name": "Guru Dronacharya",
        "city_id": "delhi",
        "city": "Delhi",
        "line_ids": [
          "del-yellow"
        ],
        "status": "operational",
        "phase": "I",
        "is_interchange": false,
        "opened_on": "2006-11-11",
        "expected_completion": null,
        "layout": "elevated",
        "source": "osm",
        "last_verified": "2026-10-05"
      }
    },
    {
      "type": "Feature",
      "geometry": {
        "type": "Point",
        "coordinates": [
          77.193991,
          28.702714
        ]
      },
      "properties": {
        "station_id": "del-model-town",
        "name": "Model Town",
        "city_id": "delhi",
        "city": "Delhi",
        "line_ids": [
          "del-yellow"
        ],
        "status": "operational",
        "phase": "I",
        "is_interchange": false,
        "opened_on": "2006-11-11",
        "expected_completion": null,
        "layout": "elevated",
        "source": "osm",
        "last_verified": "2026-10-05"
      }
    },
    {
      "type": "Feature",
      "geometry": {
        "type": "Point",
        "coordinates": [
          77.079893,
          28.479554
        ]
      },
      "properties": {
        "station_id": "del-m-g-road",
        "name": "M G Road",
        "city_id": "delhi",
        "city": "Delhi",
        "line_ids": [
          "del-yellow"
        ],
        "status": "operational",
        "phase": "I",
        "is_interchange": false,
        "opened_on": "2006-11-11",
        "expected_completion": null,
        "layout": "elevated",
        "source": "osm",
        "last_verified": "2026-10-05"
      }
    },
    {
      "type": "Feature",
      "geometry": {
        "type": "Point",
        "coordinates": [
          77.072422,
          28.472328
        ]
      },
      "properties": {
        "station_id": "del-iffco-chowk",
        "name": "IFFCO Chowk",
        "city_id": "delhi",
        "city": "Delhi",
        "line_ids": [
          "del-yellow"
        ],
        "status": "operational",
        "phase": "I",
        "is_interchange": false,
        "opened_on": "2006-11-11",
        "expected_completion": null,
        "layout": "elevated",
        "source": "osm",
        "last_verified": "2026-10-05"
      }
    },
    {
      "type": "Feature",
      "geometry": {
        "type": "Point",
        "coordinates": [
          77.207806,
          28.56686
        ]
      },
      "properties": {
        "station_id": "del-aiims",
        "name": "A.I.I.M.S.",
        "city_id": "delhi",
        "city": "Delhi",
        "line_ids": [
          "del-yellow"
        ],
        "status": "operational",
        "phase": "I",
        "is_interchange": false,
        "opened_on": "2006-11-11",
        "expected_completion": null,
        "layout": "elevated",
        "source": "osm",
        "last_verified": "2026-10-05"
      }
    },
    {
      "type": "Feature",
      "geometry": {
        "type": "Point",
        "coordinates": [
          77.206793,
          28.558007
        ]
      },
      "properties": {
        "station_id": "del-green-park",
        "name": "Green Park",
        "city_id": "delhi",
        "city": "Delhi",
        "line_ids": [
          "del-yellow"
        ],
        "status": "operational",
        "phase": "I",
        "is_interchange": false,
        "opened_on": "2006-11-11",
        "expected_completion": null,
        "layout": "elevated",
        "source": "osm",
        "last_verified": "2026-10-05"
      }
    },
    {
      "type": "Feature",
      "geometry": {
        "type": "Point",
        "coordinates": [
          77.22503,
          28.676851
        ]
      },
      "properties": {
        "station_id": "del-civil-lines",
        "name": "Civil Lines",
        "city_id": "delhi",
        "city": "Delhi",
        "line_ids": [
          "del-yellow"
        ],
        "status": "operational",
        "phase": "I",
        "is_interchange": false,
        "opened_on": "2006-11-11",
        "expected_completion": null,
        "layout": "elevated",
        "source": "osm",
        "last_verified": "2026-10-05"
      }
    },
    {
      "type": "Feature",
      "geometry": {
        "type": "Point",
        "coordinates": [
          77.221727,
          28.686322
        ]
      },
      "properties": {
        "station_id": "del-vidhan-sabha",
        "name": "Vidhan Sabha",
        "city_id": "delhi",
        "city": "Delhi",
        "line_ids": [
          "del-yellow"
        ],
        "status": "operational",
        "phase": "I",
        "is_interchange": false,
        "opened_on": "2006-11-11",
        "expected_completion": null,
        "layout": "elevated",
        "source": "osm",
        "last_verified": "2026-10-05"
      }
    },
    {
      "type": "Feature",
      "geometry": {
        "type": "Point",
        "coordinates": [
          77.214746,
          28.695077
        ]
      },
      "properties": {
        "station_id": "del-vishwa-vidyalaya",
        "name": "Vishwa Vidyalaya",
        "city_id": "delhi",
        "city": "Delhi",
        "line_ids": [
          "del-yellow"
        ],
        "status": "operational",
        "phase": "I",
        "is_interchange": false,
        "opened_on": "2006-11-11",
        "expected_completion": null,
        "layout": "elevated",
        "source": "osm",
        "last_verified": "2026-10-05"
      }
    },
    {
      "type": "Feature",
      "geometry": {
        "type": "Point",
        "coordinates": [
          77.072657,
          28.459343
        ]
      },
      "properties": {
        "station_id": "del-millennium-city-centre-gurugram",
        "name": "Millennium City Centre Gurugram",
        "city_id": "delhi",
        "city": "Delhi",
        "line_ids": [
          "del-yellow"
        ],
        "status": "operational",
        "phase": "I",
        "is_interchange": false,
        "opened_on": "2006-11-11",
        "expected_completion": null,
        "layout": "elevated",
        "source": "osm",
        "last_verified": "2026-10-05"
      }
    },
    {
      "type": "Feature",
      "geometry": {
        "type": "Point",
        "coordinates": [
          77.204824,
          28.529066
        ]
      },
      "properties": {
        "station_id": "del-malviya-nagar",
        "name": "Malviya Nagar",
        "city_id": "delhi",
        "city": "Delhi",
        "line_ids": [
          "del-yellow"
        ],
        "status": "operational",
        "phase": "I",
        "is_interchange": false,
        "opened_on": "2006-11-11",
        "expected_completion": null,
        "layout": "elevated",
        "source": "osm",
        "last_verified": "2026-10-05"
      }
    },
    {
      "type": "Feature",
      "geometry": {
        "type": "Point",
        "coordinates": [
          77.175002,
          28.506724
        ]
      },
      "properties": {
        "station_id": "del-chhatarpur",
        "name": "Chhatarpur",
        "city_id": "delhi",
        "city": "Delhi",
        "line_ids": [
          "del-yellow"
        ],
        "status": "operational",
        "phase": "I",
        "is_interchange": false,
        "opened_on": "2006-11-11",
        "expected_completion": null,
        "layout": "elevated",
        "source": "osm",
        "last_verified": "2026-10-05"
      }
    },
    {
      "type": "Feature",
      "geometry": {
        "type": "Point",
        "coordinates": [
          77.161374,
          28.499123
        ]
      },
      "properties": {
        "station_id": "del-sultanpur",
        "name": "Sultanpur",
        "city_id": "delhi",
        "city": "Delhi",
        "line_ids": [
          "del-yellow"
        ],
        "status": "operational",
        "phase": "I",
        "is_interchange": false,
        "opened_on": "2006-11-11",
        "expected_completion": null,
        "layout": "elevated",
        "source": "osm",
        "last_verified": "2026-10-05"
      }
    },
    {
      "type": "Feature",
      "geometry": {
        "type": "Point",
        "coordinates": [
          77.230338,
          28.658423
        ]
      },
      "properties": {
        "station_id": "del-chandni-chowk",
        "name": "Chandni Chowk",
        "city_id": "delhi",
        "city": "Delhi",
        "line_ids": [
          "del-yellow"
        ],
        "status": "operational",
        "phase": "I",
        "is_interchange": false,
        "opened_on": "2006-11-11",
        "expected_completion": null,
        "layout": "elevated",
        "source": "osm",
        "last_verified": "2026-10-05"
      }
    },
    {
      "type": "Feature",
      "geometry": {
        "type": "Point",
        "coordinates": [
          77.226515,
          28.649265
        ]
      },
      "properties": {
        "station_id": "del-chawri-bazaar",
        "name": "Chawri Bazaar",
        "city_id": "delhi",
        "city": "Delhi",
        "line_ids": [
          "del-yellow"
        ],
        "status": "operational",
        "phase": "I",
        "is_interchange": false,
        "opened_on": "2006-11-11",
        "expected_completion": null,
        "layout": "elevated",
        "source": "osm",
        "last_verified": "2026-10-05"
      }
    },
    {
      "type": "Feature",
      "geometry": {
        "type": "Point",
        "coordinates": [
          77.214031,
          28.622966
        ]
      },
      "properties": {
        "station_id": "del-patel-chowk",
        "name": "Patel Chowk",
        "city_id": "delhi",
        "city": "Delhi",
        "line_ids": [
          "del-yellow"
        ],
        "status": "operational",
        "phase": "I",
        "is_interchange": false,
        "opened_on": "2006-11-11",
        "expected_completion": null,
        "layout": "elevated",
        "source": "osm",
        "last_verified": "2026-10-05"
      }
    },
    {
      "type": "Feature",
      "geometry": {
        "type": "Point",
        "coordinates": [
          77.211796,
          28.609514
        ]
      },
      "properties": {
        "station_id": "del-seva-teerth",
        "name": "Seva Teerth",
        "city_id": "delhi",
        "city": "Delhi",
        "line_ids": [
          "del-yellow"
        ],
        "status": "operational",
        "phase": "I",
        "is_interchange": false,
        "opened_on": "2006-11-11",
        "expected_completion": null,
        "layout": "elevated",
        "source": "osm",
        "last_verified": "2026-10-05"
      }
    },
    {
      "type": "Feature",
      "geometry": {
        "type": "Point",
        "coordinates": [
          77.211097,
          28.597351
        ]
      },
      "properties": {
        "station_id": "del-lok-kalyan-marg",
        "name": "Lok Kalyan Marg",
        "city_id": "delhi",
        "city": "Delhi",
        "line_ids": [
          "del-yellow"
        ],
        "status": "operational",
        "phase": "I",
        "is_interchange": false,
        "opened_on": "2006-11-11",
        "expected_completion": null,
        "layout": "elevated",
        "source": "osm",
        "last_verified": "2026-10-05"
      }
    },
    {
      "type": "Feature",
      "geometry": {
        "type": "Point",
        "coordinates": [
          77.212527,
          28.586509
        ]
      },
      "properties": {
        "station_id": "del-jor-bagh",
        "name": "Jor Bagh",
        "city_id": "delhi",
        "city": "Delhi",
        "line_ids": [
          "del-yellow"
        ],
        "status": "operational",
        "phase": "I",
        "is_interchange": false,
        "opened_on": "2006-11-11",
        "expected_completion": null,
        "layout": "elevated",
        "source": "osm",
        "last_verified": "2026-10-05"
      }
    },
    {
      "type": "Feature",
      "geometry": {
        "type": "Point",
        "coordinates": [
          77.186453,
          28.512951
        ]
      },
      "properties": {
        "station_id": "del-qutab-minar",
        "name": "Qutab Minar",
        "city_id": "delhi",
        "city": "Delhi",
        "line_ids": [
          "del-yellow"
        ],
        "status": "operational",
        "phase": "I",
        "is_interchange": false,
        "opened_on": "2006-11-11",
        "expected_completion": null,
        "layout": "elevated",
        "source": "osm",
        "last_verified": "2026-10-05"
      }
    },
    {
      "type": "Feature",
      "geometry": {
        "type": "Point",
        "coordinates": [
          77.149187,
          28.493751
        ]
      },
      "properties": {
        "station_id": "del-ghitorni",
        "name": "Ghitorni",
        "city_id": "delhi",
        "city": "Delhi",
        "line_ids": [
          "del-yellow"
        ],
        "status": "operational",
        "phase": "I",
        "is_interchange": false,
        "opened_on": "2006-11-11",
        "expected_completion": null,
        "layout": "elevated",
        "source": "osm",
        "last_verified": "2026-10-05"
      }
    },
    {
      "type": "Feature",
      "geometry": {
        "type": "Point",
        "coordinates": [
          77.125762,
          28.480735
        ]
      },
      "properties": {
        "station_id": "del-arjan-garh",
        "name": "Arjan Garh",
        "city_id": "delhi",
        "city": "Delhi",
        "line_ids": [
          "del-yellow"
        ],
        "status": "operational",
        "phase": "I",
        "is_interchange": false,
        "opened_on": "2006-11-11",
        "expected_completion": null,
        "layout": "elevated",
        "source": "osm",
        "last_verified": "2026-10-05"
      }
    },
    {
      "type": "Feature",
      "geometry": {
        "type": "Point",
        "coordinates": [
          77.010437,
          28.6173
        ]
      },
      "properties": {
        "station_id": "del-nangli",
        "name": "Nangli",
        "city_id": "delhi",
        "city": "Delhi",
        "line_ids": [
          "del-grey"
        ],
        "status": "operational",
        "phase": "III",
        "is_interchange": false,
        "opened_on": "2006-11-11",
        "expected_completion": null,
        "layout": "elevated",
        "source": "osm",
        "last_verified": "2026-10-05"
      }
    },
    {
      "type": "Feature",
      "geometry": {
        "type": "Point",
        "coordinates": [
          77.251739,
          28.551417
        ]
      },
      "properties": {
        "station_id": "del-nehru-place",
        "name": "Nehru Place",
        "city_id": "delhi",
        "city": "Delhi",
        "line_ids": [
          "del-violet"
        ],
        "status": "operational",
        "phase": "II",
        "is_interchange": false,
        "opened_on": "2006-11-11",
        "expected_completion": null,
        "layout": "elevated",
        "source": "osm",
        "last_verified": "2026-10-05"
      }
    },
    {
      "type": "Feature",
      "geometry": {
        "type": "Point",
        "coordinates": [
          77.241964,
          28.55533
        ]
      },
      "properties": {
        "station_id": "del-kailash-colony",
        "name": "Kailash Colony",
        "city_id": "delhi",
        "city": "Delhi",
        "line_ids": [
          "del-violet"
        ],
        "status": "operational",
        "phase": "II",
        "is_interchange": false,
        "opened_on": "2006-11-11",
        "expected_completion": null,
        "layout": "elevated",
        "source": "osm",
        "last_verified": "2026-10-05"
      }
    },
    {
      "type": "Feature",
      "geometry": {
        "type": "Point",
        "coordinates": [
          77.236661,
          28.657483
        ]
      },
      "properties": {
        "station_id": "del-lal-quila",
        "name": "Lal Quila",
        "city_id": "delhi",
        "city": "Delhi",
        "line_ids": [
          "del-violet"
        ],
        "status": "operational",
        "phase": "II",
        "is_interchange": false,
        "opened_on": "2006-11-11",
        "expected_completion": null,
        "layout": "elevated",
        "source": "osm",
        "last_verified": "2026-10-05"
      }
    },
    {
      "type": "Feature",
      "geometry": {
        "type": "Point",
        "coordinates": [
          77.229128,
          28.602245
        ]
      },
      "properties": {
        "station_id": "del-khan-market",
        "name": "Khan Market",
        "city_id": "delhi",
        "city": "Delhi",
        "line_ids": [
          "del-violet"
        ],
        "status": "operational",
        "phase": "II",
        "is_interchange": false,
        "opened_on": "2006-11-11",
        "expected_completion": null,
        "layout": "elevated",
        "source": "osm",
        "last_verified": "2026-10-05"
      }
    },
    {
      "type": "Feature",
      "geometry": {
        "type": "Point",
        "coordinates": [
          77.102215,
          28.678602
        ]
      },
      "properties": {
        "station_id": "del-paschim-vihar-west",
        "name": "Paschim Vihar West",
        "city_id": "delhi",
        "city": "Delhi",
        "line_ids": [
          "del-green"
        ],
        "status": "operational",
        "phase": "II",
        "is_interchange": false,
        "opened_on": "2006-11-11",
        "expected_completion": null,
        "layout": "elevated",
        "source": "osm",
        "last_verified": "2026-10-05"
      }
    },
    {
      "type": "Feature",
      "geometry": {
        "type": "Point",
        "coordinates": [
          76.986507,
          28.61245
        ]
      },
      "properties": {
        "station_id": "del-najafgarh",
        "name": "Najafgarh",
        "city_id": "delhi",
        "city": "Delhi",
        "line_ids": [
          "del-grey"
        ],
        "status": "operational",
        "phase": "III",
        "is_interchange": false,
        "opened_on": "2006-11-11",
        "expected_completion": null,
        "layout": "elevated",
        "source": "osm",
        "last_verified": "2026-10-05"
      }
    },
    {
      "type": "Feature",
      "geometry": {
        "type": "Point",
        "coordinates": [
          77.277523,
          28.630597
        ]
      },
      "properties": {
        "station_id": "del-laxmi-nagar",
        "name": "Laxmi Nagar",
        "city_id": "delhi",
        "city": "Delhi",
        "line_ids": [
          "del-blue"
        ],
        "status": "operational",
        "phase": "II",
        "is_interchange": false,
        "opened_on": "2006-11-11",
        "expected_completion": null,
        "layout": "elevated",
        "source": "osm",
        "last_verified": "2026-10-05"
      }
    },
    {
      "type": "Feature",
      "geometry": {
        "type": "Point",
        "coordinates": [
          77.295282,
          28.641418
        ]
      },
      "properties": {
        "station_id": "del-preet-vihar",
        "name": "Preet Vihar",
        "city_id": "delhi",
        "city": "Delhi",
        "line_ids": [
          "del-blue"
        ],
        "status": "operational",
        "phase": "II",
        "is_interchange": false,
        "opened_on": "2006-11-11",
        "expected_completion": null,
        "layout": "elevated",
        "source": "osm",
        "last_verified": "2026-10-05"
      }
    },
    {
      "type": "Feature",
      "geometry": {
        "type": "Point",
        "coordinates": [
          77.310348,
          28.422713
        ]
      },
      "properties": {
        "station_id": "del-badhkal-mor",
        "name": "Badhkal Mor",
        "city_id": "delhi",
        "city": "Delhi",
        "line_ids": [
          "del-violet"
        ],
        "status": "operational",
        "phase": "II",
        "is_interchange": false,
        "opened_on": "2006-11-11",
        "expected_completion": null,
        "layout": "elevated",
        "source": "osm",
        "last_verified": "2026-10-05"
      }
    },
    {
      "type": "Feature",
      "geometry": {
        "type": "Point",
        "coordinates": [
          77.234256,
          28.564404
        ]
      },
      "properties": {
        "station_id": "del-moolchand",
        "name": "Moolchand",
        "city_id": "delhi",
        "city": "Delhi",
        "line_ids": [
          "del-violet"
        ],
        "status": "operational",
        "phase": "II",
        "is_interchange": false,
        "opened_on": "2006-11-11",
        "expected_completion": null,
        "layout": "elevated",
        "source": "osm",
        "last_verified": "2026-10-05"
      }
    },
    {
      "type": "Feature",
      "geometry": {
        "type": "Point",
        "coordinates": [
          77.239315,
          28.583039
        ]
      },
      "properties": {
        "station_id": "del-jangpura",
        "name": "Jangpura",
        "city_id": "delhi",
        "city": "Delhi",
        "line_ids": [
          "del-violet"
        ],
        "status": "operational",
        "phase": "II",
        "is_interchange": false,
        "opened_on": "2006-11-11",
        "expected_completion": null,
        "layout": "elevated",
        "source": "osm",
        "last_verified": "2026-10-05"
      }
    },
    {
      "type": "Feature",
      "geometry": {
        "type": "Point",
        "coordinates": [
          77.233783,
          28.588235
        ]
      },
      "properties": {
        "station_id": "del-jawaharlal-nehru-stadium",
        "name": "Jawaharlal Nehru Stadium",
        "city_id": "delhi",
        "city": "Delhi",
        "line_ids": [
          "del-violet"
        ],
        "status": "operational",
        "phase": "II",
        "is_interchange": false,
        "opened_on": "2006-11-11",
        "expected_completion": null,
        "layout": "elevated",
        "source": "osm",
        "last_verified": "2026-10-05"
      }
    },
    {
      "type": "Feature",
      "geometry": {
        "type": "Point",
        "coordinates": [
          77.219259,
          28.624049
        ]
      },
      "properties": {
        "station_id": "del-janpath",
        "name": "Janpath",
        "city_id": "delhi",
        "city": "Delhi",
        "line_ids": [
          "del-violet"
        ],
        "status": "operational",
        "phase": "II",
        "is_interchange": false,
        "opened_on": "2006-11-11",
        "expected_completion": null,
        "layout": "elevated",
        "source": "osm",
        "last_verified": "2026-10-05"
      }
    },
    {
      "type": "Feature",
      "geometry": {
        "type": "Point",
        "coordinates": [
          77.241044,
          28.628191
        ]
      },
      "properties": {
        "station_id": "del-ito",
        "name": "ITO",
        "city_id": "delhi",
        "city": "Delhi",
        "line_ids": [
          "del-violet"
        ],
        "status": "operational",
        "phase": "II",
        "is_interchange": false,
        "opened_on": "2006-11-11",
        "expected_completion": null,
        "layout": "elevated",
        "source": "osm",
        "last_verified": "2026-10-05"
      }
    },
    {
      "type": "Feature",
      "geometry": {
        "type": "Point",
        "coordinates": [
          77.264276,
          28.544552
        ]
      },
      "properties": {
        "station_id": "del-govind-puri",
        "name": "Govind Puri",
        "city_id": "delhi",
        "city": "Delhi",
        "line_ids": [
          "del-violet"
        ],
        "status": "operational",
        "phase": "II",
        "is_interchange": false,
        "opened_on": "2006-11-11",
        "expected_completion": null,
        "layout": "elevated",
        "source": "osm",
        "last_verified": "2026-10-05"
      }
    },
    {
      "type": "Feature",
      "geometry": {
        "type": "Point",
        "coordinates": [
          77.275041,
          28.542934
        ]
      },
      "properties": {
        "station_id": "del-harkesh-nagar-okhla",
        "name": "Harkesh Nagar Okhla",
        "city_id": "delhi",
        "city": "Delhi",
        "line_ids": [
          "del-violet"
        ],
        "status": "operational",
        "phase": "II",
        "is_interchange": false,
        "opened_on": "2006-11-11",
        "expected_completion": null,
        "layout": "elevated",
        "source": "osm",
        "last_verified": "2026-10-05"
      }
    },
    {
      "type": "Feature",
      "geometry": {
        "type": "Point",
        "coordinates": [
          77.085189,
          28.61572
        ]
      },
      "properties": {
        "station_id": "del-dabri-mor-janakpuri-south",
        "name": "Dabri Mor - Janakpuri South",
        "city_id": "delhi",
        "city": "Delhi",
        "line_ids": [
          "del-magenta"
        ],
        "status": "operational",
        "phase": "III",
        "is_interchange": false,
        "opened_on": "2006-11-11",
        "expected_completion": null,
        "layout": "elevated",
        "source": "osm",
        "last_verified": "2026-10-05"
      }
    },
    {
      "type": "Feature",
      "geometry": {
        "type": "Point",
        "coordinates": [
          77.286815,
          28.636459
        ]
      },
      "properties": {
        "station_id": "del-nirman-vihar",
        "name": "Nirman Vihar",
        "city_id": "delhi",
        "city": "Delhi",
        "line_ids": [
          "del-blue"
        ],
        "status": "operational",
        "phase": "II",
        "is_interchange": false,
        "opened_on": "2006-11-11",
        "expected_completion": null,
        "layout": "elevated",
        "source": "osm",
        "last_verified": "2026-10-05"
      }
    },
    {
      "type": "Feature",
      "geometry": {
        "type": "Point",
        "coordinates": [
          77.339575,
          28.64967
        ]
      },
      "properties": {
        "station_id": "del-vaishali",
        "name": "Vaishali",
        "city_id": "delhi",
        "city": "Delhi",
        "line_ids": [
          "del-blue"
        ],
        "status": "operational",
        "phase": "II",
        "is_interchange": false,
        "opened_on": "2006-11-11",
        "expected_completion": null,
        "layout": "elevated",
        "source": "osm",
        "last_verified": "2026-10-05"
      }
    },
    {
      "type": "Feature",
      "geometry": {
        "type": "Point",
        "coordinates": [
          77.324343,
          28.645286
        ]
      },
      "properties": {
        "station_id": "del-kaushambi",
        "name": "Kaushambi",
        "city_id": "delhi",
        "city": "Delhi",
        "line_ids": [
          "del-blue"
        ],
        "status": "operational",
        "phase": "II",
        "is_interchange": false,
        "opened_on": "2006-11-11",
        "expected_completion": null,
        "layout": "elevated",
        "source": "osm",
        "last_verified": "2026-10-05"
      }
    },
    {
      "type": "Feature",
      "geometry": {
        "type": "Point",
        "coordinates": [
          77.300868,
          28.675385
        ]
      },
      "properties": {
        "station_id": "del-mansarovar-park",
        "name": "Mansarovar Park",
        "city_id": "delhi",
        "city": "Delhi",
        "line_ids": [
          "del-red"
        ],
        "status": "operational",
        "phase": "I",
        "is_interchange": false,
        "opened_on": "2006-11-11",
        "expected_completion": null,
        "layout": "elevated",
        "source": "osm",
        "last_verified": "2026-10-05"
      }
    },
    {
      "type": "Feature",
      "geometry": {
        "type": "Point",
        "coordinates": [
          77.045307,
          28.550832
        ]
      },
      "properties": {
        "station_id": "del-yashobhoomi-dwarka-sector-25",
        "name": "Yashobhoomi Dwarka Sector 25",
        "city_id": "delhi",
        "city": "Delhi",
        "line_ids": [
          "del-airport"
        ],
        "status": "operational",
        "phase": "II",
        "is_interchange": false,
        "opened_on": "2006-11-11",
        "expected_completion": null,
        "layout": "elevated",
        "source": "osm",
        "last_verified": "2026-10-05"
      }
    },
    {
      "type": "Feature",
      "geometry": {
        "type": "Point",
        "coordinates": [
          77.084343,
          28.647792
        ]
      },
      "properties": {
        "station_id": "del-krishna-park-extension",
        "name": "Krishna Park Extension",
        "city_id": "delhi",
        "city": "Delhi",
        "line_ids": [
          "del-magenta"
        ],
        "status": "operational",
        "phase": "III",
        "is_interchange": false,
        "opened_on": "2006-11-11",
        "expected_completion": null,
        "layout": "elevated",
        "source": "osm",
        "last_verified": "2026-10-05"
      }
    },
    {
      "type": "Feature",
      "geometry": {
        "type": "Point",
        "coordinates": [
          77.089257,
          28.49807
        ]
      },
      "properties": {
        "station_id": "del-cyber-city",
        "name": "Cyber City",
        "city_id": "delhi",
        "city": "Delhi",
        "line_ids": [
          "del-yellow"
        ],
        "status": "operational",
        "phase": "I",
        "is_interchange": false,
        "opened_on": "2006-11-11",
        "expected_completion": null,
        "layout": "elevated",
        "source": "osm",
        "last_verified": "2026-10-05"
      }
    },
    {
      "type": "Feature",
      "geometry": {
        "type": "Point",
        "coordinates": [
          77.335246,
          28.551276
        ]
      },
      "properties": {
        "station_id": "del-noida-sector-44",
        "name": "Noida Sector 44",
        "city_id": "delhi",
        "city": "Delhi",
        "line_ids": [
          "del-magenta"
        ],
        "status": "planned",
        "phase": "III",
        "is_interchange": false,
        "opened_on": null,
        "expected_completion": "2028",
        "layout": "elevated",
        "source": "osm",
        "last_verified": "2026-10-05"
      }
    },
    {
      "type": "Feature",
      "geometry": {
        "type": "Point",
        "coordinates": [
          77.337714,
          28.545381
        ]
      },
      "properties": {
        "station_id": "del-noida-office",
        "name": "Noida Office",
        "city_id": "delhi",
        "city": "Delhi",
        "line_ids": [
          "del-magenta"
        ],
        "status": "planned",
        "phase": "III",
        "is_interchange": false,
        "opened_on": null,
        "expected_completion": "2028",
        "layout": "elevated",
        "source": "osm",
        "last_verified": "2026-10-05"
      }
    },
    {
      "type": "Feature",
      "geometry": {
        "type": "Point",
        "coordinates": [
          77.242509,
          28.708718
        ]
      },
      "properties": {
        "station_id": "del-nanaksar-sonia-vihar",
        "name": "Nanaksar - Sonia Vihar",
        "city_id": "delhi",
        "city": "Delhi",
        "line_ids": [
          "del-pink"
        ],
        "status": "operational",
        "phase": "III",
        "is_interchange": false,
        "opened_on": "2006-11-11",
        "expected_completion": null,
        "layout": "elevated",
        "source": "osm",
        "last_verified": "2026-10-05"
      }
    },
    {
      "type": "Feature",
      "geometry": {
        "type": "Point",
        "coordinates": [
          77.213712,
          28.724965
        ]
      },
      "properties": {
        "station_id": "del-jharoda-majra",
        "name": "Jharoda Majra",
        "city_id": "delhi",
        "city": "Delhi",
        "line_ids": [
          "del-pink"
        ],
        "status": "operational",
        "phase": "III",
        "is_interchange": false,
        "opened_on": "2006-11-11",
        "expected_completion": null,
        "layout": "elevated",
        "source": "osm",
        "last_verified": "2026-10-05"
      }
    },
    {
      "type": "Feature",
      "geometry": {
        "type": "Point",
        "coordinates": [
          77.294603,
          28.51958
        ]
      },
      "properties": {
        "station_id": "del-mohan-estate",
        "name": "Mohan Estate",
        "city_id": "delhi",
        "city": "Delhi",
        "line_ids": [
          "del-violet"
        ],
        "status": "operational",
        "phase": "II",
        "is_interchange": false,
        "opened_on": "2006-11-11",
        "expected_completion": null,
        "layout": "elevated",
        "source": "osm",
        "last_verified": "2026-10-05"
      }
    }
  ]
}